Deprecated Feature: Support for Python version 3.10 has been deprecated. Please update to Python 3.11 or above
21:04:02 INFO    yt2ds.stages.download: https://www.youtube.com/watch?v=eISTBEKCqrs&list=PLP_tI_cUzJfQb6CMA3ocTRCk0Gl7p8f6q -> 0 video(s)
Deprecated Feature: Support for Python version 3.10 has been deprecated. Please update to Python 3.11 or above
21:04:24 INFO    yt2ds.stages.download: https://www.youtube.com/playlist?list=PLP_tI_cUzJfQb6CMA3ocTRCk0Gl7p8f6q -> 1130 video(s)
21:04:24 INFO    yt2ds.pipeline: 1130 video(s) to process
Deprecated Feature: Support for Python version 3.10 has been deprecated. Please update to Python 3.11 or above
Deprecated Feature: Support for Python version 3.10 has been deprecated. Please update to Python 3.11 or above
Deprecated Feature: Support for Python version 3.10 has been deprecated. Please update to Python 3.11 or above
Deprecated Feature: Support for Python version 3.10 has been deprecated. Please update to Python 3.11 or above
Deprecated Feature: Support for Python version 3.10 has been deprecated. Please update to Python 3.11 or above
Deprecated Feature: Support for Python version 3.10 has been deprecated. Please update to Python 3.11 or above
Deprecated Feature: Support for Python version 3.10 has been deprecated. Please update to Python 3.11 or above
Deprecated Feature: Support for Python version 3.10 has been deprecated. Please update to Python 3.11 or above
Deprecated Feature: Support for Python version 3.10 has been deprecated. Please update to Python 3.11 or above
21:04:34 INFO    yt2ds.pipeline: [1/1130] eISTBEKCqrs -- اخوي عزمنا على مطعم وجايب حبيبته..😱/ ويهددني انا واختي بالشرطه عشان....💔😭🔥..؟
Deprecated Feature: Support for Python version 3.10 has been deprecated. Please update to Python 3.11 or above
21:04:58 INFO    yt2ds.pipeline: eISTBEKCqrs: 3840.6s of audio, -16.9 LUFS
21:04:58 INFO    yt2ds.pipeline: eISTBEKCqrs: 9386 subtitle words (yt_auto, ar)
21:04:58 INFO    yt2ds.stages.diarize: diarizing eISTBEKCqrs
21:06:42 INFO    yt2ds.stages.diarize: diarizer: 866 turns, 1 speakers, 0 overlap regions
21:06:42 INFO    yt2ds.pipeline: eISTBEKCqrs: 1 speakers, 866 turns
21:06:42 INFO    yt2ds.models: loading model: vad
21:07:15 INFO    yt2ds.stages.vad: eISTBEKCqrs.16k: 525 speech regions, 3679.3s speech of 3840.6s (96%)
21:07:15 INFO    yt2ds.pipeline: eISTBEKCqrs: 631 candidate chunks
21:07:15 INFO    yt2ds.models: loading model: demucs
21:07:19 INFO    yt2ds.models: loading model: ast
Loading weights:   0%|          | 0/203 [00:00<?, ?it/s]Loading weights: 100%|██████████| 203/203 [00:00<00:00, 9470.38it/s]
21:07:24 INFO    yt2ds.models: loading model: squim_objective
21:07:24 INFO    torchaudio.utils.download: The local file (/home/ai2/.cache/torch/hub/torchaudio/models/squim_objective_dns2020.pth) exists. Skipping the download.
21:07:25 INFO    yt2ds.models: loading model: speaker_encoder
21:07:25 INFO    speechbrain.utils.fetching: Fetch hyperparams.yaml: Using symlink found at '/home/ai2/saudi-youtube-data/youtube-to-dataset/.cache/speechbrain/speechbrain_spkrec-ecapa-voxceleb/hyperparams.yaml'
21:07:25 INFO    speechbrain.utils.fetching: Fetch embedding_model.ckpt: Using symlink found at '/home/ai2/saudi-youtube-data/youtube-to-dataset/.cache/speechbrain/speechbrain_spkrec-ecapa-voxceleb/embedding_model.ckpt'
21:07:25 INFO    speechbrain.utils.fetching: Fetch mean_var_norm_emb.ckpt: Using symlink found at '/home/ai2/saudi-youtube-data/youtube-to-dataset/.cache/speechbrain/speechbrain_spkrec-ecapa-voxceleb/mean_var_norm_emb.ckpt'
21:07:25 INFO    speechbrain.utils.fetching: Fetch classifier.ckpt: Using symlink found at '/home/ai2/saudi-youtube-data/youtube-to-dataset/.cache/speechbrain/speechbrain_spkrec-ecapa-voxceleb/classifier.ckpt'
21:07:25 INFO    speechbrain.utils.fetching: Fetch label_encoder.txt: Using symlink found at '/home/ai2/saudi-youtube-data/youtube-to-dataset/.cache/speechbrain/speechbrain_spkrec-ecapa-voxceleb/label_encoder.ckpt'
21:07:25 INFO    speechbrain.utils.parameter_transfer: Loading pretrained files for: embedding_model, mean_var_norm_emb, classifier, label_encoder
21:07:25 INFO    yt2ds.models: loading model: asr
Loading weights:   0%|          | 0/2150 [00:00<?, ?it/s]Loading weights:  37%|███▋      | 788/2150 [00:00<00:00, 7878.94it/s]Loading weights:  73%|███████▎  | 1576/2150 [00:00<00:00, 7323.69it/s]Loading weights: 100%|██████████| 2150/2150 [00:00<00:00, 8512.46it/s]
21:07:40 INFO    yt2ds.models: loading model: squim_subjective
21:07:41 INFO    torchaudio.utils.download: The local file (/home/ai2/.cache/torch/hub/torchaudio/models/squim_subjective_bvcc_daps.pth) exists. Skipping the download.
21:10:48 INFO    yt2ds.models: loading model: aligner
Loading weights:   0%|          | 0/423 [00:00<?, ?it/s]Loading weights: 100%|██████████| 423/423 [00:00<00:00, 9112.34it/s]
/home/ai2/saudi-youtube-data/youtube-to-dataset/src/yt2ds/stages/align.py:223: UserWarning: torchaudio.functional._alignment.forced_align has been deprecated. This deprecation is part of a large refactoring effort to transition TorchAudio into a maintenance phase. Please see https://github.com/pytorch/audio/issues/3902 for more information. It will be removed from the 2.9 release. 
  paths, scores = AF.forced_align(emissions, targets, blank=blank_id)
21:12:02 INFO    yt2ds.pipeline: eISTBEKCqrs: aligned 9386/9386 subtitle words
21:12:11 INFO    yt2ds.pipeline: eISTBEKCqrs: kept 567, rejected 64, 54.0 min of audio in 457s
21:12:11 INFO    yt2ds.pipeline: eISTBEKCqrs: freed 549 MB
21:12:11 INFO    yt2ds.pipeline: [2/1130] QL4814hd6BM -- تطلب مني أتجسس على أهلي... وإلا بتفضحني عند أخوي! 😱🔥
Deprecated Feature: Support for Python version 3.10 has been deprecated. Please update to Python 3.11 or above
Deprecated Feature: Support for Python version 3.10 has been deprecated. Please update to Python 3.11 or above
21:12:24 INFO    yt2ds.pipeline: QL4814hd6BM: 2137.1s of audio, -16.4 LUFS
21:12:24 INFO    yt2ds.pipeline: QL4814hd6BM: 5077 subtitle words (yt_auto, ar)
21:12:24 INFO    yt2ds.stages.diarize: diarizing QL4814hd6BM
21:13:26 INFO    yt2ds.stages.diarize: diarizer: 502 turns, 1 speakers, 0 overlap regions
21:13:26 INFO    yt2ds.pipeline: QL4814hd6BM: 1 speakers, 502 turns
21:13:44 INFO    yt2ds.stages.vad: QL4814hd6BM.16k: 301 speech regions, 2047.3s speech of 2137.1s (96%)
21:13:44 INFO    yt2ds.pipeline: QL4814hd6BM: 364 candidate chunks
21:15:27 INFO    yt2ds.stages.speakers: QL4814hd6BM_SPK1: dropped 2/364 chunks as off-centroid
/home/ai2/saudi-youtube-data/youtube-to-dataset/src/yt2ds/stages/align.py:223: UserWarning: torchaudio.functional._alignment.forced_align has been deprecated. This deprecation is part of a large refactoring effort to transition TorchAudio into a maintenance phase. Please see https://github.com/pytorch/audio/issues/3902 for more information. It will be removed from the 2.9 release. 
  paths, scores = AF.forced_align(emissions, targets, blank=blank_id)
21:15:58 INFO    yt2ds.pipeline: QL4814hd6BM: aligned 5077/5077 subtitle words
21:16:02 INFO    yt2ds.pipeline: QL4814hd6BM: kept 327, rejected 37, 30.0 min of audio in 231s
21:16:02 INFO    yt2ds.pipeline: QL4814hd6BM: freed 305 MB
21:16:02 INFO    yt2ds.pipeline: [3/1130] jY-P_n9LmoM -- انطردت من البيت بنص الليل..والسبب وجبه من مطعم..😱 ؟ماتوقعت توصل لكذا ابدا 🔥💔😩
Deprecated Feature: Support for Python version 3.10 has been deprecated. Please update to Python 3.11 or above
Deprecated Feature: Support for Python version 3.10 has been deprecated. Please update to Python 3.11 or above
21:16:23 INFO    yt2ds.pipeline: jY-P_n9LmoM: 3618.6s of audio, -16.0 LUFS
21:16:23 INFO    yt2ds.pipeline: jY-P_n9LmoM: 8681 subtitle words (yt_auto, ar)
21:16:23 INFO    yt2ds.stages.diarize: diarizing jY-P_n9LmoM
21:18:04 INFO    yt2ds.stages.diarize: diarizer: 802 turns, 1 speakers, 0 overlap regions
21:18:04 INFO    yt2ds.pipeline: jY-P_n9LmoM: 1 speakers, 802 turns
21:18:34 INFO    yt2ds.stages.vad: jY-P_n9LmoM.16k: 406 speech regions, 3492.4s speech of 3618.6s (97%)
21:18:34 INFO    yt2ds.pipeline: jY-P_n9LmoM: 619 candidate chunks
21:21:27 INFO    yt2ds.stages.speakers: jY-P_n9LmoM_SPK1: dropped 2/619 chunks as off-centroid
/home/ai2/saudi-youtube-data/youtube-to-dataset/src/yt2ds/stages/align.py:223: UserWarning: torchaudio.functional._alignment.forced_align has been deprecated. This deprecation is part of a large refactoring effort to transition TorchAudio into a maintenance phase. Please see https://github.com/pytorch/audio/issues/3902 for more information. It will be removed from the 2.9 release. 
  paths, scores = AF.forced_align(emissions, targets, blank=blank_id)
21:22:25 INFO    yt2ds.pipeline: jY-P_n9LmoM: aligned 8681/8681 subtitle words
21:22:34 INFO    yt2ds.pipeline: jY-P_n9LmoM: kept 575, rejected 44, 52.5 min of audio in 391s
21:22:34 INFO    yt2ds.pipeline: jY-P_n9LmoM: freed 517 MB
21:22:34 INFO    yt2ds.pipeline: [4/1130] 67i4K4VQym0 -- سر قديم بعائلتي... حرمني من الزواج سنوات! 😱🔥
Deprecated Feature: Support for Python version 3.10 has been deprecated. Please update to Python 3.11 or above
Deprecated Feature: Support for Python version 3.10 has been deprecated. Please update to Python 3.11 or above
ERROR: unable to download video data: HTTP Error 403: Forbidden
21:22:39 WARNING yt2ds.stages.download: https://www.youtube.com/watch?v=WcQ2ygAkO0s: attempt 1/6 failed (client=default): ERROR: unable to download video data: HTTP Error 403: Forbidden -- retrying in 4s
Deprecated Feature: Support for Python version 3.10 has been deprecated. Please update to Python 3.11 or above
ERROR: [youtube] WcQ2ygAkO0s: Requested format is not available. Use --list-formats for a list of available formats
21:22:46 WARNING yt2ds.stages.download: https://www.youtube.com/watch?v=WcQ2ygAkO0s: attempt 2/6 failed (client=tv_simply): ERROR: [youtube] WcQ2ygAkO0s: Requested format is not available. Use --list-formats for a list of available formats -- retrying in 8s
21:22:47 INFO    yt2ds.pipeline: 67i4K4VQym0: 2129.9s of audio, -17.2 LUFS
21:22:47 INFO    yt2ds.pipeline: 67i4K4VQym0: 5051 subtitle words (yt_auto, ar)
21:22:47 INFO    yt2ds.stages.diarize: diarizing 67i4K4VQym0
Deprecated Feature: Support for Python version 3.10 has been deprecated. Please update to Python 3.11 or above
ERROR: [youtube] WcQ2ygAkO0s: Requested format is not available. Use --list-formats for a list of available formats
21:22:56 WARNING yt2ds.stages.download: https://www.youtube.com/watch?v=WcQ2ygAkO0s: attempt 3/6 failed (client=web_safari): ERROR: [youtube] WcQ2ygAkO0s: Requested format is not available. Use --list-formats for a list of available formats -- retrying in 12s
Deprecated Feature: Support for Python version 3.10 has been deprecated. Please update to Python 3.11 or above
21:23:12 INFO    yt2ds.stages.download: https://www.youtube.com/watch?v=WcQ2ygAkO0s: succeeded on attempt 4 (client=android_vr)
21:23:49 INFO    yt2ds.stages.diarize: diarizer: 584 turns, 1 speakers, 0 overlap regions
21:23:49 INFO    yt2ds.pipeline: 67i4K4VQym0: 1 speakers, 584 turns
21:24:06 INFO    yt2ds.stages.vad: 67i4K4VQym0.16k: 371 speech regions, 1998.4s speech of 2129.9s (94%)
21:24:06 INFO    yt2ds.pipeline: 67i4K4VQym0: 403 candidate chunks
/home/ai2/saudi-youtube-data/youtube-to-dataset/src/yt2ds/stages/align.py:223: UserWarning: torchaudio.functional._alignment.forced_align has been deprecated. This deprecation is part of a large refactoring effort to transition TorchAudio into a maintenance phase. Please see https://github.com/pytorch/audio/issues/3902 for more information. It will be removed from the 2.9 release. 
  paths, scores = AF.forced_align(emissions, targets, blank=blank_id)
21:26:17 INFO    yt2ds.pipeline: 67i4K4VQym0: aligned 5051/5051 subtitle words
21:26:22 INFO    yt2ds.pipeline: 67i4K4VQym0: kept 374, rejected 29, 29.4 min of audio in 229s
21:26:23 INFO    yt2ds.pipeline: 67i4K4VQym0: freed 304 MB
21:26:23 INFO    yt2ds.pipeline: [5/1130] _0ksEgF3Hvo -- كنت أكره أبوي بعد طلاقه من أمي... واللي اكتشفته بعد 20 سنة بكاني! 😭💔
Deprecated Feature: Support for Python version 3.10 has been deprecated. Please update to Python 3.11 or above
Deprecated Feature: Support for Python version 3.10 has been deprecated. Please update to Python 3.11 or above
21:26:31 INFO    yt2ds.pipeline: _0ksEgF3Hvo: 1320.2s of audio, -17.1 LUFS
21:26:31 INFO    yt2ds.pipeline: _0ksEgF3Hvo: 3061 subtitle words (yt_auto, ar)
21:26:31 INFO    yt2ds.stages.diarize: diarizing _0ksEgF3Hvo
21:27:12 INFO    yt2ds.stages.diarize: diarizer: 350 turns, 1 speakers, 0 overlap regions
21:27:12 INFO    yt2ds.pipeline: _0ksEgF3Hvo: 1 speakers, 350 turns
21:27:23 INFO    yt2ds.stages.vad: _0ksEgF3Hvo.16k: 182 speech regions, 1254.9s speech of 1320.2s (95%)
21:27:23 INFO    yt2ds.pipeline: _0ksEgF3Hvo: 235 candidate chunks
/home/ai2/saudi-youtube-data/youtube-to-dataset/src/yt2ds/stages/align.py:223: UserWarning: torchaudio.functional._alignment.forced_align has been deprecated. This deprecation is part of a large refactoring effort to transition TorchAudio into a maintenance phase. Please see https://github.com/pytorch/audio/issues/3902 for more information. It will be removed from the 2.9 release. 
  paths, scores = AF.forced_align(emissions, targets, blank=blank_id)
21:28:46 INFO    yt2ds.pipeline: _0ksEgF3Hvo: aligned 3061/3061 subtitle words
21:28:49 INFO    yt2ds.pipeline: _0ksEgF3Hvo: kept 213, rejected 22, 17.6 min of audio in 146s
21:28:49 INFO    yt2ds.pipeline: _0ksEgF3Hvo: freed 189 MB
21:28:49 INFO    yt2ds.pipeline: [6/1130] ple4ye2wETA -- بنت عمتي توظفت عند زوجي..😱../واللي عرفته من اهل زوجي قلب كل شيء..😭💔🔥
Deprecated Feature: Support for Python version 3.10 has been deprecated. Please update to Python 3.11 or above
Deprecated Feature: Support for Python version 3.10 has been deprecated. Please update to Python 3.11 or above
21:29:00 INFO    yt2ds.pipeline: ple4ye2wETA: 1806.1s of audio, -16.9 LUFS
21:29:00 INFO    yt2ds.pipeline: ple4ye2wETA: 4238 subtitle words (yt_auto, ar)
21:29:00 INFO    yt2ds.stages.diarize: diarizing ple4ye2wETA
21:29:54 INFO    yt2ds.stages.diarize: diarizer: 432 turns, 1 speakers, 0 overlap regions
21:29:54 INFO    yt2ds.pipeline: ple4ye2wETA: 1 speakers, 432 turns
21:30:09 INFO    yt2ds.stages.vad: ple4ye2wETA.16k: 238 speech regions, 1723.5s speech of 1806.1s (95%)
21:30:09 INFO    yt2ds.pipeline: ple4ye2wETA: 319 candidate chunks
/home/ai2/saudi-youtube-data/youtube-to-dataset/src/yt2ds/stages/align.py:223: UserWarning: torchaudio.functional._alignment.forced_align has been deprecated. This deprecation is part of a large refactoring effort to transition TorchAudio into a maintenance phase. Please see https://github.com/pytorch/audio/issues/3902 for more information. It will be removed from the 2.9 release. 
  paths, scores = AF.forced_align(emissions, targets, blank=blank_id)
21:31:57 INFO    yt2ds.pipeline: ple4ye2wETA: aligned 4238/4238 subtitle words
21:32:01 INFO    yt2ds.pipeline: ple4ye2wETA: kept 293, rejected 26, 25.2 min of audio in 192s
21:32:01 INFO    yt2ds.pipeline: ple4ye2wETA: freed 258 MB
21:32:01 INFO    yt2ds.pipeline: [7/1130] Jh6ZdvtRBOg -- أبوي طردنا من بيته والسبب.😱؟.. ورحنا عند زوج أمي، وانصدمنا من اللي صار! 🔥💔
Deprecated Feature: Support for Python version 3.10 has been deprecated. Please update to Python 3.11 or above
Deprecated Feature: Support for Python version 3.10 has been deprecated. Please update to Python 3.11 or above
21:32:15 INFO    yt2ds.pipeline: Jh6ZdvtRBOg: 2160.7s of audio, -17.0 LUFS
21:32:15 INFO    yt2ds.pipeline: Jh6ZdvtRBOg: 4929 subtitle words (yt_auto, ar)
21:32:15 INFO    yt2ds.stages.diarize: diarizing Jh6ZdvtRBOg
21:33:18 INFO    yt2ds.stages.diarize: diarizer: 557 turns, 3 speakers, 1 overlap regions
21:33:18 INFO    yt2ds.pipeline: Jh6ZdvtRBOg: 3 speakers, 557 turns
21:33:18 INFO    yt2ds.stages.diarize: collapsing 3 speakers to 2 (100% of speech)
21:33:35 INFO    yt2ds.stages.vad: Jh6ZdvtRBOg.16k: 327 speech regions, 2048.3s speech of 2160.7s (95%)
21:33:35 INFO    yt2ds.stages.segment: overlap removal dropped 0.1s of speech
21:33:35 INFO    yt2ds.pipeline: Jh6ZdvtRBOg: 383 candidate chunks
/home/ai2/saudi-youtube-data/youtube-to-dataset/src/yt2ds/stages/align.py:223: UserWarning: torchaudio.functional._alignment.forced_align has been deprecated. This deprecation is part of a large refactoring effort to transition TorchAudio into a maintenance phase. Please see https://github.com/pytorch/audio/issues/3902 for more information. It will be removed from the 2.9 release. 
  paths, scores = AF.forced_align(emissions, targets, blank=blank_id)
21:35:48 INFO    yt2ds.pipeline: Jh6ZdvtRBOg: aligned 4929/4929 subtitle words
21:35:53 INFO    yt2ds.pipeline: Jh6ZdvtRBOg: kept 342, rejected 41, 29.1 min of audio in 231s
21:35:53 INFO    yt2ds.pipeline: Jh6ZdvtRBOg: freed 309 MB
21:35:53 INFO    yt2ds.pipeline: [8/1130] WcQ2ygAkO0s -- قرار واحد خسرت فيه زوجتي وبيتي /... والسبب أختي! 😭💔🔥
Deprecated Feature: Support for Python version 3.10 has been deprecated. Please update to Python 3.11 or above
Deprecated Feature: Support for Python version 3.10 has been deprecated. Please update to Python 3.11 or above
21:36:08 INFO    yt2ds.pipeline: WcQ2ygAkO0s: 2413.6s of audio, -17.2 LUFS
21:36:08 INFO    yt2ds.pipeline: WcQ2ygAkO0s: 5822 subtitle words (yt_auto, ar)
21:36:08 INFO    yt2ds.stages.diarize: diarizing WcQ2ygAkO0s
21:37:17 INFO    yt2ds.stages.diarize: diarizer: 631 turns, 1 speakers, 0 overlap regions
21:37:17 INFO    yt2ds.pipeline: WcQ2ygAkO0s: 1 speakers, 631 turns
21:37:36 INFO    yt2ds.stages.vad: WcQ2ygAkO0s.16k: 399 speech regions, 2274.3s speech of 2413.6s (94%)
21:37:37 INFO    yt2ds.pipeline: WcQ2ygAkO0s: 445 candidate chunks
21:39:35 INFO    yt2ds.stages.speakers: WcQ2ygAkO0s_SPK1: dropped 1/445 chunks as off-centroid
/home/ai2/saudi-youtube-data/youtube-to-dataset/src/yt2ds/stages/align.py:223: UserWarning: torchaudio.functional._alignment.forced_align has been deprecated. This deprecation is part of a large refactoring effort to transition TorchAudio into a maintenance phase. Please see https://github.com/pytorch/audio/issues/3902 for more information. It will be removed from the 2.9 release. 
  paths, scores = AF.forced_align(emissions, targets, blank=blank_id)
21:40:10 INFO    yt2ds.pipeline: WcQ2ygAkO0s: aligned 5822/5822 subtitle words
21:40:16 INFO    yt2ds.pipeline: WcQ2ygAkO0s: kept 403, rejected 42, 32.9 min of audio in 263s
21:40:16 INFO    yt2ds.pipeline: WcQ2ygAkO0s: freed 345 MB
21:40:16 INFO    yt2ds.pipeline: [9/1130] YJ8dVmLmg9E -- اختبرت غيرة زوجي بكذبة عن مديري.../  بس الحقيقة انكشفت بطريقة ما توقعتها! 😱💔🔥
Deprecated Feature: Support for Python version 3.10 has been deprecated. Please update to Python 3.11 or above
Deprecated Feature: Support for Python version 3.10 has been deprecated. Please update to Python 3.11 or above
21:40:34 INFO    yt2ds.pipeline: YJ8dVmLmg9E: 2760.8s of audio, -16.6 LUFS
21:40:34 INFO    yt2ds.pipeline: YJ8dVmLmg9E: 6591 subtitle words (yt_auto, ar)
21:40:34 INFO    yt2ds.stages.diarize: diarizing YJ8dVmLmg9E
21:41:53 INFO    yt2ds.stages.diarize: diarizer: 701 turns, 1 speakers, 0 overlap regions
21:41:53 INFO    yt2ds.pipeline: YJ8dVmLmg9E: 1 speakers, 701 turns
21:42:15 INFO    yt2ds.stages.vad: YJ8dVmLmg9E.16k: 423 speech regions, 2611.0s speech of 2760.8s (95%)
21:42:16 INFO    yt2ds.pipeline: YJ8dVmLmg9E: 487 candidate chunks
21:44:22 INFO    yt2ds.stages.speakers: YJ8dVmLmg9E_SPK1: dropped 1/487 chunks as off-centroid
/home/ai2/saudi-youtube-data/youtube-to-dataset/src/yt2ds/stages/align.py:223: UserWarning: torchaudio.functional._alignment.forced_align has been deprecated. This deprecation is part of a large refactoring effort to transition TorchAudio into a maintenance phase. Please see https://github.com/pytorch/audio/issues/3902 for more information. It will be removed from the 2.9 release. 
  paths, scores = AF.forced_align(emissions, targets, blank=blank_id)
21:45:05 INFO    yt2ds.pipeline: YJ8dVmLmg9E: aligned 6591/6591 subtitle words
21:45:11 INFO    yt2ds.pipeline: YJ8dVmLmg9E: kept 455, rejected 32, 39.2 min of audio in 295s
21:45:11 INFO    yt2ds.pipeline: YJ8dVmLmg9E: freed 395 MB
21:45:11 INFO    yt2ds.pipeline: [10/1130] Uei0u7U73bI -- أبوي واخوي استغلوا سفري لشهر العسل .. وطعنوني بظهري في شي ماتوقعته... 😱🔥
Deprecated Feature: Support for Python version 3.10 has been deprecated. Please update to Python 3.11 or above
Deprecated Feature: Support for Python version 3.10 has been deprecated. Please update to Python 3.11 or above
21:45:25 INFO    yt2ds.pipeline: Uei0u7U73bI: 2122.1s of audio, -17.1 LUFS
21:45:25 INFO    yt2ds.pipeline: Uei0u7U73bI: 4949 subtitle words (yt_auto, ar)
21:45:25 INFO    yt2ds.stages.diarize: diarizing Uei0u7U73bI
21:46:27 INFO    yt2ds.stages.diarize: diarizer: 504 turns, 1 speakers, 0 overlap regions
21:46:27 INFO    yt2ds.pipeline: Uei0u7U73bI: 1 speakers, 504 turns
21:46:44 INFO    yt2ds.stages.vad: Uei0u7U73bI.16k: 272 speech regions, 2038.0s speech of 2122.1s (96%)
21:46:44 INFO    yt2ds.pipeline: Uei0u7U73bI: 359 candidate chunks
/home/ai2/saudi-youtube-data/youtube-to-dataset/src/yt2ds/stages/align.py:223: UserWarning: torchaudio.functional._alignment.forced_align has been deprecated. This deprecation is part of a large refactoring effort to transition TorchAudio into a maintenance phase. Please see https://github.com/pytorch/audio/issues/3902 for more information. It will be removed from the 2.9 release. 
  paths, scores = AF.forced_align(emissions, targets, blank=blank_id)
21:48:44 INFO    yt2ds.pipeline: Uei0u7U73bI: aligned 4949/4949 subtitle words
21:48:49 INFO    yt2ds.pipeline: Uei0u7U73bI: kept 336, rejected 23, 30.7 min of audio in 217s
21:48:49 INFO    yt2ds.pipeline: Uei0u7U73bI: freed 303 MB
21:48:49 INFO    yt2ds.pipeline: [11/1130] rxvMiU4gwAU -- السر اللي زوجتي طلبت الطلاق عشانه... انكشف بعد زواجي بالثانية! 😱🔥
Deprecated Feature: Support for Python version 3.10 has been deprecated. Please update to Python 3.11 or above
Deprecated Feature: Support for Python version 3.10 has been deprecated. Please update to Python 3.11 or above
21:49:07 INFO    yt2ds.pipeline: rxvMiU4gwAU: 2881.5s of audio, -18.0 LUFS
21:49:07 INFO    yt2ds.pipeline: rxvMiU4gwAU: 7079 subtitle words (yt_auto, ar)
21:49:07 INFO    yt2ds.stages.diarize: diarizing rxvMiU4gwAU
21:50:29 INFO    yt2ds.stages.diarize: diarizer: 676 turns, 2 speakers, 0 overlap regions
21:50:29 INFO    yt2ds.pipeline: rxvMiU4gwAU: 2 speakers, 676 turns
21:50:29 INFO    yt2ds.stages.diarize: collapsing 2 speakers to 1 (100% of speech)
21:50:52 INFO    yt2ds.stages.vad: rxvMiU4gwAU.16k: 378 speech regions, 2762.1s speech of 2881.5s (96%)
21:50:52 INFO    yt2ds.pipeline: rxvMiU4gwAU: 494 candidate chunks
/home/ai2/saudi-youtube-data/youtube-to-dataset/src/yt2ds/stages/align.py:223: UserWarning: torchaudio.functional._alignment.forced_align has been deprecated. This deprecation is part of a large refactoring effort to transition TorchAudio into a maintenance phase. Please see https://github.com/pytorch/audio/issues/3902 for more information. It will be removed from the 2.9 release. 
  paths, scores = AF.forced_align(emissions, targets, blank=blank_id)
21:53:53 INFO    yt2ds.pipeline: rxvMiU4gwAU: aligned 7079/7079 subtitle words
21:54:00 INFO    yt2ds.pipeline: rxvMiU4gwAU: kept 456, rejected 38, 41.4 min of audio in 311s
21:54:00 INFO    yt2ds.pipeline: rxvMiU4gwAU: freed 411 MB
21:54:00 INFO    yt2ds.pipeline: [12/1130] HBrIkf65byk -- ورث أمي خلاني أعيش أحلى أيام... وبعدها بدأت الكارثة! 😱💔
Deprecated Feature: Support for Python version 3.10 has been deprecated. Please update to Python 3.11 or above
ERROR: [youtube] qWv7fNsQlV4: Private video. Sign in if you've been granted access to this video. Use --cookies-from-browser or --cookies for the authentication. See  https://github.com/yt-dlp/yt-dlp/wiki/FAQ#how-do-i-pass-cookies-to-yt-dlp  for how to manually pass cookies. Also see  https://github.com/yt-dlp/yt-dlp/wiki/Extractors#exporting-youtube-cookies  for tips on effectively exporting YouTube cookies
21:54:02 WARNING yt2ds.stages.download: https://www.youtube.com/watch?v=qWv7fNsQlV4: ERROR: [youtube] qWv7fNsQlV4: Private video. Sign in if you've been granted access to this video. Use --cookies-from-browser or --cookies for the authentication. See  https://github.com/yt-dlp/yt-dlp/wiki/FAQ#how-do-i-pass-cookies-to-yt-dlp  for how to manually pass cookies. Also see  https://github.com/yt-dlp/yt-dlp/wiki/Extractors#exporting-youtube-cookies  for tips on effectively exporting YouTube cookies (not retrying)
21:54:02 ERROR   yt2ds.pipeline: https://www.youtube.com/watch?v=qWv7fNsQlV4: probe failed: ERROR: [youtube] qWv7fNsQlV4: Private video. Sign in if you've been granted access to this video. Use --cookies-from-browser or --cookies for the authentication. See  https://github.com/yt-dlp/yt-dlp/wiki/FAQ#how-do-i-pass-cookies-to-yt-dlp  for how to manually pass cookies. Also see  https://github.com/yt-dlp/yt-dlp/wiki/Extractors#exporting-youtube-cookies  for tips on effectively exporting YouTube cookies
21:54:10 INFO    yt2ds.pipeline: HBrIkf65byk: 1479.9s of audio, -17.4 LUFS
21:54:10 INFO    yt2ds.pipeline: HBrIkf65byk: 3424 subtitle words (yt_auto, ar)
21:54:10 INFO    yt2ds.stages.diarize: diarizing HBrIkf65byk
21:54:56 INFO    yt2ds.stages.diarize: diarizer: 312 turns, 1 speakers, 0 overlap regions
21:54:56 INFO    yt2ds.pipeline: HBrIkf65byk: 1 speakers, 312 turns
21:55:08 INFO    yt2ds.stages.vad: HBrIkf65byk.16k: 191 speech regions, 1426.4s speech of 1479.9s (96%)
21:55:08 INFO    yt2ds.pipeline: HBrIkf65byk: 239 candidate chunks
/home/ai2/saudi-youtube-data/youtube-to-dataset/src/yt2ds/stages/align.py:223: UserWarning: torchaudio.functional._alignment.forced_align has been deprecated. This deprecation is part of a large refactoring effort to transition TorchAudio into a maintenance phase. Please see https://github.com/pytorch/audio/issues/3902 for more information. It will be removed from the 2.9 release. 
  paths, scores = AF.forced_align(emissions, targets, blank=blank_id)
21:56:35 INFO    yt2ds.pipeline: HBrIkf65byk: aligned 3424/3424 subtitle words
21:56:37 INFO    yt2ds.pipeline: HBrIkf65byk: kept 129, rejected 110, 13.0 min of audio in 157s
21:56:37 INFO    yt2ds.pipeline: HBrIkf65byk: freed 212 MB
21:56:37 INFO    yt2ds.pipeline: [13/1130] uYK00TUWWPc -- رسالة أرسلتها لأهلي... قلبت حياتي كلها! 💔🔥
Deprecated Feature: Support for Python version 3.10 has been deprecated. Please update to Python 3.11 or above
Deprecated Feature: Support for Python version 3.10 has been deprecated. Please update to Python 3.11 or above
21:56:46 INFO    yt2ds.pipeline: uYK00TUWWPc: 1500.4s of audio, -17.1 LUFS
21:56:46 INFO    yt2ds.pipeline: uYK00TUWWPc: 3477 subtitle words (yt_auto, ar)
21:56:46 INFO    yt2ds.stages.diarize: diarizing uYK00TUWWPc
21:57:31 INFO    yt2ds.stages.diarize: diarizer: 340 turns, 2 speakers, 0 overlap regions
21:57:31 INFO    yt2ds.pipeline: uYK00TUWWPc: 2 speakers, 340 turns
21:57:31 INFO    yt2ds.stages.diarize: collapsing 2 speakers to 2 (100% of speech)
21:57:43 INFO    yt2ds.stages.vad: uYK00TUWWPc.16k: 205 speech regions, 1422.9s speech of 1500.4s (95%)
21:57:43 INFO    yt2ds.pipeline: uYK00TUWWPc: 251 candidate chunks
/home/ai2/saudi-youtube-data/youtube-to-dataset/src/yt2ds/stages/align.py:223: UserWarning: torchaudio.functional._alignment.forced_align has been deprecated. This deprecation is part of a large refactoring effort to transition TorchAudio into a maintenance phase. Please see https://github.com/pytorch/audio/issues/3902 for more information. It will be removed from the 2.9 release. 
  paths, scores = AF.forced_align(emissions, targets, blank=blank_id)
21:59:16 INFO    yt2ds.pipeline: uYK00TUWWPc: aligned 3477/3477 subtitle words
21:59:20 INFO    yt2ds.pipeline: uYK00TUWWPc: kept 230, rejected 21, 21.2 min of audio in 162s
21:59:20 INFO    yt2ds.pipeline: uYK00TUWWPc: freed 214 MB
21:59:20 INFO    yt2ds.pipeline: [14/1130] Po9FD9QyV0E -- بعد الاتهام اللي صار لأخوي . ؟ اختي طلبت منه ينفذ كلامها بالمسجد..؟ اللي صار صدمه.😱💔🔥
Deprecated Feature: Support for Python version 3.10 has been deprecated. Please update to Python 3.11 or above
Deprecated Feature: Support for Python version 3.10 has been deprecated. Please update to Python 3.11 or above
21:59:48 INFO    yt2ds.pipeline: Po9FD9QyV0E: 4782.3s of audio, -17.6 LUFS
21:59:48 INFO    yt2ds.pipeline: Po9FD9QyV0E: 11258 subtitle words (yt_auto, ar)
21:59:48 INFO    yt2ds.stages.diarize: diarizing Po9FD9QyV0E
22:02:00 INFO    yt2ds.stages.diarize: diarizer: 1084 turns, 1 speakers, 0 overlap regions
22:02:00 INFO    yt2ds.pipeline: Po9FD9QyV0E: 1 speakers, 1084 turns
22:02:40 INFO    yt2ds.stages.vad: Po9FD9QyV0E.16k: 680 speech regions, 4598.7s speech of 4782.3s (96%)
22:02:40 INFO    yt2ds.pipeline: Po9FD9QyV0E: 797 candidate chunks
22:06:22 INFO    yt2ds.stages.speakers: Po9FD9QyV0E_SPK1: dropped 1/796 chunks as off-centroid
/home/ai2/saudi-youtube-data/youtube-to-dataset/src/yt2ds/stages/align.py:223: UserWarning: torchaudio.functional._alignment.forced_align has been deprecated. This deprecation is part of a large refactoring effort to transition TorchAudio into a maintenance phase. Please see https://github.com/pytorch/audio/issues/3902 for more information. It will be removed from the 2.9 release. 
  paths, scores = AF.forced_align(emissions, targets, blank=blank_id)
22:07:36 INFO    yt2ds.pipeline: Po9FD9QyV0E: aligned 11258/11258 subtitle words
22:07:48 INFO    yt2ds.pipeline: Po9FD9QyV0E: kept 726, rejected 71, 69.2 min of audio in 509s
22:07:48 INFO    yt2ds.pipeline: Po9FD9QyV0E: freed 683 MB
22:07:48 INFO    yt2ds.pipeline: [15/1130] 45m7bZJRTH0 -- كنت أودي زوجتي لأهلها تغير جو... واللي كشفته أمي بعدها صدمني! 😱💔
Deprecated Feature: Support for Python version 3.10 has been deprecated. Please update to Python 3.11 or above
Deprecated Feature: Support for Python version 3.10 has been deprecated. Please update to Python 3.11 or above
22:08:01 INFO    yt2ds.pipeline: 45m7bZJRTH0: 1740.1s of audio, -17.1 LUFS
22:08:01 INFO    yt2ds.pipeline: 45m7bZJRTH0: 4148 subtitle words (yt_auto, ar)
22:08:01 INFO    yt2ds.stages.diarize: diarizing 45m7bZJRTH0
22:08:52 INFO    yt2ds.stages.diarize: diarizer: 378 turns, 1 speakers, 0 overlap regions
22:08:52 INFO    yt2ds.pipeline: 45m7bZJRTH0: 1 speakers, 378 turns
22:09:07 INFO    yt2ds.stages.vad: 45m7bZJRTH0.16k: 228 speech regions, 1673.5s speech of 1740.1s (96%)
22:09:07 INFO    yt2ds.pipeline: 45m7bZJRTH0: 283 candidate chunks
/home/ai2/saudi-youtube-data/youtube-to-dataset/src/yt2ds/stages/align.py:223: UserWarning: torchaudio.functional._alignment.forced_align has been deprecated. This deprecation is part of a large refactoring effort to transition TorchAudio into a maintenance phase. Please see https://github.com/pytorch/audio/issues/3902 for more information. It will be removed from the 2.9 release. 
  paths, scores = AF.forced_align(emissions, targets, blank=blank_id)
22:10:49 INFO    yt2ds.pipeline: 45m7bZJRTH0: aligned 4148/4148 subtitle words
22:10:53 INFO    yt2ds.pipeline: 45m7bZJRTH0: kept 251, rejected 32, 24.7 min of audio in 184s
22:10:53 INFO    yt2ds.pipeline: 45m7bZJRTH0: freed 249 MB
Deprecated Feature: Support for Python version 3.10 has been deprecated. Please update to Python 3.11 or above
22:10:53 INFO    yt2ds.pipeline: [17/1130] Pt-5uemJhHc -- وقفت مع زوجة أخوي ضد أخوي... وانقلبت العائلة كلها علي /اللي صار  صدمنا كلنا ... 💔😱🔥
Deprecated Feature: Support for Python version 3.10 has been deprecated. Please update to Python 3.11 or above
Deprecated Feature: Support for Python version 3.10 has been deprecated. Please update to Python 3.11 or above
Deprecated Feature: Support for Python version 3.10 has been deprecated. Please update to Python 3.11 or above
22:11:24 INFO    yt2ds.pipeline: Pt-5uemJhHc: 4512.7s of audio, -17.0 LUFS
22:11:24 INFO    yt2ds.pipeline: Pt-5uemJhHc: 10718 subtitle words (yt_auto, ar)
22:11:24 INFO    yt2ds.stages.diarize: diarizing Pt-5uemJhHc
22:13:28 INFO    yt2ds.stages.diarize: diarizer: 1110 turns, 1 speakers, 0 overlap regions
22:13:28 INFO    yt2ds.pipeline: Pt-5uemJhHc: 1 speakers, 1110 turns
22:14:06 INFO    yt2ds.stages.vad: Pt-5uemJhHc.16k: 688 speech regions, 4280.1s speech of 4512.7s (95%)
22:14:06 INFO    yt2ds.pipeline: Pt-5uemJhHc: 803 candidate chunks
22:17:44 INFO    yt2ds.stages.speakers: Pt-5uemJhHc_SPK1: dropped 2/803 chunks as off-centroid
/home/ai2/saudi-youtube-data/youtube-to-dataset/src/yt2ds/stages/align.py:223: UserWarning: torchaudio.functional._alignment.forced_align has been deprecated. This deprecation is part of a large refactoring effort to transition TorchAudio into a maintenance phase. Please see https://github.com/pytorch/audio/issues/3902 for more information. It will be removed from the 2.9 release. 
  paths, scores = AF.forced_align(emissions, targets, blank=blank_id)
22:18:56 INFO    yt2ds.pipeline: Pt-5uemJhHc: aligned 10718/10718 subtitle words
22:19:07 INFO    yt2ds.pipeline: Pt-5uemJhHc: kept 721, rejected 82, 60.9 min of audio in 494s
22:19:07 INFO    yt2ds.pipeline: Pt-5uemJhHc: freed 645 MB
22:19:07 INFO    yt2ds.pipeline: [18/1130] d1TZo2aoUhs -- كلمة وحدة من زوجي غيّرت حياتي... وكلمة من أمي دمّرت حياة أختي! 😭🔥
Deprecated Feature: Support for Python version 3.10 has been deprecated. Please update to Python 3.11 or above
Deprecated Feature: Support for Python version 3.10 has been deprecated. Please update to Python 3.11 or above
22:19:16 INFO    yt2ds.pipeline: d1TZo2aoUhs: 1260.1s of audio, -16.8 LUFS
22:19:16 INFO    yt2ds.pipeline: d1TZo2aoUhs: 3000 subtitle words (yt_auto, ar)
22:19:16 INFO    yt2ds.stages.diarize: diarizing d1TZo2aoUhs
22:19:56 INFO    yt2ds.stages.diarize: diarizer: 283 turns, 2 speakers, 0 overlap regions
22:19:56 INFO    yt2ds.pipeline: d1TZo2aoUhs: 2 speakers, 283 turns
22:19:56 INFO    yt2ds.stages.diarize: collapsing 2 speakers to 1 (100% of speech)
22:20:06 INFO    yt2ds.stages.vad: d1TZo2aoUhs.16k: 155 speech regions, 1204.8s speech of 1260.1s (96%)
22:20:06 INFO    yt2ds.pipeline: d1TZo2aoUhs: 199 candidate chunks
/home/ai2/saudi-youtube-data/youtube-to-dataset/src/yt2ds/stages/align.py:223: UserWarning: torchaudio.functional._alignment.forced_align has been deprecated. This deprecation is part of a large refactoring effort to transition TorchAudio into a maintenance phase. Please see https://github.com/pytorch/audio/issues/3902 for more information. It will be removed from the 2.9 release. 
  paths, scores = AF.forced_align(emissions, targets, blank=blank_id)
22:21:24 INFO    yt2ds.pipeline: d1TZo2aoUhs: aligned 3000/3000 subtitle words
22:21:27 INFO    yt2ds.pipeline: d1TZo2aoUhs: kept 179, rejected 20, 17.1 min of audio in 139s
22:21:27 INFO    yt2ds.pipeline: d1TZo2aoUhs: freed 180 MB
22:21:27 INFO    yt2ds.pipeline: [19/1130] gQnpsrGSYu8 -- خطة زوجتي الغريبة مع أمي غيّرت حياتنا كلها! 💔🔥
Deprecated Feature: Support for Python version 3.10 has been deprecated. Please update to Python 3.11 or above
Deprecated Feature: Support for Python version 3.10 has been deprecated. Please update to Python 3.11 or above
22:21:33 INFO    yt2ds.pipeline: gQnpsrGSYu8: 1021.9s of audio, -16.0 LUFS
22:21:33 INFO    yt2ds.pipeline: gQnpsrGSYu8: 2345 subtitle words (yt_auto, ar)
22:21:33 INFO    yt2ds.stages.diarize: diarizing gQnpsrGSYu8
22:22:06 INFO    yt2ds.stages.diarize: diarizer: 230 turns, 2 speakers, 0 overlap regions
22:22:06 INFO    yt2ds.pipeline: gQnpsrGSYu8: 2 speakers, 230 turns
22:22:06 INFO    yt2ds.stages.diarize: collapsing 2 speakers to 1 (100% of speech)
22:22:14 INFO    yt2ds.stages.vad: gQnpsrGSYu8.16k: 124 speech regions, 957.8s speech of 1021.9s (94%)
22:22:14 INFO    yt2ds.pipeline: gQnpsrGSYu8: 164 candidate chunks
/home/ai2/saudi-youtube-data/youtube-to-dataset/src/yt2ds/stages/align.py:223: UserWarning: torchaudio.functional._alignment.forced_align has been deprecated. This deprecation is part of a large refactoring effort to transition TorchAudio into a maintenance phase. Please see https://github.com/pytorch/audio/issues/3902 for more information. It will be removed from the 2.9 release. 
  paths, scores = AF.forced_align(emissions, targets, blank=blank_id)
22:23:17 INFO    yt2ds.pipeline: gQnpsrGSYu8: aligned 2345/2345 subtitle words
22:23:19 INFO    yt2ds.pipeline: gQnpsrGSYu8: kept 142, rejected 22, 13.5 min of audio in 112s
22:23:19 INFO    yt2ds.pipeline: gQnpsrGSYu8: freed 146 MB
22:23:19 INFO    yt2ds.pipeline: [20/1130] 0Zy61Euutnk -- قروب طبخ بسيط... خلاني أعيش أكبر ورطة مع أمي! 😂💔
Deprecated Feature: Support for Python version 3.10 has been deprecated. Please update to Python 3.11 or above
Deprecated Feature: Support for Python version 3.10 has been deprecated. Please update to Python 3.11 or above
22:23:31 INFO    yt2ds.pipeline: 0Zy61Euutnk: 1987.9s of audio, -16.3 LUFS
22:23:31 INFO    yt2ds.pipeline: 0Zy61Euutnk: 4715 subtitle words (yt_auto, ar)
22:23:31 INFO    yt2ds.stages.diarize: diarizing 0Zy61Euutnk
22:24:29 INFO    yt2ds.stages.diarize: diarizer: 439 turns, 2 speakers, 2 overlap regions
22:24:29 INFO    yt2ds.pipeline: 0Zy61Euutnk: 2 speakers, 439 turns
22:24:29 INFO    yt2ds.stages.diarize: collapsing 2 speakers to 1 (100% of speech)
22:24:45 INFO    yt2ds.stages.vad: 0Zy61Euutnk.16k: 261 speech regions, 1905.2s speech of 1987.9s (96%)
22:24:45 INFO    yt2ds.stages.segment: overlap removal dropped 1.0s of speech
22:24:45 INFO    yt2ds.pipeline: 0Zy61Euutnk: 326 candidate chunks
22:26:24 INFO    yt2ds.stages.speakers: 0Zy61Euutnk_SPK1: dropped 2/326 chunks as off-centroid
/home/ai2/saudi-youtube-data/youtube-to-dataset/src/yt2ds/stages/align.py:223: UserWarning: torchaudio.functional._alignment.forced_align has been deprecated. This deprecation is part of a large refactoring effort to transition TorchAudio into a maintenance phase. Please see https://github.com/pytorch/audio/issues/3902 for more information. It will be removed from the 2.9 release. 
  paths, scores = AF.forced_align(emissions, targets, blank=blank_id)
22:26:53 INFO    yt2ds.pipeline: 0Zy61Euutnk: aligned 4715/4715 subtitle words
22:26:56 INFO    yt2ds.pipeline: 0Zy61Euutnk: kept 221, rejected 105, 21.9 min of audio in 217s
22:26:56 INFO    yt2ds.pipeline: 0Zy61Euutnk: freed 284 MB
22:26:56 INFO    yt2ds.pipeline: [21/1130] SX1wSHwKW4I -- رفضت أدخل شراكة مع زوج أختي... واللي سووه اخواتي بعدها صدمني! 😱💔
Deprecated Feature: Support for Python version 3.10 has been deprecated. Please update to Python 3.11 or above
Deprecated Feature: Support for Python version 3.10 has been deprecated. Please update to Python 3.11 or above
22:27:09 INFO    yt2ds.pipeline: SX1wSHwKW4I: 2100.9s of audio, -16.8 LUFS
22:27:09 INFO    yt2ds.pipeline: SX1wSHwKW4I: 4852 subtitle words (yt_auto, ar)
22:27:09 INFO    yt2ds.stages.diarize: diarizing SX1wSHwKW4I
22:28:11 INFO    yt2ds.stages.diarize: diarizer: 452 turns, 3 speakers, 0 overlap regions
22:28:11 INFO    yt2ds.pipeline: SX1wSHwKW4I: 3 speakers, 452 turns
22:28:11 INFO    yt2ds.stages.diarize: collapsing 3 speakers to 1 (100% of speech)
22:28:28 INFO    yt2ds.stages.vad: SX1wSHwKW4I.16k: 261 speech regions, 1989.6s speech of 2100.9s (95%)
22:28:28 INFO    yt2ds.pipeline: SX1wSHwKW4I: 353 candidate chunks
/home/ai2/saudi-youtube-data/youtube-to-dataset/src/yt2ds/stages/align.py:223: UserWarning: torchaudio.functional._alignment.forced_align has been deprecated. This deprecation is part of a large refactoring effort to transition TorchAudio into a maintenance phase. Please see https://github.com/pytorch/audio/issues/3902 for more information. It will be removed from the 2.9 release. 
  paths, scores = AF.forced_align(emissions, targets, blank=blank_id)
22:30:37 INFO    yt2ds.pipeline: SX1wSHwKW4I: aligned 4852/4852 subtitle words
22:30:41 INFO    yt2ds.pipeline: SX1wSHwKW4I: kept 324, rejected 29, 30.0 min of audio in 225s
22:30:41 INFO    yt2ds.pipeline: SX1wSHwKW4I: freed 300 MB
22:30:41 INFO    yt2ds.pipeline: [22/1130] QIXi4SOAQOk -- وأنا على وشك ولادة .. أبوي استنجد بولد عمي، لكن ما توقعت الدناءة اللي سواها! 😱🔥
Deprecated Feature: Support for Python version 3.10 has been deprecated. Please update to Python 3.11 or above
Deprecated Feature: Support for Python version 3.10 has been deprecated. Please update to Python 3.11 or above
22:30:54 INFO    yt2ds.pipeline: QIXi4SOAQOk: 2130.5s of audio, -16.5 LUFS
22:30:54 INFO    yt2ds.pipeline: QIXi4SOAQOk: 4739 subtitle words (yt_auto, ar)
22:30:54 INFO    yt2ds.stages.diarize: diarizing QIXi4SOAQOk
22:31:55 INFO    yt2ds.stages.diarize: diarizer: 449 turns, 1 speakers, 0 overlap regions
22:31:55 INFO    yt2ds.pipeline: QIXi4SOAQOk: 1 speakers, 449 turns
22:32:13 INFO    yt2ds.stages.vad: QIXi4SOAQOk.16k: 283 speech regions, 2050.3s speech of 2130.5s (96%)
22:32:13 INFO    yt2ds.pipeline: QIXi4SOAQOk: 348 candidate chunks
/home/ai2/saudi-youtube-data/youtube-to-dataset/src/yt2ds/stages/align.py:223: UserWarning: torchaudio.functional._alignment.forced_align has been deprecated. This deprecation is part of a large refactoring effort to transition TorchAudio into a maintenance phase. Please see https://github.com/pytorch/audio/issues/3902 for more information. It will be removed from the 2.9 release. 
  paths, scores = AF.forced_align(emissions, targets, blank=blank_id)
22:34:18 INFO    yt2ds.pipeline: QIXi4SOAQOk: aligned 4739/4739 subtitle words
22:34:22 INFO    yt2ds.pipeline: QIXi4SOAQOk: kept 294, rejected 54, 29.7 min of audio in 220s
22:34:22 INFO    yt2ds.pipeline: QIXi4SOAQOk: freed 304 MB
22:34:22 INFO    yt2ds.pipeline: [23/1130] Qs6VJwT2vZw -- اشتغلت خطّابة من ورا أهلي... وماتوقعت ولد جارتنا يكشفني! 😱🔥
Deprecated Feature: Support for Python version 3.10 has been deprecated. Please update to Python 3.11 or above
Deprecated Feature: Support for Python version 3.10 has been deprecated. Please update to Python 3.11 or above
22:34:37 INFO    yt2ds.pipeline: Qs6VJwT2vZw: 2482.2s of audio, -15.9 LUFS
22:34:37 INFO    yt2ds.pipeline: Qs6VJwT2vZw: 5804 subtitle words (yt_auto, ar)
22:34:37 INFO    yt2ds.stages.diarize: diarizing Qs6VJwT2vZw
22:35:48 INFO    yt2ds.stages.diarize: diarizer: 495 turns, 2 speakers, 0 overlap regions
22:35:48 INFO    yt2ds.pipeline: Qs6VJwT2vZw: 2 speakers, 495 turns
22:35:48 INFO    yt2ds.stages.diarize: collapsing 2 speakers to 1 (100% of speech)
22:36:09 INFO    yt2ds.stages.vad: Qs6VJwT2vZw.16k: 315 speech regions, 2380.2s speech of 2482.2s (96%)
22:36:09 INFO    yt2ds.pipeline: Qs6VJwT2vZw: 384 candidate chunks
22:38:04 INFO    yt2ds.stages.speakers: Qs6VJwT2vZw_SPK1: dropped 3/382 chunks as off-centroid
/home/ai2/saudi-youtube-data/youtube-to-dataset/src/yt2ds/stages/align.py:223: UserWarning: torchaudio.functional._alignment.forced_align has been deprecated. This deprecation is part of a large refactoring effort to transition TorchAudio into a maintenance phase. Please see https://github.com/pytorch/audio/issues/3902 for more information. It will be removed from the 2.9 release. 
  paths, scores = AF.forced_align(emissions, targets, blank=blank_id)
22:38:41 INFO    yt2ds.pipeline: Qs6VJwT2vZw: aligned 5804/5804 subtitle words
22:38:44 INFO    yt2ds.pipeline: Qs6VJwT2vZw: kept 203, rejected 181, 23.1 min of audio in 262s
22:38:44 INFO    yt2ds.pipeline: Qs6VJwT2vZw: freed 354 MB
22:38:44 INFO    yt2ds.pipeline: [24/1130] J_GI5S3W6dI -- انتقم منا عشان أمي... واللي كشف لي الحقيقة صديقتي! 😱🔥
Deprecated Feature: Support for Python version 3.10 has been deprecated. Please update to Python 3.11 or above
Deprecated Feature: Support for Python version 3.10 has been deprecated. Please update to Python 3.11 or above
ERROR: unable to download video data: HTTP Error 403: Forbidden
22:38:50 WARNING yt2ds.stages.download: https://www.youtube.com/watch?v=uof_wKg-nd4: attempt 1/6 failed (client=default): ERROR: unable to download video data: HTTP Error 403: Forbidden -- retrying in 4s
Deprecated Feature: Support for Python version 3.10 has been deprecated. Please update to Python 3.11 or above
ERROR: [youtube] uof_wKg-nd4: Requested format is not available. Use --list-formats for a list of available formats
22:38:56 WARNING yt2ds.stages.download: https://www.youtube.com/watch?v=uof_wKg-nd4: attempt 2/6 failed (client=tv_simply): ERROR: [youtube] uof_wKg-nd4: Requested format is not available. Use --list-formats for a list of available formats -- retrying in 8s
Deprecated Feature: Support for Python version 3.10 has been deprecated. Please update to Python 3.11 or above
ERROR: [youtube] uof_wKg-nd4: Requested format is not available. Use --list-formats for a list of available formats
22:39:06 WARNING yt2ds.stages.download: https://www.youtube.com/watch?v=uof_wKg-nd4: attempt 3/6 failed (client=web_safari): ERROR: [youtube] uof_wKg-nd4: Requested format is not available. Use --list-formats for a list of available formats -- retrying in 12s
22:39:07 INFO    yt2ds.pipeline: J_GI5S3W6dI: 3468.8s of audio, -16.4 LUFS
22:39:07 INFO    yt2ds.pipeline: J_GI5S3W6dI: 8119 subtitle words (yt_auto, ar)
22:39:07 INFO    yt2ds.stages.diarize: diarizing J_GI5S3W6dI
Deprecated Feature: Support for Python version 3.10 has been deprecated. Please update to Python 3.11 or above
22:39:26 INFO    yt2ds.stages.download: https://www.youtube.com/watch?v=uof_wKg-nd4: succeeded on attempt 4 (client=android_vr)
22:40:44 INFO    yt2ds.stages.diarize: diarizer: 802 turns, 1 speakers, 0 overlap regions
22:40:44 INFO    yt2ds.pipeline: J_GI5S3W6dI: 1 speakers, 802 turns
22:41:13 INFO    yt2ds.stages.vad: J_GI5S3W6dI.16k: 594 speech regions, 3266.5s speech of 3468.8s (94%)
22:41:13 INFO    yt2ds.pipeline: J_GI5S3W6dI: 598 candidate chunks
/home/ai2/saudi-youtube-data/youtube-to-dataset/src/yt2ds/stages/align.py:223: UserWarning: torchaudio.functional._alignment.forced_align has been deprecated. This deprecation is part of a large refactoring effort to transition TorchAudio into a maintenance phase. Please see https://github.com/pytorch/audio/issues/3902 for more information. It will be removed from the 2.9 release. 
  paths, scores = AF.forced_align(emissions, targets, blank=blank_id)
22:44:51 INFO    yt2ds.pipeline: J_GI5S3W6dI: aligned 8119/8119 subtitle words
22:44:56 INFO    yt2ds.pipeline: J_GI5S3W6dI: kept 271, rejected 327, 26.1 min of audio in 371s
22:44:56 INFO    yt2ds.pipeline: J_GI5S3W6dI: freed 494 MB
22:44:56 INFO    yt2ds.pipeline: [25/1130] Z0j2GUx7wxY -- السرير الأسود كشف السر اللي محد درى عنه سنوات! 😱🔥
Deprecated Feature: Support for Python version 3.10 has been deprecated. Please update to Python 3.11 or above
Deprecated Feature: Support for Python version 3.10 has been deprecated. Please update to Python 3.11 or above
22:45:03 INFO    yt2ds.pipeline: Z0j2GUx7wxY: 1260.6s of audio, -17.1 LUFS
22:45:03 INFO    yt2ds.pipeline: Z0j2GUx7wxY: 2923 subtitle words (yt_auto, ar)
22:45:03 INFO    yt2ds.stages.diarize: diarizing Z0j2GUx7wxY
22:45:43 INFO    yt2ds.stages.diarize: diarizer: 282 turns, 2 speakers, 0 overlap regions
22:45:43 INFO    yt2ds.pipeline: Z0j2GUx7wxY: 2 speakers, 282 turns
22:45:43 INFO    yt2ds.stages.diarize: collapsing 2 speakers to 1 (100% of speech)
22:45:53 INFO    yt2ds.stages.vad: Z0j2GUx7wxY.16k: 186 speech regions, 1189.4s speech of 1260.6s (94%)
22:45:53 INFO    yt2ds.pipeline: Z0j2GUx7wxY: 215 candidate chunks
22:46:49 INFO    yt2ds.stages.speakers: Z0j2GUx7wxY_SPK1: dropped 2/215 chunks as off-centroid
/home/ai2/saudi-youtube-data/youtube-to-dataset/src/yt2ds/stages/align.py:223: UserWarning: torchaudio.functional._alignment.forced_align has been deprecated. This deprecation is part of a large refactoring effort to transition TorchAudio into a maintenance phase. Please see https://github.com/pytorch/audio/issues/3902 for more information. It will be removed from the 2.9 release. 
  paths, scores = AF.forced_align(emissions, targets, blank=blank_id)
22:47:06 INFO    yt2ds.pipeline: Z0j2GUx7wxY: aligned 2923/2923 subtitle words
22:47:09 INFO    yt2ds.pipeline: Z0j2GUx7wxY: kept 176, rejected 39, 16.0 min of audio in 132s
22:47:09 INFO    yt2ds.pipeline: Z0j2GUx7wxY: freed 180 MB
22:47:09 INFO    yt2ds.pipeline: [26/1130] OVPSxwTzgts -- صارت تبتزني في العمل ..لاني كشفت سرها الكارثي ..؟🔥😭💔
Deprecated Feature: Support for Python version 3.10 has been deprecated. Please update to Python 3.11 or above
Deprecated Feature: Support for Python version 3.10 has been deprecated. Please update to Python 3.11 or above
22:47:21 INFO    yt2ds.pipeline: OVPSxwTzgts: 1680.7s of audio, -17.4 LUFS
22:47:21 INFO    yt2ds.pipeline: OVPSxwTzgts: 3864 subtitle words (yt_auto, ar)
22:47:21 INFO    yt2ds.stages.diarize: diarizing OVPSxwTzgts
22:48:11 INFO    yt2ds.stages.diarize: diarizer: 408 turns, 2 speakers, 0 overlap regions
22:48:11 INFO    yt2ds.pipeline: OVPSxwTzgts: 2 speakers, 408 turns
22:48:11 INFO    yt2ds.stages.diarize: collapsing 2 speakers to 2 (100% of speech)
22:48:25 INFO    yt2ds.stages.vad: OVPSxwTzgts.16k: 290 speech regions, 1572.9s speech of 1680.7s (94%)
22:48:25 INFO    yt2ds.pipeline: OVPSxwTzgts: 301 candidate chunks
22:49:41 INFO    yt2ds.stages.speakers: OVPSxwTzgts_SPK2: dropped 1/301 chunks as off-centroid
/home/ai2/saudi-youtube-data/youtube-to-dataset/src/yt2ds/stages/align.py:223: UserWarning: torchaudio.functional._alignment.forced_align has been deprecated. This deprecation is part of a large refactoring effort to transition TorchAudio into a maintenance phase. Please see https://github.com/pytorch/audio/issues/3902 for more information. It will be removed from the 2.9 release. 
  paths, scores = AF.forced_align(emissions, targets, blank=blank_id)
22:50:06 INFO    yt2ds.pipeline: OVPSxwTzgts: aligned 3864/3864 subtitle words
22:50:08 INFO    yt2ds.pipeline: OVPSxwTzgts: kept 122, rejected 179, 10.2 min of audio in 179s
22:50:08 INFO    yt2ds.pipeline: OVPSxwTzgts: freed 240 MB
22:50:08 INFO    yt2ds.pipeline: [27/1130] WBsaJWieaGM -- نظرة أم العريس لبنت خالتي كشفت كل شيء..?😵💔🔥
Deprecated Feature: Support for Python version 3.10 has been deprecated. Please update to Python 3.11 or above
Deprecated Feature: Support for Python version 3.10 has been deprecated. Please update to Python 3.11 or above
22:50:17 INFO    yt2ds.pipeline: WBsaJWieaGM: 1356.7s of audio, -17.0 LUFS
22:50:17 INFO    yt2ds.pipeline: WBsaJWieaGM: 3201 subtitle words (yt_auto, ar)
22:50:17 INFO    yt2ds.stages.diarize: diarizing WBsaJWieaGM
22:50:59 INFO    yt2ds.stages.diarize: diarizer: 318 turns, 1 speakers, 0 overlap regions
22:50:59 INFO    yt2ds.pipeline: WBsaJWieaGM: 1 speakers, 318 turns
22:51:10 INFO    yt2ds.stages.vad: WBsaJWieaGM.16k: 210 speech regions, 1295.5s speech of 1356.7s (95%)
22:51:10 INFO    yt2ds.pipeline: WBsaJWieaGM: 226 candidate chunks
/home/ai2/saudi-youtube-data/youtube-to-dataset/src/yt2ds/stages/align.py:223: UserWarning: torchaudio.functional._alignment.forced_align has been deprecated. This deprecation is part of a large refactoring effort to transition TorchAudio into a maintenance phase. Please see https://github.com/pytorch/audio/issues/3902 for more information. It will be removed from the 2.9 release. 
  paths, scores = AF.forced_align(emissions, targets, blank=blank_id)
22:52:37 INFO    yt2ds.pipeline: WBsaJWieaGM: aligned 3201/3201 subtitle words
22:52:39 INFO    yt2ds.pipeline: WBsaJWieaGM: kept 127, rejected 99, 12.0 min of audio in 151s
22:52:39 INFO    yt2ds.pipeline: WBsaJWieaGM: freed 194 MB
22:52:39 INFO    yt2ds.pipeline: [28/1130] uof_wKg-nd4 -- دخلنا المطبخ على صراخ زوجة عمي... وما تخيلنا المصيبة اللي تنتظرنا! 😱💔
Deprecated Feature: Support for Python version 3.10 has been deprecated. Please update to Python 3.11 or above
Deprecated Feature: Support for Python version 3.10 has been deprecated. Please update to Python 3.11 or above
22:53:08 INFO    yt2ds.pipeline: uof_wKg-nd4: 4745.9s of audio, -17.4 LUFS
22:53:08 INFO    yt2ds.pipeline: uof_wKg-nd4: 11265 subtitle words (yt_auto, ar)
22:53:08 INFO    yt2ds.stages.diarize: diarizing uof_wKg-nd4
22:55:20 INFO    yt2ds.stages.diarize: diarizer: 1033 turns, 1 speakers, 0 overlap regions
22:55:20 INFO    yt2ds.pipeline: uof_wKg-nd4: 1 speakers, 1033 turns
22:55:59 INFO    yt2ds.stages.vad: uof_wKg-nd4.16k: 766 speech regions, 4501.7s speech of 4745.9s (95%)
22:56:00 INFO    yt2ds.pipeline: uof_wKg-nd4: 798 candidate chunks
22:59:40 INFO    yt2ds.stages.speakers: uof_wKg-nd4_SPK1: dropped 1/798 chunks as off-centroid
/home/ai2/saudi-youtube-data/youtube-to-dataset/src/yt2ds/stages/align.py:223: UserWarning: torchaudio.functional._alignment.forced_align has been deprecated. This deprecation is part of a large refactoring effort to transition TorchAudio into a maintenance phase. Please see https://github.com/pytorch/audio/issues/3902 for more information. It will be removed from the 2.9 release. 
  paths, scores = AF.forced_align(emissions, targets, blank=blank_id)
23:00:54 INFO    yt2ds.pipeline: uof_wKg-nd4: aligned 11265/11265 subtitle words
23:01:01 INFO    yt2ds.pipeline: uof_wKg-nd4: kept 467, rejected 331, 44.4 min of audio in 502s
23:01:01 INFO    yt2ds.pipeline: uof_wKg-nd4: freed 676 MB
23:01:01 INFO    yt2ds.pipeline: [29/1130] _o4jXNyklHs -- كنت أسمع حشهم عن سلفتي وأصدقهم… لين اكتشفت علاقتها الغريبة بزوجي 😱💔
Deprecated Feature: Support for Python version 3.10 has been deprecated. Please update to Python 3.11 or above
Deprecated Feature: Support for Python version 3.10 has been deprecated. Please update to Python 3.11 or above
23:01:20 INFO    yt2ds.pipeline: _o4jXNyklHs: 2853.9s of audio, -16.4 LUFS
23:01:20 INFO    yt2ds.pipeline: _o4jXNyklHs: 6970 subtitle words (yt_auto, ar)
23:01:20 INFO    yt2ds.stages.diarize: diarizing _o4jXNyklHs
23:02:41 INFO    yt2ds.stages.diarize: diarizer: 570 turns, 1 speakers, 0 overlap regions
23:02:41 INFO    yt2ds.pipeline: _o4jXNyklHs: 1 speakers, 570 turns
23:03:05 INFO    yt2ds.stages.vad: _o4jXNyklHs.16k: 378 speech regions, 2749.1s speech of 2853.9s (96%)
23:03:05 INFO    yt2ds.pipeline: _o4jXNyklHs: 459 candidate chunks
/home/ai2/saudi-youtube-data/youtube-to-dataset/src/yt2ds/stages/align.py:223: UserWarning: torchaudio.functional._alignment.forced_align has been deprecated. This deprecation is part of a large refactoring effort to transition TorchAudio into a maintenance phase. Please see https://github.com/pytorch/audio/issues/3902 for more information. It will be removed from the 2.9 release. 
  paths, scores = AF.forced_align(emissions, targets, blank=blank_id)
23:05:58 INFO    yt2ds.pipeline: _o4jXNyklHs: aligned 6970/6970 subtitle words
23:06:03 INFO    yt2ds.pipeline: _o4jXNyklHs: kept 259, rejected 200, 26.2 min of audio in 301s
23:06:03 INFO    yt2ds.pipeline: _o4jXNyklHs: freed 408 MB
23:06:03 INFO    yt2ds.pipeline: [30/1130] QOHDbNldjkw -- آخر عزيمة جمعتنا كشفت كيد سلفتي... والخاتم كان الدليل! 😱💔🔥
Deprecated Feature: Support for Python version 3.10 has been deprecated. Please update to Python 3.11 or above
Deprecated Feature: Support for Python version 3.10 has been deprecated. Please update to Python 3.11 or above
23:06:15 INFO    yt2ds.pipeline: QOHDbNldjkw: 1728.8s of audio, -16.5 LUFS
23:06:15 INFO    yt2ds.pipeline: QOHDbNldjkw: 4129 subtitle words (yt_auto, ar)
23:06:15 INFO    yt2ds.stages.diarize: diarizing QOHDbNldjkw
23:07:07 INFO    yt2ds.stages.diarize: diarizer: 417 turns, 2 speakers, 1 overlap regions
23:07:07 INFO    yt2ds.pipeline: QOHDbNldjkw: 2 speakers, 417 turns
23:07:07 INFO    yt2ds.stages.diarize: collapsing 2 speakers to 1 (100% of speech)
23:07:21 INFO    yt2ds.stages.vad: QOHDbNldjkw.16k: 294 speech regions, 1635.0s speech of 1728.8s (95%)
23:07:21 INFO    yt2ds.stages.segment: overlap removal dropped 0.6s of speech
23:07:21 INFO    yt2ds.pipeline: QOHDbNldjkw: 291 candidate chunks
/home/ai2/saudi-youtube-data/youtube-to-dataset/src/yt2ds/stages/align.py:223: UserWarning: torchaudio.functional._alignment.forced_align has been deprecated. This deprecation is part of a large refactoring effort to transition TorchAudio into a maintenance phase. Please see https://github.com/pytorch/audio/issues/3902 for more information. It will be removed from the 2.9 release. 
  paths, scores = AF.forced_align(emissions, targets, blank=blank_id)
23:09:13 INFO    yt2ds.pipeline: QOHDbNldjkw: aligned 4129/4129 subtitle words
23:09:15 INFO    yt2ds.pipeline: QOHDbNldjkw: kept 165, rejected 126, 14.7 min of audio in 192s
23:09:15 INFO    yt2ds.pipeline: QOHDbNldjkw: freed 247 MB
23:09:15 INFO    yt2ds.pipeline: [31/1130] 2PtXgGKIekM -- صديقتي وأهل زوجي عيشوني بدوامة الشك ... لين اكتشفت الحقيقة! 😱💔🔥
Deprecated Feature: Support for Python version 3.10 has been deprecated. Please update to Python 3.11 or above
Deprecated Feature: Support for Python version 3.10 has been deprecated. Please update to Python 3.11 or above
23:09:24 INFO    yt2ds.pipeline: 2PtXgGKIekM: 1505.0s of audio, -16.8 LUFS
23:09:24 INFO    yt2ds.pipeline: 2PtXgGKIekM: 3593 subtitle words (yt_auto, ar)
23:09:24 INFO    yt2ds.stages.diarize: diarizing 2PtXgGKIekM
23:10:09 INFO    yt2ds.stages.diarize: diarizer: 351 turns, 1 speakers, 0 overlap regions
23:10:09 INFO    yt2ds.pipeline: 2PtXgGKIekM: 1 speakers, 351 turns
23:10:22 INFO    yt2ds.stages.vad: 2PtXgGKIekM.16k: 236 speech regions, 1436.0s speech of 1505.0s (95%)
23:10:22 INFO    yt2ds.pipeline: 2PtXgGKIekM: 264 candidate chunks
23:11:38 INFO    yt2ds.stages.speakers: 2PtXgGKIekM_SPK1: dropped 1/263 chunks as off-centroid
/home/ai2/saudi-youtube-data/youtube-to-dataset/src/yt2ds/stages/align.py:223: UserWarning: torchaudio.functional._alignment.forced_align has been deprecated. This deprecation is part of a large refactoring effort to transition TorchAudio into a maintenance phase. Please see https://github.com/pytorch/audio/issues/3902 for more information. It will be removed from the 2.9 release. 
  paths, scores = AF.forced_align(emissions, targets, blank=blank_id)
23:11:58 INFO    yt2ds.pipeline: 2PtXgGKIekM: aligned 3593/3593 subtitle words
23:12:01 INFO    yt2ds.pipeline: 2PtXgGKIekM: kept 202, rejected 62, 18.2 min of audio in 165s
23:12:01 INFO    yt2ds.pipeline: 2PtXgGKIekM: freed 215 MB
23:12:01 INFO    yt2ds.pipeline: [32/1130] 4k-IhoYvXEc -- ذكريات طفولة زوجي كشفت له الحقيقة اللي كان هارب منها 😭...؟ 🔥💔
Deprecated Feature: Support for Python version 3.10 has been deprecated. Please update to Python 3.11 or above
Deprecated Feature: Support for Python version 3.10 has been deprecated. Please update to Python 3.11 or above
23:12:16 INFO    yt2ds.pipeline: 4k-IhoYvXEc: 2521.5s of audio, -16.6 LUFS
23:12:16 INFO    yt2ds.pipeline: 4k-IhoYvXEc: 5985 subtitle words (yt_auto, ar)
23:12:16 INFO    yt2ds.stages.diarize: diarizing 4k-IhoYvXEc
23:13:27 INFO    yt2ds.stages.diarize: diarizer: 647 turns, 1 speakers, 0 overlap regions
23:13:27 INFO    yt2ds.pipeline: 4k-IhoYvXEc: 1 speakers, 647 turns
23:13:48 INFO    yt2ds.stages.vad: 4k-IhoYvXEc.16k: 512 speech regions, 2328.7s speech of 2521.5s (92%)
23:13:48 INFO    yt2ds.pipeline: 4k-IhoYvXEc: 460 candidate chunks
/home/ai2/saudi-youtube-data/youtube-to-dataset/src/yt2ds/stages/align.py:223: UserWarning: torchaudio.functional._alignment.forced_align has been deprecated. This deprecation is part of a large refactoring effort to transition TorchAudio into a maintenance phase. Please see https://github.com/pytorch/audio/issues/3902 for more information. It will be removed from the 2.9 release. 
  paths, scores = AF.forced_align(emissions, targets, blank=blank_id)
23:16:29 INFO    yt2ds.pipeline: 4k-IhoYvXEc: aligned 5985/5985 subtitle words
23:16:33 INFO    yt2ds.pipeline: 4k-IhoYvXEc: kept 286, rejected 174, 23.0 min of audio in 271s
23:16:33 INFO    yt2ds.pipeline: 4k-IhoYvXEc: freed 359 MB
23:16:33 INFO    yt2ds.pipeline: [33/1130] -AAxgTK8g8o -- ما توقعت إن البلاغ اللي أنقذها أول مرة.. يكون سبب مصيبتها الثانية! 🚨💔
Deprecated Feature: Support for Python version 3.10 has been deprecated. Please update to Python 3.11 or above
Deprecated Feature: Support for Python version 3.10 has been deprecated. Please update to Python 3.11 or above
23:16:43 INFO    yt2ds.pipeline: -AAxgTK8g8o: 1685.1s of audio, -16.5 LUFS
23:16:43 INFO    yt2ds.pipeline: -AAxgTK8g8o: 4049 subtitle words (yt_auto, ar)
23:16:43 INFO    yt2ds.stages.diarize: diarizing -AAxgTK8g8o
23:17:33 INFO    yt2ds.stages.diarize: diarizer: 343 turns, 2 speakers, 0 overlap regions
23:17:33 INFO    yt2ds.pipeline: -AAxgTK8g8o: 2 speakers, 343 turns
23:17:33 INFO    yt2ds.stages.diarize: collapsing 2 speakers to 1 (100% of speech)
23:17:47 INFO    yt2ds.stages.vad: -AAxgTK8g8o.16k: 195 speech regions, 1622.1s speech of 1685.1s (96%)
23:17:47 INFO    yt2ds.pipeline: -AAxgTK8g8o: 266 candidate chunks
23:19:06 INFO    yt2ds.stages.speakers: -AAxgTK8g8o_SPK1: dropped 2/266 chunks as off-centroid
/home/ai2/saudi-youtube-data/youtube-to-dataset/src/yt2ds/stages/align.py:223: UserWarning: torchaudio.functional._alignment.forced_align has been deprecated. This deprecation is part of a large refactoring effort to transition TorchAudio into a maintenance phase. Please see https://github.com/pytorch/audio/issues/3902 for more information. It will be removed from the 2.9 release. 
  paths, scores = AF.forced_align(emissions, targets, blank=blank_id)
23:19:31 INFO    yt2ds.pipeline: -AAxgTK8g8o: aligned 4049/4049 subtitle words
23:19:33 INFO    yt2ds.pipeline: -AAxgTK8g8o: kept 102, rejected 164, 9.1 min of audio in 180s
23:19:33 INFO    yt2ds.pipeline: -AAxgTK8g8o: freed 241 MB
23:19:33 INFO    yt2ds.pipeline: [34/1130] DnAG5T9Rr6A -- كنت أناديها أمي.. لكن اللي قالته عني دمرني! 😭🔥
Deprecated Feature: Support for Python version 3.10 has been deprecated. Please update to Python 3.11 or above
Deprecated Feature: Support for Python version 3.10 has been deprecated. Please update to Python 3.11 or above
23:19:47 INFO    yt2ds.pipeline: DnAG5T9Rr6A: 2290.6s of audio, -17.0 LUFS
23:19:47 INFO    yt2ds.pipeline: DnAG5T9Rr6A: 5528 subtitle words (yt_auto, ar)
23:19:47 INFO    yt2ds.stages.diarize: diarizing DnAG5T9Rr6A
23:20:53 INFO    yt2ds.stages.diarize: diarizer: 483 turns, 1 speakers, 0 overlap regions
23:20:53 INFO    yt2ds.pipeline: DnAG5T9Rr6A: 1 speakers, 483 turns
23:21:12 INFO    yt2ds.stages.vad: DnAG5T9Rr6A.16k: 294 speech regions, 2210.8s speech of 2290.6s (97%)
23:21:12 INFO    yt2ds.pipeline: DnAG5T9Rr6A: 380 candidate chunks
23:23:00 INFO    yt2ds.stages.speakers: DnAG5T9Rr6A_SPK1: dropped 1/380 chunks as off-centroid
/home/ai2/saudi-youtube-data/youtube-to-dataset/src/yt2ds/stages/align.py:223: UserWarning: torchaudio.functional._alignment.forced_align has been deprecated. This deprecation is part of a large refactoring effort to transition TorchAudio into a maintenance phase. Please see https://github.com/pytorch/audio/issues/3902 for more information. It will be removed from the 2.9 release. 
  paths, scores = AF.forced_align(emissions, targets, blank=blank_id)
23:23:33 INFO    yt2ds.pipeline: DnAG5T9Rr6A: aligned 5528/5528 subtitle words
23:23:37 INFO    yt2ds.pipeline: DnAG5T9Rr6A: kept 248, rejected 132, 25.1 min of audio in 244s
23:23:37 INFO    yt2ds.pipeline: DnAG5T9Rr6A: freed 328 MB
23:23:37 INFO    yt2ds.pipeline: [35/1130] QJkptxORdO4 -- اعتراف قلته بوقت خوف.. قلب زواجي جحيم! 😱🔥
Deprecated Feature: Support for Python version 3.10 has been deprecated. Please update to Python 3.11 or above
Deprecated Feature: Support for Python version 3.10 has been deprecated. Please update to Python 3.11 or above
23:23:53 INFO    yt2ds.pipeline: QJkptxORdO4: 2760.6s of audio, -16.9 LUFS
23:23:53 INFO    yt2ds.pipeline: QJkptxORdO4: 6571 subtitle words (yt_auto, ar)
23:23:53 INFO    yt2ds.stages.diarize: diarizing QJkptxORdO4
23:25:11 INFO    yt2ds.stages.diarize: diarizer: 549 turns, 1 speakers, 0 overlap regions
23:25:11 INFO    yt2ds.pipeline: QJkptxORdO4: 1 speakers, 549 turns
23:25:35 INFO    yt2ds.stages.vad: QJkptxORdO4.16k: 290 speech regions, 2664.0s speech of 2760.6s (96%)
23:25:35 INFO    yt2ds.pipeline: QJkptxORdO4: 442 candidate chunks
/home/ai2/saudi-youtube-data/youtube-to-dataset/src/yt2ds/stages/align.py:223: UserWarning: torchaudio.functional._alignment.forced_align has been deprecated. This deprecation is part of a large refactoring effort to transition TorchAudio into a maintenance phase. Please see https://github.com/pytorch/audio/issues/3902 for more information. It will be removed from the 2.9 release. 
  paths, scores = AF.forced_align(emissions, targets, blank=blank_id)
23:28:24 INFO    yt2ds.pipeline: QJkptxORdO4: aligned 6571/6571 subtitle words
23:28:29 INFO    yt2ds.pipeline: QJkptxORdO4: kept 279, rejected 163, 27.9 min of audio in 291s
23:28:29 INFO    yt2ds.pipeline: QJkptxORdO4: freed 394 MB
23:28:29 INFO    yt2ds.pipeline: [36/1130] SEZ1fWYFq6E -- 3 بنات غيروا حياتي بعد الله.. وما يدرون عني! 😭🔥
Deprecated Feature: Support for Python version 3.10 has been deprecated. Please update to Python 3.11 or above
Deprecated Feature: Support for Python version 3.10 has been deprecated. Please update to Python 3.11 or above
23:28:39 INFO    yt2ds.pipeline: SEZ1fWYFq6E: 1566.4s of audio, -16.3 LUFS
23:28:39 INFO    yt2ds.pipeline: SEZ1fWYFq6E: 3649 subtitle words (yt_auto, ar)
23:28:39 INFO    yt2ds.stages.diarize: diarizing SEZ1fWYFq6E
23:29:26 INFO    yt2ds.stages.diarize: diarizer: 348 turns, 1 speakers, 0 overlap regions
23:29:26 INFO    yt2ds.pipeline: SEZ1fWYFq6E: 1 speakers, 348 turns
23:29:39 INFO    yt2ds.stages.vad: SEZ1fWYFq6E.16k: 236 speech regions, 1493.2s speech of 1566.4s (95%)
23:29:39 INFO    yt2ds.pipeline: SEZ1fWYFq6E: 272 candidate chunks
/home/ai2/saudi-youtube-data/youtube-to-dataset/src/yt2ds/stages/align.py:223: UserWarning: torchaudio.functional._alignment.forced_align has been deprecated. This deprecation is part of a large refactoring effort to transition TorchAudio into a maintenance phase. Please see https://github.com/pytorch/audio/issues/3902 for more information. It will be removed from the 2.9 release. 
  paths, scores = AF.forced_align(emissions, targets, blank=blank_id)
23:31:18 INFO    yt2ds.pipeline: SEZ1fWYFq6E: aligned 3649/3649 subtitle words
23:31:20 INFO    yt2ds.pipeline: SEZ1fWYFq6E: kept 132, rejected 140, 11.7 min of audio in 171s
23:31:20 INFO    yt2ds.pipeline: SEZ1fWYFq6E: freed 224 MB
23:31:20 INFO    yt2ds.pipeline: [37/1130] -ygb_eMSmMI -- زعلت منه يوم قال لها: يا خاله.. وبعد 3 سنوات رجعت تطلب مساعدته! 😱💔🔥
Deprecated Feature: Support for Python version 3.10 has been deprecated. Please update to Python 3.11 or above
Deprecated Feature: Support for Python version 3.10 has been deprecated. Please update to Python 3.11 or above
23:31:28 INFO    yt2ds.pipeline: -ygb_eMSmMI: 1140.3s of audio, -16.2 LUFS
23:31:28 INFO    yt2ds.pipeline: -ygb_eMSmMI: 2575 subtitle words (yt_auto, ar)
23:31:28 INFO    yt2ds.stages.diarize: diarizing -ygb_eMSmMI
23:32:04 INFO    yt2ds.stages.diarize: diarizer: 259 turns, 2 speakers, 0 overlap regions
23:32:04 INFO    yt2ds.pipeline: -ygb_eMSmMI: 2 speakers, 259 turns
23:32:04 INFO    yt2ds.stages.diarize: collapsing 2 speakers to 1 (100% of speech)
23:32:13 INFO    yt2ds.stages.vad: -ygb_eMSmMI.16k: 131 speech regions, 1079.6s speech of 1140.3s (95%)
23:32:13 INFO    yt2ds.pipeline: -ygb_eMSmMI: 187 candidate chunks
/home/ai2/saudi-youtube-data/youtube-to-dataset/src/yt2ds/stages/align.py:223: UserWarning: torchaudio.functional._alignment.forced_align has been deprecated. This deprecation is part of a large refactoring effort to transition TorchAudio into a maintenance phase. Please see https://github.com/pytorch/audio/issues/3902 for more information. It will be removed from the 2.9 release. 
  paths, scores = AF.forced_align(emissions, targets, blank=blank_id)
23:33:21 INFO    yt2ds.pipeline: -ygb_eMSmMI: aligned 2575/2575 subtitle words
23:33:23 INFO    yt2ds.pipeline: -ygb_eMSmMI: kept 150, rejected 37, 14.2 min of audio in 123s
23:33:23 INFO    yt2ds.pipeline: -ygb_eMSmMI: freed 163 MB
23:33:23 INFO    yt2ds.pipeline: [38/1130] csOwdWVALFw -- سر قديم بين عائلتين حوّل زواجي إلى كابوس! 😱💔🔥
Deprecated Feature: Support for Python version 3.10 has been deprecated. Please update to Python 3.11 or above
Deprecated Feature: Support for Python version 3.10 has been deprecated. Please update to Python 3.11 or above
23:33:34 INFO    yt2ds.pipeline: csOwdWVALFw: 1740.6s of audio, -16.6 LUFS
23:33:34 INFO    yt2ds.pipeline: csOwdWVALFw: 3860 subtitle words (yt_auto, ar)
23:33:34 INFO    yt2ds.stages.diarize: diarizing csOwdWVALFw
23:34:25 INFO    yt2ds.stages.diarize: diarizer: 379 turns, 1 speakers, 0 overlap regions
23:34:25 INFO    yt2ds.pipeline: csOwdWVALFw: 1 speakers, 379 turns
23:34:40 INFO    yt2ds.stages.vad: csOwdWVALFw.16k: 225 speech regions, 1674.2s speech of 1740.6s (96%)
23:34:40 INFO    yt2ds.pipeline: csOwdWVALFw: 291 candidate chunks
/home/ai2/saudi-youtube-data/youtube-to-dataset/src/yt2ds/stages/align.py:223: UserWarning: torchaudio.functional._alignment.forced_align has been deprecated. This deprecation is part of a large refactoring effort to transition TorchAudio into a maintenance phase. Please see https://github.com/pytorch/audio/issues/3902 for more information. It will be removed from the 2.9 release. 
  paths, scores = AF.forced_align(emissions, targets, blank=blank_id)
23:36:24 INFO    yt2ds.pipeline: csOwdWVALFw: aligned 3860/3860 subtitle words
23:36:26 INFO    yt2ds.pipeline: csOwdWVALFw: kept 149, rejected 142, 14.5 min of audio in 183s
23:36:26 INFO    yt2ds.pipeline: csOwdWVALFw: freed 249 MB
23:36:26 INFO    yt2ds.pipeline: [39/1130] 8JTwkXfpwNc -- اخوي طرد زوجتي وعيالي بالشارع ..؟ وانصدمت من اللي قاله بالمحكمه..😱💔🔥
Deprecated Feature: Support for Python version 3.10 has been deprecated. Please update to Python 3.11 or above
Deprecated Feature: Support for Python version 3.10 has been deprecated. Please update to Python 3.11 or above
23:36:33 INFO    yt2ds.pipeline: 8JTwkXfpwNc: 1081.9s of audio, -16.8 LUFS
23:36:33 INFO    yt2ds.pipeline: 8JTwkXfpwNc: 2607 subtitle words (yt_auto, ar)
23:36:33 INFO    yt2ds.stages.diarize: diarizing 8JTwkXfpwNc
23:37:08 INFO    yt2ds.stages.diarize: diarizer: 254 turns, 1 speakers, 0 overlap regions
23:37:08 INFO    yt2ds.pipeline: 8JTwkXfpwNc: 1 speakers, 254 turns
23:37:17 INFO    yt2ds.stages.vad: 8JTwkXfpwNc.16k: 158 speech regions, 1033.4s speech of 1081.9s (96%)
23:37:17 INFO    yt2ds.pipeline: 8JTwkXfpwNc: 186 candidate chunks
/home/ai2/saudi-youtube-data/youtube-to-dataset/src/yt2ds/stages/align.py:223: UserWarning: torchaudio.functional._alignment.forced_align has been deprecated. This deprecation is part of a large refactoring effort to transition TorchAudio into a maintenance phase. Please see https://github.com/pytorch/audio/issues/3902 for more information. It will be removed from the 2.9 release. 
  paths, scores = AF.forced_align(emissions, targets, blank=blank_id)
23:38:21 INFO    yt2ds.pipeline: 8JTwkXfpwNc: aligned 2607/2607 subtitle words
23:38:22 INFO    yt2ds.pipeline: 8JTwkXfpwNc: kept 93, rejected 93, 8.6 min of audio in 116s
23:38:22 INFO    yt2ds.pipeline: 8JTwkXfpwNc: freed 155 MB
23:38:22 INFO    yt2ds.pipeline: [40/1130] Ht9sYD13Et4 -- كلمه قالتها زوجتي عن اخوي ..خلت ابوي يجلس بالحوش ايام...😱🔥😭
Deprecated Feature: Support for Python version 3.10 has been deprecated. Please update to Python 3.11 or above
Deprecated Feature: Support for Python version 3.10 has been deprecated. Please update to Python 3.11 or above
23:38:30 INFO    yt2ds.pipeline: Ht9sYD13Et4: 1244.5s of audio, -16.1 LUFS
23:38:30 INFO    yt2ds.pipeline: Ht9sYD13Et4: 2881 subtitle words (yt_auto, ar)
23:38:30 INFO    yt2ds.stages.diarize: diarizing Ht9sYD13Et4
23:39:09 INFO    yt2ds.stages.diarize: diarizer: 311 turns, 1 speakers, 0 overlap regions
23:39:09 INFO    yt2ds.pipeline: Ht9sYD13Et4: 1 speakers, 311 turns
23:39:19 INFO    yt2ds.stages.vad: Ht9sYD13Et4.16k: 203 speech regions, 1177.2s speech of 1244.5s (95%)
23:39:19 INFO    yt2ds.pipeline: Ht9sYD13Et4: 213 candidate chunks
/home/ai2/saudi-youtube-data/youtube-to-dataset/src/yt2ds/stages/align.py:223: UserWarning: torchaudio.functional._alignment.forced_align has been deprecated. This deprecation is part of a large refactoring effort to transition TorchAudio into a maintenance phase. Please see https://github.com/pytorch/audio/issues/3902 for more information. It will be removed from the 2.9 release. 
  paths, scores = AF.forced_align(emissions, targets, blank=blank_id)
23:40:39 INFO    yt2ds.pipeline: Ht9sYD13Et4: aligned 2881/2881 subtitle words
23:40:41 INFO    yt2ds.pipeline: Ht9sYD13Et4: kept 174, rejected 39, 15.6 min of audio in 138s
23:40:41 INFO    yt2ds.pipeline: Ht9sYD13Et4: freed 178 MB
23:40:41 INFO    yt2ds.pipeline: [41/1130] Lcg_W5hKbd8 -- عشت رعب حقيقي بنص الليل وبمحطة البنزين .. والسبب سلفتي الغيوره..؟😱🔥💔
Deprecated Feature: Support for Python version 3.10 has been deprecated. Please update to Python 3.11 or above
Deprecated Feature: Support for Python version 3.10 has been deprecated. Please update to Python 3.11 or above
23:41:26 INFO    yt2ds.pipeline: Lcg_W5hKbd8: 7594.1s of audio, -17.3 LUFS
23:41:27 INFO    yt2ds.pipeline: Lcg_W5hKbd8: 18565 subtitle words (yt_auto, ar)
23:41:27 INFO    yt2ds.stages.diarize: diarizing Lcg_W5hKbd8
23:44:54 INFO    yt2ds.stages.diarize: diarizer: 1724 turns, 2 speakers, 0 overlap regions
23:44:54 INFO    yt2ds.pipeline: Lcg_W5hKbd8: 2 speakers, 1724 turns
23:44:54 INFO    yt2ds.stages.diarize: collapsing 2 speakers to 1 (100% of speech)
23:45:58 INFO    yt2ds.stages.vad: Lcg_W5hKbd8.16k: 1025 speech regions, 7291.4s speech of 7594.1s (96%)
23:45:58 INFO    yt2ds.pipeline: Lcg_W5hKbd8: 1272 candidate chunks
23:51:51 INFO    yt2ds.stages.speakers: Lcg_W5hKbd8_SPK1: dropped 1/1272 chunks as off-centroid
/home/ai2/saudi-youtube-data/youtube-to-dataset/src/yt2ds/stages/align.py:223: UserWarning: torchaudio.functional._alignment.forced_align has been deprecated. This deprecation is part of a large refactoring effort to transition TorchAudio into a maintenance phase. Please see https://github.com/pytorch/audio/issues/3902 for more information. It will be removed from the 2.9 release. 
  paths, scores = AF.forced_align(emissions, targets, blank=blank_id)
23:53:51 INFO    yt2ds.pipeline: Lcg_W5hKbd8: aligned 18565/18565 subtitle words
23:54:08 INFO    yt2ds.pipeline: Lcg_W5hKbd8: kept 1133, rejected 139, 106.0 min of audio in 807s
23:54:09 INFO    yt2ds.pipeline: Lcg_W5hKbd8: freed 1086 MB
23:54:09 INFO    yt2ds.pipeline: [42/1130] uclSdj9WEDU -- نزلت طلب مساعده بجريده واللي سووه اخواني صدمني ...؟ 😭💔🔥
Deprecated Feature: Support for Python version 3.10 has been deprecated. Please update to Python 3.11 or above
Deprecated Feature: Support for Python version 3.10 has been deprecated. Please update to Python 3.11 or above
23:54:20 INFO    yt2ds.pipeline: uclSdj9WEDU: 1620.5s of audio, -17.3 LUFS
23:54:20 INFO    yt2ds.pipeline: uclSdj9WEDU: 3643 subtitle words (yt_auto, ar)
23:54:20 INFO    yt2ds.stages.diarize: diarizing uclSdj9WEDU
23:55:08 INFO    yt2ds.stages.diarize: diarizer: 385 turns, 2 speakers, 0 overlap regions
23:55:08 INFO    yt2ds.pipeline: uclSdj9WEDU: 2 speakers, 385 turns
23:55:08 INFO    yt2ds.stages.diarize: collapsing 2 speakers to 2 (100% of speech)
23:55:22 INFO    yt2ds.stages.vad: uclSdj9WEDU.16k: 203 speech regions, 1543.1s speech of 1620.5s (95%)
23:55:22 INFO    yt2ds.pipeline: uclSdj9WEDU: 273 candidate chunks
23:56:37 INFO    yt2ds.stages.speakers: uclSdj9WEDU_SPK2: dropped 1/273 chunks as off-centroid
/home/ai2/saudi-youtube-data/youtube-to-dataset/src/yt2ds/stages/align.py:223: UserWarning: torchaudio.functional._alignment.forced_align has been deprecated. This deprecation is part of a large refactoring effort to transition TorchAudio into a maintenance phase. Please see https://github.com/pytorch/audio/issues/3902 for more information. It will be removed from the 2.9 release. 
  paths, scores = AF.forced_align(emissions, targets, blank=blank_id)
23:57:00 INFO    yt2ds.pipeline: uclSdj9WEDU: aligned 3643/3643 subtitle words
23:57:04 INFO    yt2ds.pipeline: uclSdj9WEDU: kept 256, rejected 17, 23.1 min of audio in 175s
23:57:04 INFO    yt2ds.pipeline: uclSdj9WEDU: freed 232 MB
23:57:04 INFO    yt2ds.pipeline: [43/1130] -GPQeIXN0Dg -- من محل اتصالات إلى التوقيف خلال ساعات بسبب رسالة! 💔😱
Deprecated Feature: Support for Python version 3.10 has been deprecated. Please update to Python 3.11 or above
Deprecated Feature: Support for Python version 3.10 has been deprecated. Please update to Python 3.11 or above
23:57:13 INFO    yt2ds.pipeline: -GPQeIXN0Dg: 1323.0s of audio, -17.0 LUFS
23:57:13 INFO    yt2ds.pipeline: -GPQeIXN0Dg: 3167 subtitle words (yt_auto, ar)
23:57:13 INFO    yt2ds.stages.diarize: diarizing -GPQeIXN0Dg
23:57:54 INFO    yt2ds.stages.diarize: diarizer: 345 turns, 1 speakers, 0 overlap regions
23:57:54 INFO    yt2ds.pipeline: -GPQeIXN0Dg: 1 speakers, 345 turns
23:58:05 INFO    yt2ds.stages.vad: -GPQeIXN0Dg.16k: 204 speech regions, 1248.0s speech of 1323.0s (94%)
23:58:05 INFO    yt2ds.pipeline: -GPQeIXN0Dg: 237 candidate chunks
23:59:12 INFO    yt2ds.stages.speakers: -GPQeIXN0Dg_SPK1: dropped 1/237 chunks as off-centroid
/home/ai2/saudi-youtube-data/youtube-to-dataset/src/yt2ds/stages/align.py:223: UserWarning: torchaudio.functional._alignment.forced_align has been deprecated. This deprecation is part of a large refactoring effort to transition TorchAudio into a maintenance phase. Please see https://github.com/pytorch/audio/issues/3902 for more information. It will be removed from the 2.9 release. 
  paths, scores = AF.forced_align(emissions, targets, blank=blank_id)
23:59:30 INFO    yt2ds.pipeline: -GPQeIXN0Dg: aligned 3167/3167 subtitle words
23:59:32 INFO    yt2ds.pipeline: -GPQeIXN0Dg: kept 221, rejected 16, 18.6 min of audio in 148s
23:59:32 INFO    yt2ds.pipeline: -GPQeIXN0Dg: freed 189 MB
23:59:33 INFO    yt2ds.pipeline: [44/1130] x3TWDq5Czn0 -- كانت تبكي على كتفي... وتخطط من ورا ظهري .. 😱💔🔥
Deprecated Feature: Support for Python version 3.10 has been deprecated. Please update to Python 3.11 or above
Deprecated Feature: Support for Python version 3.10 has been deprecated. Please update to Python 3.11 or above
23:59:50 INFO    yt2ds.pipeline: x3TWDq5Czn0: 2880.5s of audio, -16.9 LUFS
23:59:50 INFO    yt2ds.pipeline: x3TWDq5Czn0: 6719 subtitle words (yt_auto, ar)
23:59:50 INFO    yt2ds.stages.diarize: diarizing x3TWDq5Czn0
00:01:11 INFO    yt2ds.stages.diarize: diarizer: 783 turns, 2 speakers, 0 overlap regions
00:01:11 INFO    yt2ds.pipeline: x3TWDq5Czn0: 2 speakers, 783 turns
00:01:11 INFO    yt2ds.stages.diarize: collapsing 2 speakers to 2 (100% of speech)
00:01:36 INFO    yt2ds.stages.vad: x3TWDq5Czn0.16k: 484 speech regions, 2721.9s speech of 2880.5s (94%)
00:01:36 INFO    yt2ds.pipeline: x3TWDq5Czn0: 533 candidate chunks
/home/ai2/saudi-youtube-data/youtube-to-dataset/src/yt2ds/stages/align.py:223: UserWarning: torchaudio.functional._alignment.forced_align has been deprecated. This deprecation is part of a large refactoring effort to transition TorchAudio into a maintenance phase. Please see https://github.com/pytorch/audio/issues/3902 for more information. It will be removed from the 2.9 release. 
  paths, scores = AF.forced_align(emissions, targets, blank=blank_id)
00:04:41 INFO    yt2ds.pipeline: x3TWDq5Czn0: aligned 6719/6719 subtitle words
00:04:47 INFO    yt2ds.pipeline: x3TWDq5Czn0: kept 497, rejected 36, 40.2 min of audio in 314s
00:04:47 INFO    yt2ds.pipeline: x3TWDq5Czn0: freed 411 MB
00:04:47 INFO    yt2ds.pipeline: [45/1130] WUXht05VMIc -- من خلف الشاشة بدأت المأساة..." 😱🔥
Deprecated Feature: Support for Python version 3.10 has been deprecated. Please update to Python 3.11 or above
Deprecated Feature: Support for Python version 3.10 has been deprecated. Please update to Python 3.11 or above
00:04:56 INFO    yt2ds.pipeline: WUXht05VMIc: 1500.8s of audio, -17.5 LUFS
00:04:56 INFO    yt2ds.pipeline: WUXht05VMIc: 3389 subtitle words (yt_auto, ar)
00:04:56 INFO    yt2ds.stages.diarize: diarizing WUXht05VMIc
00:05:42 INFO    yt2ds.stages.diarize: diarizer: 354 turns, 1 speakers, 0 overlap regions
00:05:42 INFO    yt2ds.pipeline: WUXht05VMIc: 1 speakers, 354 turns
00:05:55 INFO    yt2ds.stages.vad: WUXht05VMIc.16k: 232 speech regions, 1422.2s speech of 1500.8s (95%)
00:05:55 INFO    yt2ds.pipeline: WUXht05VMIc: 254 candidate chunks
00:07:06 INFO    yt2ds.stages.speakers: WUXht05VMIc_SPK1: dropped 1/252 chunks as off-centroid
/home/ai2/saudi-youtube-data/youtube-to-dataset/src/yt2ds/stages/align.py:223: UserWarning: torchaudio.functional._alignment.forced_align has been deprecated. This deprecation is part of a large refactoring effort to transition TorchAudio into a maintenance phase. Please see https://github.com/pytorch/audio/issues/3902 for more information. It will be removed from the 2.9 release. 
  paths, scores = AF.forced_align(emissions, targets, blank=blank_id)
00:07:27 INFO    yt2ds.pipeline: WUXht05VMIc: aligned 3389/3389 subtitle words
00:07:30 INFO    yt2ds.pipeline: WUXht05VMIc: kept 219, rejected 35, 20.2 min of audio in 162s
00:07:30 INFO    yt2ds.pipeline: WUXht05VMIc: freed 214 MB
00:07:30 INFO    yt2ds.pipeline: [46/1130] DGlPX8f7nTA -- ورث امي من ابوها قلب حياتنا جحيم .. اللي سوته صدمه .؟ 😭💔💥
Deprecated Feature: Support for Python version 3.10 has been deprecated. Please update to Python 3.11 or above
Deprecated Feature: Support for Python version 3.10 has been deprecated. Please update to Python 3.11 or above
00:07:39 INFO    yt2ds.pipeline: DGlPX8f7nTA: 1329.8s of audio, -15.4 LUFS
00:07:39 INFO    yt2ds.pipeline: DGlPX8f7nTA: 3309 subtitle words (yt_auto, ar)
00:07:39 INFO    yt2ds.stages.diarize: diarizing DGlPX8f7nTA
00:08:19 INFO    yt2ds.stages.diarize: diarizer: 339 turns, 1 speakers, 0 overlap regions
00:08:19 INFO    yt2ds.pipeline: DGlPX8f7nTA: 1 speakers, 339 turns
00:08:30 INFO    yt2ds.stages.vad: DGlPX8f7nTA.16k: 221 speech regions, 1260.0s speech of 1329.8s (95%)
00:08:30 INFO    yt2ds.pipeline: DGlPX8f7nTA: 244 candidate chunks
00:09:36 INFO    yt2ds.stages.speakers: DGlPX8f7nTA_SPK1: dropped 1/244 chunks as off-centroid
/home/ai2/saudi-youtube-data/youtube-to-dataset/src/yt2ds/stages/align.py:223: UserWarning: torchaudio.functional._alignment.forced_align has been deprecated. This deprecation is part of a large refactoring effort to transition TorchAudio into a maintenance phase. Please see https://github.com/pytorch/audio/issues/3902 for more information. It will be removed from the 2.9 release. 
  paths, scores = AF.forced_align(emissions, targets, blank=blank_id)
00:09:53 INFO    yt2ds.pipeline: DGlPX8f7nTA: aligned 3309/3309 subtitle words
00:09:56 INFO    yt2ds.pipeline: DGlPX8f7nTA: kept 216, rejected 28, 18.2 min of audio in 146s
00:09:56 INFO    yt2ds.pipeline: DGlPX8f7nTA: freed 190 MB
00:09:56 INFO    yt2ds.pipeline: [47/1130] tCoG7chkCGI -- من زوج مؤذي لزوج يقول لي انتي اجمل رزق..🥰..؟ خلال سنه بس ؟
Deprecated Feature: Support for Python version 3.10 has been deprecated. Please update to Python 3.11 or above
Deprecated Feature: Support for Python version 3.10 has been deprecated. Please update to Python 3.11 or above
00:10:02 INFO    yt2ds.pipeline: tCoG7chkCGI: 918.6s of audio, -16.8 LUFS
00:10:02 INFO    yt2ds.pipeline: tCoG7chkCGI: 2208 subtitle words (yt_auto, ar)
00:10:02 INFO    yt2ds.stages.diarize: diarizing tCoG7chkCGI
00:10:32 INFO    yt2ds.stages.diarize: diarizer: 200 turns, 1 speakers, 0 overlap regions
00:10:32 INFO    yt2ds.pipeline: tCoG7chkCGI: 1 speakers, 200 turns
00:10:40 INFO    yt2ds.stages.vad: tCoG7chkCGI.16k: 120 speech regions, 881.2s speech of 918.6s (96%)
00:10:40 INFO    yt2ds.pipeline: tCoG7chkCGI: 148 candidate chunks
00:11:25 INFO    yt2ds.stages.speakers: tCoG7chkCGI_SPK1: dropped 1/148 chunks as off-centroid
/home/ai2/saudi-youtube-data/youtube-to-dataset/src/yt2ds/stages/align.py:223: UserWarning: torchaudio.functional._alignment.forced_align has been deprecated. This deprecation is part of a large refactoring effort to transition TorchAudio into a maintenance phase. Please see https://github.com/pytorch/audio/issues/3902 for more information. It will be removed from the 2.9 release. 
  paths, scores = AF.forced_align(emissions, targets, blank=blank_id)
00:11:39 INFO    yt2ds.pipeline: tCoG7chkCGI: aligned 2208/2208 subtitle words
00:11:41 INFO    yt2ds.pipeline: tCoG7chkCGI: kept 123, rejected 25, 11.9 min of audio in 105s
00:11:41 INFO    yt2ds.pipeline: tCoG7chkCGI: freed 132 MB
00:11:41 INFO    yt2ds.pipeline: [48/1130] 6kVS2EoenZs -- قررت أسمع كلام الحرمة بالمستشفى… وحطيت هالشي بموية البيت......؟ 😱🔥💔
Deprecated Feature: Support for Python version 3.10 has been deprecated. Please update to Python 3.11 or above
Deprecated Feature: Support for Python version 3.10 has been deprecated. Please update to Python 3.11 or above
00:11:49 INFO    yt2ds.pipeline: 6kVS2EoenZs: 1200.2s of audio, -16.3 LUFS
00:11:49 INFO    yt2ds.pipeline: 6kVS2EoenZs: 2816 subtitle words (yt_auto, ar)
00:11:49 INFO    yt2ds.stages.diarize: diarizing 6kVS2EoenZs
00:12:26 INFO    yt2ds.stages.diarize: diarizer: 317 turns, 1 speakers, 0 overlap regions
00:12:26 INFO    yt2ds.pipeline: 6kVS2EoenZs: 1 speakers, 317 turns
00:12:37 INFO    yt2ds.stages.vad: 6kVS2EoenZs.16k: 171 speech regions, 1150.5s speech of 1200.2s (96%)
00:12:37 INFO    yt2ds.pipeline: 6kVS2EoenZs: 211 candidate chunks
/home/ai2/saudi-youtube-data/youtube-to-dataset/src/yt2ds/stages/align.py:223: UserWarning: torchaudio.functional._alignment.forced_align has been deprecated. This deprecation is part of a large refactoring effort to transition TorchAudio into a maintenance phase. Please see https://github.com/pytorch/audio/issues/3902 for more information. It will be removed from the 2.9 release. 
  paths, scores = AF.forced_align(emissions, targets, blank=blank_id)
00:13:54 INFO    yt2ds.pipeline: 6kVS2EoenZs: aligned 2816/2816 subtitle words
00:13:57 INFO    yt2ds.pipeline: 6kVS2EoenZs: kept 200, rejected 11, 17.8 min of audio in 135s
00:13:57 INFO    yt2ds.pipeline: 6kVS2EoenZs: freed 171 MB
00:13:57 INFO    yt2ds.pipeline: [49/1130] mk6vxkWh_F4 -- بين أمي وشغالتنا … أبوي عاش أصعب لحظة بحياته ...؟🔥💔😭
Deprecated Feature: Support for Python version 3.10 has been deprecated. Please update to Python 3.11 or above
Deprecated Feature: Support for Python version 3.10 has been deprecated. Please update to Python 3.11 or above
00:14:08 INFO    yt2ds.pipeline: mk6vxkWh_F4: 1579.6s of audio, -16.5 LUFS
00:14:08 INFO    yt2ds.pipeline: mk6vxkWh_F4: 3824 subtitle words (yt_auto, ar)
00:14:08 INFO    yt2ds.stages.diarize: diarizing mk6vxkWh_F4
00:14:55 INFO    yt2ds.stages.diarize: diarizer: 375 turns, 1 speakers, 0 overlap regions
00:14:55 INFO    yt2ds.pipeline: mk6vxkWh_F4: 1 speakers, 375 turns
00:15:08 INFO    yt2ds.stages.vad: mk6vxkWh_F4.16k: 208 speech regions, 1515.4s speech of 1579.6s (96%)
00:15:08 INFO    yt2ds.pipeline: mk6vxkWh_F4: 275 candidate chunks
/home/ai2/saudi-youtube-data/youtube-to-dataset/src/yt2ds/stages/align.py:223: UserWarning: torchaudio.functional._alignment.forced_align has been deprecated. This deprecation is part of a large refactoring effort to transition TorchAudio into a maintenance phase. Please see https://github.com/pytorch/audio/issues/3902 for more information. It will be removed from the 2.9 release. 
  paths, scores = AF.forced_align(emissions, targets, blank=blank_id)
00:16:49 INFO    yt2ds.pipeline: mk6vxkWh_F4: aligned 3824/3824 subtitle words
00:16:52 INFO    yt2ds.pipeline: mk6vxkWh_F4: kept 249, rejected 26, 21.8 min of audio in 175s
00:16:52 INFO    yt2ds.pipeline: mk6vxkWh_F4: freed 226 MB
00:16:52 INFO    yt2ds.pipeline: [50/1130] UL4KqWbWYFs -- كل ماحتاج فلوس دق ع الخطابه يحرج ع بناته ..لين طيحوني مع واحد ...😱💥..?
Deprecated Feature: Support for Python version 3.10 has been deprecated. Please update to Python 3.11 or above
Deprecated Feature: Support for Python version 3.10 has been deprecated. Please update to Python 3.11 or above
00:17:08 INFO    yt2ds.pipeline: UL4KqWbWYFs: 2404.5s of audio, -16.4 LUFS
00:17:08 INFO    yt2ds.pipeline: UL4KqWbWYFs: 5647 subtitle words (yt_auto, ar)
00:17:08 INFO    yt2ds.stages.diarize: diarizing UL4KqWbWYFs
00:18:17 INFO    yt2ds.stages.diarize: diarizer: 574 turns, 2 speakers, 1 overlap regions
00:18:17 INFO    yt2ds.pipeline: UL4KqWbWYFs: 2 speakers, 574 turns
00:18:17 INFO    yt2ds.stages.diarize: collapsing 2 speakers to 1 (100% of speech)
00:18:36 INFO    yt2ds.stages.vad: UL4KqWbWYFs.16k: 380 speech regions, 2291.0s speech of 2404.5s (95%)
00:18:36 INFO    yt2ds.stages.segment: overlap removal dropped 0.2s of speech
00:18:37 INFO    yt2ds.pipeline: UL4KqWbWYFs: 429 candidate chunks
00:20:31 INFO    yt2ds.stages.speakers: UL4KqWbWYFs_SPK1: dropped 2/429 chunks as off-centroid
/home/ai2/saudi-youtube-data/youtube-to-dataset/src/yt2ds/stages/align.py:223: UserWarning: torchaudio.functional._alignment.forced_align has been deprecated. This deprecation is part of a large refactoring effort to transition TorchAudio into a maintenance phase. Please see https://github.com/pytorch/audio/issues/3902 for more information. It will be removed from the 2.9 release. 
  paths, scores = AF.forced_align(emissions, targets, blank=blank_id)
00:21:06 INFO    yt2ds.pipeline: UL4KqWbWYFs: aligned 5647/5647 subtitle words
00:21:11 INFO    yt2ds.pipeline: UL4KqWbWYFs: kept 332, rejected 97, 30.1 min of audio in 258s
00:21:11 INFO    yt2ds.pipeline: UL4KqWbWYFs: freed 343 MB
00:21:11 INFO    yt2ds.pipeline: [51/1130] M09eVU0hiG8 -- زوجي عطى طليقي فلوس عشان يبعده ؟../ واللي صار قبل النطق بحكم الحضانه قلب الموازيين...؟😭🔥💔
Deprecated Feature: Support for Python version 3.10 has been deprecated. Please update to Python 3.11 or above
Deprecated Feature: Support for Python version 3.10 has been deprecated. Please update to Python 3.11 or above
00:21:24 INFO    yt2ds.pipeline: M09eVU0hiG8: 2231.3s of audio, -16.6 LUFS
00:21:24 INFO    yt2ds.pipeline: M09eVU0hiG8: 5137 subtitle words (yt_auto, ar)
00:21:24 INFO    yt2ds.stages.diarize: diarizing M09eVU0hiG8
00:22:28 INFO    yt2ds.stages.diarize: diarizer: 549 turns, 1 speakers, 0 overlap regions
00:22:28 INFO    yt2ds.pipeline: M09eVU0hiG8: 1 speakers, 549 turns
00:22:46 INFO    yt2ds.stages.vad: M09eVU0hiG8.16k: 429 speech regions, 2099.2s speech of 2231.3s (94%)
00:22:46 INFO    yt2ds.pipeline: M09eVU0hiG8: 411 candidate chunks
00:24:36 INFO    yt2ds.stages.speakers: M09eVU0hiG8_SPK1: dropped 2/410 chunks as off-centroid
/home/ai2/saudi-youtube-data/youtube-to-dataset/src/yt2ds/stages/align.py:223: UserWarning: torchaudio.functional._alignment.forced_align has been deprecated. This deprecation is part of a large refactoring effort to transition TorchAudio into a maintenance phase. Please see https://github.com/pytorch/audio/issues/3902 for more information. It will be removed from the 2.9 release. 
  paths, scores = AF.forced_align(emissions, targets, blank=blank_id)
00:25:08 INFO    yt2ds.pipeline: M09eVU0hiG8: aligned 5137/5137 subtitle words
00:25:12 INFO    yt2ds.pipeline: M09eVU0hiG8: kept 365, rejected 46, 30.1 min of audio in 241s
00:25:12 INFO    yt2ds.pipeline: M09eVU0hiG8: freed 318 MB
00:25:12 INFO    yt2ds.pipeline: [52/1130] LYYv_XJHLnM -- أبوي كسرني قدام عيالي… والسبب عمي ... ؟😭🔥💔
Deprecated Feature: Support for Python version 3.10 has been deprecated. Please update to Python 3.11 or above
Deprecated Feature: Support for Python version 3.10 has been deprecated. Please update to Python 3.11 or above
00:25:22 INFO    yt2ds.pipeline: LYYv_XJHLnM: 1597.1s of audio, -16.6 LUFS
00:25:22 INFO    yt2ds.pipeline: LYYv_XJHLnM: 3733 subtitle words (yt_auto, ar)
00:25:22 INFO    yt2ds.stages.diarize: diarizing LYYv_XJHLnM
00:26:09 INFO    yt2ds.stages.diarize: diarizer: 350 turns, 1 speakers, 0 overlap regions
00:26:09 INFO    yt2ds.pipeline: LYYv_XJHLnM: 1 speakers, 350 turns
00:26:22 INFO    yt2ds.stages.vad: LYYv_XJHLnM.16k: 252 speech regions, 1521.3s speech of 1597.1s (95%)
00:26:22 INFO    yt2ds.pipeline: LYYv_XJHLnM: 256 candidate chunks
00:27:35 INFO    yt2ds.stages.speakers: LYYv_XJHLnM_SPK1: dropped 1/255 chunks as off-centroid
/home/ai2/saudi-youtube-data/youtube-to-dataset/src/yt2ds/stages/align.py:223: UserWarning: torchaudio.functional._alignment.forced_align has been deprecated. This deprecation is part of a large refactoring effort to transition TorchAudio into a maintenance phase. Please see https://github.com/pytorch/audio/issues/3902 for more information. It will be removed from the 2.9 release. 
  paths, scores = AF.forced_align(emissions, targets, blank=blank_id)
00:27:58 INFO    yt2ds.pipeline: LYYv_XJHLnM: aligned 3733/3733 subtitle words
00:28:00 INFO    yt2ds.pipeline: LYYv_XJHLnM: kept 196, rejected 60, 19.4 min of audio in 168s
00:28:00 INFO    yt2ds.pipeline: LYYv_XJHLnM: freed 228 MB
00:28:00 INFO    yt2ds.pipeline: [53/1130] 7hJ6vkyaW2M -- ابتزني شخص واتصلت بطليقي عشان يساعدني.. اللي صار ماتمناه لعدوي😭😭💔🔥....
Deprecated Feature: Support for Python version 3.10 has been deprecated. Please update to Python 3.11 or above
Deprecated Feature: Support for Python version 3.10 has been deprecated. Please update to Python 3.11 or above
00:28:16 INFO    yt2ds.pipeline: 7hJ6vkyaW2M: 2420.9s of audio, -17.5 LUFS
00:28:16 INFO    yt2ds.pipeline: 7hJ6vkyaW2M: 5674 subtitle words (yt_auto, ar)
00:28:16 INFO    yt2ds.stages.diarize: diarizing 7hJ6vkyaW2M
00:29:25 INFO    yt2ds.stages.diarize: diarizer: 587 turns, 2 speakers, 0 overlap regions
00:29:25 INFO    yt2ds.pipeline: 7hJ6vkyaW2M: 2 speakers, 587 turns
00:29:25 INFO    yt2ds.stages.diarize: collapsing 2 speakers to 1 (100% of speech)
00:29:45 INFO    yt2ds.stages.vad: 7hJ6vkyaW2M.16k: 434 speech regions, 2269.5s speech of 2420.9s (94%)
00:29:45 INFO    yt2ds.pipeline: 7hJ6vkyaW2M: 418 candidate chunks
00:31:39 INFO    yt2ds.stages.speakers: 7hJ6vkyaW2M_SPK1: dropped 2/417 chunks as off-centroid
/home/ai2/saudi-youtube-data/youtube-to-dataset/src/yt2ds/stages/align.py:223: UserWarning: torchaudio.functional._alignment.forced_align has been deprecated. This deprecation is part of a large refactoring effort to transition TorchAudio into a maintenance phase. Please see https://github.com/pytorch/audio/issues/3902 for more information. It will be removed from the 2.9 release. 
  paths, scores = AF.forced_align(emissions, targets, blank=blank_id)
00:32:14 INFO    yt2ds.pipeline: 7hJ6vkyaW2M: aligned 5674/5674 subtitle words
00:32:19 INFO    yt2ds.pipeline: 7hJ6vkyaW2M: kept 372, rejected 46, 32.2 min of audio in 259s
00:32:19 INFO    yt2ds.pipeline: 7hJ6vkyaW2M: freed 345 MB
00:32:19 INFO    yt2ds.pipeline: [54/1130] AfioVgn5J6c -- ساعدت بنته وعزمته على عرسي .. ماتوقعت اللي سواه ...؟💔😭🔥
Deprecated Feature: Support for Python version 3.10 has been deprecated. Please update to Python 3.11 or above
Deprecated Feature: Support for Python version 3.10 has been deprecated. Please update to Python 3.11 or above
00:32:31 INFO    yt2ds.pipeline: AfioVgn5J6c: 1704.3s of audio, -17.0 LUFS
00:32:31 INFO    yt2ds.pipeline: AfioVgn5J6c: 4060 subtitle words (yt_auto, ar)
00:32:31 INFO    yt2ds.stages.diarize: diarizing AfioVgn5J6c
00:33:21 INFO    yt2ds.stages.diarize: diarizer: 448 turns, 1 speakers, 0 overlap regions
00:33:21 INFO    yt2ds.pipeline: AfioVgn5J6c: 1 speakers, 448 turns
00:33:35 INFO    yt2ds.stages.vad: AfioVgn5J6c.16k: 272 speech regions, 1619.9s speech of 1704.3s (95%)
00:33:35 INFO    yt2ds.pipeline: AfioVgn5J6c: 293 candidate chunks
00:35:01 INFO    yt2ds.stages.speakers: AfioVgn5J6c_SPK1: dropped 2/293 chunks as off-centroid
/home/ai2/saudi-youtube-data/youtube-to-dataset/src/yt2ds/stages/align.py:223: UserWarning: torchaudio.functional._alignment.forced_align has been deprecated. This deprecation is part of a large refactoring effort to transition TorchAudio into a maintenance phase. Please see https://github.com/pytorch/audio/issues/3902 for more information. It will be removed from the 2.9 release. 
  paths, scores = AF.forced_align(emissions, targets, blank=blank_id)
00:35:27 INFO    yt2ds.pipeline: AfioVgn5J6c: aligned 4060/4060 subtitle words
00:35:30 INFO    yt2ds.pipeline: AfioVgn5J6c: kept 261, rejected 32, 22.7 min of audio in 190s
00:35:30 INFO    yt2ds.pipeline: AfioVgn5J6c: freed 243 MB
00:35:30 INFO    yt2ds.pipeline: [55/1130] F5uReXDxOz0 -- أنا السبب… وهذه الحقيقة اللي كسرتني ومستحيل اتخطاها ؟.. 😭🔥💔
Deprecated Feature: Support for Python version 3.10 has been deprecated. Please update to Python 3.11 or above
Deprecated Feature: Support for Python version 3.10 has been deprecated. Please update to Python 3.11 or above
00:35:38 INFO    yt2ds.pipeline: F5uReXDxOz0: 1358.8s of audio, -17.9 LUFS
00:35:39 INFO    yt2ds.pipeline: F5uReXDxOz0: 3144 subtitle words (yt_auto, ar)
00:35:39 INFO    yt2ds.stages.diarize: diarizing F5uReXDxOz0
00:36:20 INFO    yt2ds.stages.diarize: diarizer: 289 turns, 1 speakers, 0 overlap regions
00:36:20 INFO    yt2ds.pipeline: F5uReXDxOz0: 1 speakers, 289 turns
00:36:32 INFO    yt2ds.stages.vad: F5uReXDxOz0.16k: 203 speech regions, 1299.4s speech of 1358.8s (96%)
00:36:32 INFO    yt2ds.pipeline: F5uReXDxOz0: 214 candidate chunks
00:37:33 INFO    yt2ds.stages.speakers: F5uReXDxOz0_SPK1: dropped 1/208 chunks as off-centroid
/home/ai2/saudi-youtube-data/youtube-to-dataset/src/yt2ds/stages/align.py:223: UserWarning: torchaudio.functional._alignment.forced_align has been deprecated. This deprecation is part of a large refactoring effort to transition TorchAudio into a maintenance phase. Please see https://github.com/pytorch/audio/issues/3902 for more information. It will be removed from the 2.9 release. 
  paths, scores = AF.forced_align(emissions, targets, blank=blank_id)
00:37:51 INFO    yt2ds.pipeline: F5uReXDxOz0: aligned 3144/3144 subtitle words
00:37:54 INFO    yt2ds.pipeline: F5uReXDxOz0: kept 176, rejected 38, 17.6 min of audio in 143s
00:37:54 INFO    yt2ds.pipeline: F5uReXDxOz0: freed 194 MB
00:37:54 INFO    yt2ds.pipeline: [56/1130] HoeHsRcNxmI -- قصة بنتين… وحدة عاشت العوض والثانية عاشت الانتظار...💔😭🔥
Deprecated Feature: Support for Python version 3.10 has been deprecated. Please update to Python 3.11 or above
Deprecated Feature: Support for Python version 3.10 has been deprecated. Please update to Python 3.11 or above
ERROR: unable to download video data: HTTP Error 403: Forbidden
00:37:59 WARNING yt2ds.stages.download: https://www.youtube.com/watch?v=sM6dMHaQAGY: attempt 1/6 failed (client=default): ERROR: unable to download video data: HTTP Error 403: Forbidden -- retrying in 4s
00:38:02 INFO    yt2ds.pipeline: HoeHsRcNxmI: 1261.2s of audio, -18.0 LUFS
00:38:02 INFO    yt2ds.pipeline: HoeHsRcNxmI: 2733 subtitle words (yt_auto, ar)
00:38:02 INFO    yt2ds.stages.diarize: diarizing HoeHsRcNxmI
Deprecated Feature: Support for Python version 3.10 has been deprecated. Please update to Python 3.11 or above
ERROR: [youtube] sM6dMHaQAGY: Requested format is not available. Use --list-formats for a list of available formats
00:38:06 WARNING yt2ds.stages.download: https://www.youtube.com/watch?v=sM6dMHaQAGY: attempt 2/6 failed (client=tv_simply): ERROR: [youtube] sM6dMHaQAGY: Requested format is not available. Use --list-formats for a list of available formats -- retrying in 8s
Deprecated Feature: Support for Python version 3.10 has been deprecated. Please update to Python 3.11 or above
ERROR: [youtube] sM6dMHaQAGY: Requested format is not available. Use --list-formats for a list of available formats
00:38:15 WARNING yt2ds.stages.download: https://www.youtube.com/watch?v=sM6dMHaQAGY: attempt 3/6 failed (client=web_safari): ERROR: [youtube] sM6dMHaQAGY: Requested format is not available. Use --list-formats for a list of available formats -- retrying in 12s
Deprecated Feature: Support for Python version 3.10 has been deprecated. Please update to Python 3.11 or above
00:38:36 INFO    yt2ds.stages.download: https://www.youtube.com/watch?v=sM6dMHaQAGY: succeeded on attempt 4 (client=android_vr)
00:38:41 INFO    yt2ds.stages.diarize: diarizer: 333 turns, 1 speakers, 0 overlap regions
00:38:41 INFO    yt2ds.pipeline: HoeHsRcNxmI: 1 speakers, 333 turns
00:38:52 INFO    yt2ds.stages.vad: HoeHsRcNxmI.16k: 203 speech regions, 1198.1s speech of 1261.2s (95%)
00:38:52 INFO    yt2ds.pipeline: HoeHsRcNxmI: 234 candidate chunks
00:39:48 INFO    yt2ds.stages.speakers: HoeHsRcNxmI_SPK1: dropped 3/234 chunks as off-centroid
/home/ai2/saudi-youtube-data/youtube-to-dataset/src/yt2ds/stages/align.py:223: UserWarning: torchaudio.functional._alignment.forced_align has been deprecated. This deprecation is part of a large refactoring effort to transition TorchAudio into a maintenance phase. Please see https://github.com/pytorch/audio/issues/3902 for more information. It will be removed from the 2.9 release. 
  paths, scores = AF.forced_align(emissions, targets, blank=blank_id)
00:40:05 INFO    yt2ds.pipeline: HoeHsRcNxmI: aligned 2733/2733 subtitle words
00:40:07 INFO    yt2ds.pipeline: HoeHsRcNxmI: kept 211, rejected 23, 17.0 min of audio in 133s
00:40:07 INFO    yt2ds.pipeline: HoeHsRcNxmI: freed 180 MB
00:40:07 INFO    yt2ds.pipeline: [57/1130] Bs86oPF_5YQ -- خالي سحب الشيك اللي فيه المهر  بآخر لحظة والسبب صدمة بأم العروس وبنتها ..! 😳💔🔥
Deprecated Feature: Support for Python version 3.10 has been deprecated. Please update to Python 3.11 or above
Deprecated Feature: Support for Python version 3.10 has been deprecated. Please update to Python 3.11 or above
00:40:19 INFO    yt2ds.pipeline: Bs86oPF_5YQ: 1860.6s of audio, -16.2 LUFS
00:40:19 INFO    yt2ds.pipeline: Bs86oPF_5YQ: 4638 subtitle words (yt_auto, ar)
00:40:19 INFO    yt2ds.stages.diarize: diarizing Bs86oPF_5YQ
00:41:14 INFO    yt2ds.stages.diarize: diarizer: 438 turns, 2 speakers, 1 overlap regions
00:41:14 INFO    yt2ds.pipeline: Bs86oPF_5YQ: 2 speakers, 438 turns
00:41:14 INFO    yt2ds.stages.diarize: collapsing 2 speakers to 1 (100% of speech)
00:41:30 INFO    yt2ds.stages.vad: Bs86oPF_5YQ.16k: 244 speech regions, 1782.5s speech of 1860.6s (96%)
00:41:30 INFO    yt2ds.stages.segment: overlap removal dropped 0.4s of speech
00:41:30 INFO    yt2ds.pipeline: Bs86oPF_5YQ: 327 candidate chunks
00:43:02 INFO    yt2ds.stages.speakers: Bs86oPF_5YQ_SPK1: dropped 2/327 chunks as off-centroid
/home/ai2/saudi-youtube-data/youtube-to-dataset/src/yt2ds/stages/align.py:223: UserWarning: torchaudio.functional._alignment.forced_align has been deprecated. This deprecation is part of a large refactoring effort to transition TorchAudio into a maintenance phase. Please see https://github.com/pytorch/audio/issues/3902 for more information. It will be removed from the 2.9 release. 
  paths, scores = AF.forced_align(emissions, targets, blank=blank_id)
00:43:31 INFO    yt2ds.pipeline: Bs86oPF_5YQ: aligned 4638/4638 subtitle words
00:43:35 INFO    yt2ds.pipeline: Bs86oPF_5YQ: kept 290, rejected 37, 25.1 min of audio in 207s
00:43:35 INFO    yt2ds.pipeline: Bs86oPF_5YQ: freed 266 MB
00:43:35 INFO    yt2ds.pipeline: [58/1130] qcFWtTqagLo -- كنت أقدر أوقف اللي صار… بس سكوتي قتل اختي! 😭💔🔥
Deprecated Feature: Support for Python version 3.10 has been deprecated. Please update to Python 3.11 or above
Deprecated Feature: Support for Python version 3.10 has been deprecated. Please update to Python 3.11 or above
00:43:40 INFO    yt2ds.pipeline: qcFWtTqagLo: 720.5s of audio, -17.3 LUFS
00:43:40 INFO    yt2ds.pipeline: qcFWtTqagLo: 1533 subtitle words (yt_auto, ar)
00:43:40 INFO    yt2ds.stages.diarize: diarizing qcFWtTqagLo
00:44:06 INFO    yt2ds.stages.diarize: diarizer: 174 turns, 1 speakers, 0 overlap regions
00:44:06 INFO    yt2ds.pipeline: qcFWtTqagLo: 1 speakers, 174 turns
00:44:12 INFO    yt2ds.stages.vad: qcFWtTqagLo.16k: 98 speech regions, 691.1s speech of 720.5s (96%)
00:44:12 INFO    yt2ds.pipeline: qcFWtTqagLo: 117 candidate chunks
00:44:47 INFO    yt2ds.stages.speakers: qcFWtTqagLo_SPK1: dropped 2/117 chunks as off-centroid
/home/ai2/saudi-youtube-data/youtube-to-dataset/src/yt2ds/stages/align.py:223: UserWarning: torchaudio.functional._alignment.forced_align has been deprecated. This deprecation is part of a large refactoring effort to transition TorchAudio into a maintenance phase. Please see https://github.com/pytorch/audio/issues/3902 for more information. It will be removed from the 2.9 release. 
  paths, scores = AF.forced_align(emissions, targets, blank=blank_id)
00:44:56 INFO    yt2ds.pipeline: qcFWtTqagLo: aligned 1533/1533 subtitle words
00:44:57 INFO    yt2ds.pipeline: qcFWtTqagLo: kept 103, rejected 14, 9.7 min of audio in 82s
00:44:57 INFO    yt2ds.pipeline: qcFWtTqagLo: freed 103 MB
00:44:57 INFO    yt2ds.pipeline: [59/1130] p11VCK4K5o0 -- ضحّوا فيني عشان مصلحتهم … وزوجوني مكان أختي واللي صار ...! 💔😱🔥
Deprecated Feature: Support for Python version 3.10 has been deprecated. Please update to Python 3.11 or above
Deprecated Feature: Support for Python version 3.10 has been deprecated. Please update to Python 3.11 or above
ERROR: unable to download video data: HTTP Error 403: Forbidden
00:45:03 WARNING yt2ds.stages.download: https://www.youtube.com/watch?v=wOzYg-6H_qU: attempt 1/6 failed (client=default): ERROR: unable to download video data: HTTP Error 403: Forbidden -- retrying in 4s
Deprecated Feature: Support for Python version 3.10 has been deprecated. Please update to Python 3.11 or above
ERROR: [youtube] wOzYg-6H_qU: Requested format is not available. Use --list-formats for a list of available formats
00:45:09 WARNING yt2ds.stages.download: https://www.youtube.com/watch?v=wOzYg-6H_qU: attempt 2/6 failed (client=tv_simply): ERROR: [youtube] wOzYg-6H_qU: Requested format is not available. Use --list-formats for a list of available formats -- retrying in 8s
00:45:10 INFO    yt2ds.pipeline: p11VCK4K5o0: 2043.4s of audio, -16.0 LUFS
00:45:10 INFO    yt2ds.pipeline: p11VCK4K5o0: 4761 subtitle words (yt_auto, ar)
00:45:10 INFO    yt2ds.stages.diarize: diarizing p11VCK4K5o0
Deprecated Feature: Support for Python version 3.10 has been deprecated. Please update to Python 3.11 or above
ERROR: [youtube] wOzYg-6H_qU: Requested format is not available. Use --list-formats for a list of available formats
00:45:19 WARNING yt2ds.stages.download: https://www.youtube.com/watch?v=wOzYg-6H_qU: attempt 3/6 failed (client=web_safari): ERROR: [youtube] wOzYg-6H_qU: Requested format is not available. Use --list-formats for a list of available formats -- retrying in 12s
Deprecated Feature: Support for Python version 3.10 has been deprecated. Please update to Python 3.11 or above
00:45:38 INFO    yt2ds.stages.download: https://www.youtube.com/watch?v=wOzYg-6H_qU: succeeded on attempt 4 (client=android_vr)
00:46:09 INFO    yt2ds.stages.diarize: diarizer: 504 turns, 1 speakers, 0 overlap regions
00:46:09 INFO    yt2ds.pipeline: p11VCK4K5o0: 1 speakers, 504 turns
00:46:25 INFO    yt2ds.stages.vad: p11VCK4K5o0.16k: 283 speech regions, 1970.6s speech of 2043.4s (96%)
00:46:25 INFO    yt2ds.pipeline: p11VCK4K5o0: 363 candidate chunks
00:48:01 INFO    yt2ds.stages.speakers: p11VCK4K5o0_SPK1: dropped 5/361 chunks as off-centroid
/home/ai2/saudi-youtube-data/youtube-to-dataset/src/yt2ds/stages/align.py:223: UserWarning: torchaudio.functional._alignment.forced_align has been deprecated. This deprecation is part of a large refactoring effort to transition TorchAudio into a maintenance phase. Please see https://github.com/pytorch/audio/issues/3902 for more information. It will be removed from the 2.9 release. 
  paths, scores = AF.forced_align(emissions, targets, blank=blank_id)
00:48:31 INFO    yt2ds.pipeline: p11VCK4K5o0: aligned 4761/4761 subtitle words
00:48:35 INFO    yt2ds.pipeline: p11VCK4K5o0: kept 309, rejected 54, 26.7 min of audio in 217s
00:48:35 INFO    yt2ds.pipeline: p11VCK4K5o0: freed 291 MB
00:48:35 INFO    yt2ds.pipeline: [60/1130] sM6dMHaQAGY -- حلمه القذر… خلّاه يتهمني بشرفي ويطردني في نفس الليلة! 💔😱🔥
Deprecated Feature: Support for Python version 3.10 has been deprecated. Please update to Python 3.11 or above
Deprecated Feature: Support for Python version 3.10 has been deprecated. Please update to Python 3.11 or above
00:48:50 INFO    yt2ds.pipeline: sM6dMHaQAGY: 2220.5s of audio, -17.4 LUFS
00:48:50 INFO    yt2ds.pipeline: sM6dMHaQAGY: 5131 subtitle words (yt_auto, ar)
00:48:50 INFO    yt2ds.stages.diarize: diarizing sM6dMHaQAGY
00:49:54 INFO    yt2ds.stages.diarize: diarizer: 487 turns, 2 speakers, 0 overlap regions
00:49:54 INFO    yt2ds.pipeline: sM6dMHaQAGY: 2 speakers, 487 turns
00:49:54 INFO    yt2ds.stages.diarize: collapsing 2 speakers to 1 (100% of speech)
00:50:12 INFO    yt2ds.stages.vad: sM6dMHaQAGY.16k: 273 speech regions, 2137.1s speech of 2220.5s (96%)
00:50:12 INFO    yt2ds.pipeline: sM6dMHaQAGY: 355 candidate chunks
00:51:56 INFO    yt2ds.stages.speakers: sM6dMHaQAGY_SPK1: dropped 2/354 chunks as off-centroid
/home/ai2/saudi-youtube-data/youtube-to-dataset/src/yt2ds/stages/align.py:223: UserWarning: torchaudio.functional._alignment.forced_align has been deprecated. This deprecation is part of a large refactoring effort to transition TorchAudio into a maintenance phase. Please see https://github.com/pytorch/audio/issues/3902 for more information. It will be removed from the 2.9 release. 
  paths, scores = AF.forced_align(emissions, targets, blank=blank_id)
00:52:27 INFO    yt2ds.pipeline: sM6dMHaQAGY: aligned 5131/5131 subtitle words
00:52:31 INFO    yt2ds.pipeline: sM6dMHaQAGY: kept 215, rejected 140, 20.0 min of audio in 235s
00:52:31 INFO    yt2ds.pipeline: sM6dMHaQAGY: freed 317 MB
00:52:31 INFO    yt2ds.pipeline: [61/1130] k42wF0LuQjQ -- بين رضا أبوي وحقّي… طلب مني أتنازل عشان أرضيه! 💔😭🔥
Deprecated Feature: Support for Python version 3.10 has been deprecated. Please update to Python 3.11 or above
Deprecated Feature: Support for Python version 3.10 has been deprecated. Please update to Python 3.11 or above
00:52:41 INFO    yt2ds.pipeline: k42wF0LuQjQ: 1508.1s of audio, -9.7 LUFS
00:52:41 INFO    yt2ds.pipeline: k42wF0LuQjQ: 3452 subtitle words (yt_auto, ar)
00:52:41 INFO    yt2ds.stages.diarize: diarizing k42wF0LuQjQ
00:53:27 INFO    yt2ds.stages.diarize: diarizer: 322 turns, 1 speakers, 0 overlap regions
00:53:27 INFO    yt2ds.pipeline: k42wF0LuQjQ: 1 speakers, 322 turns
00:53:39 INFO    yt2ds.stages.vad: k42wF0LuQjQ.16k: 89 speech regions, 1480.1s speech of 1508.1s (98%)
00:53:40 INFO    yt2ds.pipeline: k42wF0LuQjQ: 221 candidate chunks
/home/ai2/saudi-youtube-data/youtube-to-dataset/src/yt2ds/stages/align.py:223: UserWarning: torchaudio.functional._alignment.forced_align has been deprecated. This deprecation is part of a large refactoring effort to transition TorchAudio into a maintenance phase. Please see https://github.com/pytorch/audio/issues/3902 for more information. It will be removed from the 2.9 release. 
  paths, scores = AF.forced_align(emissions, targets, blank=blank_id)
00:55:04 INFO    yt2ds.pipeline: k42wF0LuQjQ: aligned 3452/3452 subtitle words
00:55:04 INFO    yt2ds.pipeline: k42wF0LuQjQ: kept 0, rejected 221, 0.0 min of audio in 152s
00:55:04 INFO    yt2ds.pipeline: k42wF0LuQjQ: freed 215 MB
00:55:04 INFO    yt2ds.pipeline: [62/1130] FKSx5W_XVlI -- بسبب حبي له… صرت أنا وسيلة انتقامه من أخوي! 😱💔🔥
Deprecated Feature: Support for Python version 3.10 has been deprecated. Please update to Python 3.11 or above
Deprecated Feature: Support for Python version 3.10 has been deprecated. Please update to Python 3.11 or above
ERROR: unable to download video data: HTTP Error 403: Forbidden
00:55:09 WARNING yt2ds.stages.download: https://www.youtube.com/watch?v=GanLh_NaXDI: attempt 1/6 failed (client=default): ERROR: unable to download video data: HTTP Error 403: Forbidden -- retrying in 4s
Deprecated Feature: Support for Python version 3.10 has been deprecated. Please update to Python 3.11 or above
ERROR: [youtube] GanLh_NaXDI: Requested format is not available. Use --list-formats for a list of available formats
00:55:16 WARNING yt2ds.stages.download: https://www.youtube.com/watch?v=GanLh_NaXDI: attempt 2/6 failed (client=tv_simply): ERROR: [youtube] GanLh_NaXDI: Requested format is not available. Use --list-formats for a list of available formats -- retrying in 8s
00:55:17 INFO    yt2ds.pipeline: FKSx5W_XVlI: 2074.3s of audio, -9.6 LUFS
00:55:17 INFO    yt2ds.pipeline: FKSx5W_XVlI: 4846 subtitle words (yt_auto, ar)
00:55:17 INFO    yt2ds.stages.diarize: diarizing FKSx5W_XVlI
Deprecated Feature: Support for Python version 3.10 has been deprecated. Please update to Python 3.11 or above
ERROR: [youtube] GanLh_NaXDI: Requested format is not available. Use --list-formats for a list of available formats
00:55:26 WARNING yt2ds.stages.download: https://www.youtube.com/watch?v=GanLh_NaXDI: attempt 3/6 failed (client=web_safari): ERROR: [youtube] GanLh_NaXDI: Requested format is not available. Use --list-formats for a list of available formats -- retrying in 12s
Deprecated Feature: Support for Python version 3.10 has been deprecated. Please update to Python 3.11 or above
00:55:43 INFO    yt2ds.stages.download: https://www.youtube.com/watch?v=GanLh_NaXDI: succeeded on attempt 4 (client=android_vr)
00:56:17 INFO    yt2ds.stages.diarize: diarizer: 440 turns, 2 speakers, 0 overlap regions
00:56:17 INFO    yt2ds.pipeline: FKSx5W_XVlI: 2 speakers, 440 turns
00:56:17 INFO    yt2ds.stages.diarize: collapsing 2 speakers to 2 (100% of speech)
00:56:35 INFO    yt2ds.stages.vad: FKSx5W_XVlI.16k: 150 speech regions, 2021.2s speech of 2074.3s (97%)
00:56:35 INFO    yt2ds.pipeline: FKSx5W_XVlI: 328 candidate chunks
/home/ai2/saudi-youtube-data/youtube-to-dataset/src/yt2ds/stages/align.py:223: UserWarning: torchaudio.functional._alignment.forced_align has been deprecated. This deprecation is part of a large refactoring effort to transition TorchAudio into a maintenance phase. Please see https://github.com/pytorch/audio/issues/3902 for more information. It will be removed from the 2.9 release. 
  paths, scores = AF.forced_align(emissions, targets, blank=blank_id)
00:58:31 INFO    yt2ds.pipeline: FKSx5W_XVlI: aligned 4846/4846 subtitle words
00:58:32 INFO    yt2ds.pipeline: FKSx5W_XVlI: kept 0, rejected 328, 0.0 min of audio in 207s
00:58:32 INFO    yt2ds.pipeline: FKSx5W_XVlI: freed 295 MB
00:58:32 INFO    yt2ds.pipeline: [63/1130] wOzYg-6H_qU -- غيرتي على ولدي خلتني أسوي لزوجته شي صدمها… وكان بداية النهاية! 💔🔥😱
Deprecated Feature: Support for Python version 3.10 has been deprecated. Please update to Python 3.11 or above
Deprecated Feature: Support for Python version 3.10 has been deprecated. Please update to Python 3.11 or above
00:58:46 INFO    yt2ds.pipeline: wOzYg-6H_qU: 2302.0s of audio, -9.5 LUFS
00:58:46 INFO    yt2ds.pipeline: wOzYg-6H_qU: 5349 subtitle words (yt_auto, ar)
00:58:46 INFO    yt2ds.stages.diarize: diarizing wOzYg-6H_qU
00:59:51 INFO    yt2ds.stages.diarize: diarizer: 526 turns, 2 speakers, 1 overlap regions
00:59:51 INFO    yt2ds.pipeline: wOzYg-6H_qU: 2 speakers, 526 turns
00:59:51 INFO    yt2ds.stages.diarize: collapsing 2 speakers to 1 (100% of speech)
01:00:10 INFO    yt2ds.stages.vad: wOzYg-6H_qU.16k: 165 speech regions, 2252.5s speech of 2302.0s (98%)
01:00:10 INFO    yt2ds.stages.segment: overlap removal dropped 0.0s of speech
01:00:10 INFO    yt2ds.pipeline: wOzYg-6H_qU: 357 candidate chunks
/home/ai2/saudi-youtube-data/youtube-to-dataset/src/yt2ds/stages/align.py:223: UserWarning: torchaudio.functional._alignment.forced_align has been deprecated. This deprecation is part of a large refactoring effort to transition TorchAudio into a maintenance phase. Please see https://github.com/pytorch/audio/issues/3902 for more information. It will be removed from the 2.9 release. 
  paths, scores = AF.forced_align(emissions, targets, blank=blank_id)
01:02:25 INFO    yt2ds.pipeline: wOzYg-6H_qU: aligned 5349/5349 subtitle words
01:02:26 INFO    yt2ds.pipeline: wOzYg-6H_qU: kept 0, rejected 357, 0.0 min of audio in 233s
01:02:26 INFO    yt2ds.pipeline: wOzYg-6H_qU: freed 328 MB
01:02:26 INFO    yt2ds.pipeline: [64/1130] Q4svb6pakHg -- زوجة اخوي والسر اللي جمعها مع اخو صديقتي ... انفضح كل شي ...🔥😱💔
Deprecated Feature: Support for Python version 3.10 has been deprecated. Please update to Python 3.11 or above
Deprecated Feature: Support for Python version 3.10 has been deprecated. Please update to Python 3.11 or above
01:02:36 INFO    yt2ds.pipeline: Q4svb6pakHg: 1529.3s of audio, -16.7 LUFS
01:02:36 INFO    yt2ds.pipeline: Q4svb6pakHg: 3607 subtitle words (yt_auto, ar)
01:02:36 INFO    yt2ds.stages.diarize: diarizing Q4svb6pakHg
01:03:22 INFO    yt2ds.stages.diarize: diarizer: 320 turns, 2 speakers, 0 overlap regions
01:03:22 INFO    yt2ds.pipeline: Q4svb6pakHg: 2 speakers, 320 turns
01:03:22 INFO    yt2ds.stages.diarize: collapsing 2 speakers to 1 (100% of speech)
01:03:34 INFO    yt2ds.stages.vad: Q4svb6pakHg.16k: 168 speech regions, 1481.6s speech of 1529.3s (97%)
01:03:34 INFO    yt2ds.pipeline: Q4svb6pakHg: 248 candidate chunks
01:04:49 INFO    yt2ds.stages.speakers: Q4svb6pakHg_SPK1: dropped 2/246 chunks as off-centroid
/home/ai2/saudi-youtube-data/youtube-to-dataset/src/yt2ds/stages/align.py:223: UserWarning: torchaudio.functional._alignment.forced_align has been deprecated. This deprecation is part of a large refactoring effort to transition TorchAudio into a maintenance phase. Please see https://github.com/pytorch/audio/issues/3902 for more information. It will be removed from the 2.9 release. 
  paths, scores = AF.forced_align(emissions, targets, blank=blank_id)
01:05:10 INFO    yt2ds.pipeline: Q4svb6pakHg: aligned 3607/3607 subtitle words
01:05:13 INFO    yt2ds.pipeline: Q4svb6pakHg: kept 221, rejected 27, 20.9 min of audio in 167s
01:05:13 INFO    yt2ds.pipeline: Q4svb6pakHg: freed 218 MB
01:05:13 INFO    yt2ds.pipeline: [65/1130] 7SJ51Wd3HHc -- نفس الغلط سويناه… بس الفضيحة كانت لي أنا! 🔥😱
Deprecated Feature: Support for Python version 3.10 has been deprecated. Please update to Python 3.11 or above
Deprecated Feature: Support for Python version 3.10 has been deprecated. Please update to Python 3.11 or above
ERROR: unable to download video data: HTTP Error 403: Forbidden
01:05:19 WARNING yt2ds.stages.download: https://www.youtube.com/watch?v=Tuvy4eHE7y8: attempt 1/6 failed (client=default): ERROR: unable to download video data: HTTP Error 403: Forbidden -- retrying in 4s
Deprecated Feature: Support for Python version 3.10 has been deprecated. Please update to Python 3.11 or above
01:05:25 INFO    yt2ds.pipeline: 7SJ51Wd3HHc: 1907.1s of audio, -17.1 LUFS
01:05:26 INFO    yt2ds.pipeline: 7SJ51Wd3HHc: 4471 subtitle words (yt_auto, ar)
01:05:26 INFO    yt2ds.stages.diarize: diarizing 7SJ51Wd3HHc
ERROR: [youtube] Tuvy4eHE7y8: Requested format is not available. Use --list-formats for a list of available formats
01:05:26 WARNING yt2ds.stages.download: https://www.youtube.com/watch?v=Tuvy4eHE7y8: attempt 2/6 failed (client=tv_simply): ERROR: [youtube] Tuvy4eHE7y8: Requested format is not available. Use --list-formats for a list of available formats -- retrying in 8s
Deprecated Feature: Support for Python version 3.10 has been deprecated. Please update to Python 3.11 or above
ERROR: [youtube] Tuvy4eHE7y8: Requested format is not available. Use --list-formats for a list of available formats
01:05:36 WARNING yt2ds.stages.download: https://www.youtube.com/watch?v=Tuvy4eHE7y8: attempt 3/6 failed (client=web_safari): ERROR: [youtube] Tuvy4eHE7y8: Requested format is not available. Use --list-formats for a list of available formats -- retrying in 12s
Deprecated Feature: Support for Python version 3.10 has been deprecated. Please update to Python 3.11 or above
01:05:53 INFO    yt2ds.stages.download: https://www.youtube.com/watch?v=Tuvy4eHE7y8: succeeded on attempt 4 (client=android_vr)
01:06:21 INFO    yt2ds.stages.diarize: diarizer: 379 turns, 1 speakers, 0 overlap regions
01:06:21 INFO    yt2ds.pipeline: 7SJ51Wd3HHc: 1 speakers, 379 turns
01:06:37 INFO    yt2ds.stages.vad: 7SJ51Wd3HHc.16k: 186 speech regions, 1862.6s speech of 1907.1s (98%)
01:06:37 INFO    yt2ds.pipeline: 7SJ51Wd3HHc: 297 candidate chunks
01:08:08 INFO    yt2ds.stages.speakers: 7SJ51Wd3HHc_SPK1: dropped 1/297 chunks as off-centroid
/home/ai2/saudi-youtube-data/youtube-to-dataset/src/yt2ds/stages/align.py:223: UserWarning: torchaudio.functional._alignment.forced_align has been deprecated. This deprecation is part of a large refactoring effort to transition TorchAudio into a maintenance phase. Please see https://github.com/pytorch/audio/issues/3902 for more information. It will be removed from the 2.9 release. 
  paths, scores = AF.forced_align(emissions, targets, blank=blank_id)
01:08:36 INFO    yt2ds.pipeline: 7SJ51Wd3HHc: aligned 4471/4471 subtitle words
01:08:40 INFO    yt2ds.pipeline: 7SJ51Wd3HHc: kept 262, rejected 35, 27.2 min of audio in 207s
01:08:40 INFO    yt2ds.pipeline: 7SJ51Wd3HHc: freed 271 MB
01:08:40 INFO    yt2ds.pipeline: [66/1130] GanLh_NaXDI -- خالي رفض عرس أختي ببيته… وطلب توقيع أمي وهي على سرير المرض! 😭🔥💔
Deprecated Feature: Support for Python version 3.10 has been deprecated. Please update to Python 3.11 or above
Deprecated Feature: Support for Python version 3.10 has been deprecated. Please update to Python 3.11 or above
01:08:50 INFO    yt2ds.pipeline: GanLh_NaXDI: 1413.6s of audio, -16.2 LUFS
01:08:50 INFO    yt2ds.pipeline: GanLh_NaXDI: 3352 subtitle words (yt_auto, ar)
01:08:50 INFO    yt2ds.stages.diarize: diarizing GanLh_NaXDI
01:09:33 INFO    yt2ds.stages.diarize: diarizer: 302 turns, 1 speakers, 0 overlap regions
01:09:33 INFO    yt2ds.pipeline: GanLh_NaXDI: 1 speakers, 302 turns
01:09:45 INFO    yt2ds.stages.vad: GanLh_NaXDI.16k: 125 speech regions, 1384.4s speech of 1413.6s (98%)
01:09:45 INFO    yt2ds.pipeline: GanLh_NaXDI: 226 candidate chunks
/home/ai2/saudi-youtube-data/youtube-to-dataset/src/yt2ds/stages/align.py:223: UserWarning: torchaudio.functional._alignment.forced_align has been deprecated. This deprecation is part of a large refactoring effort to transition TorchAudio into a maintenance phase. Please see https://github.com/pytorch/audio/issues/3902 for more information. It will be removed from the 2.9 release. 
  paths, scores = AF.forced_align(emissions, targets, blank=blank_id)
01:11:13 INFO    yt2ds.pipeline: GanLh_NaXDI: aligned 3352/3352 subtitle words
01:11:16 INFO    yt2ds.pipeline: GanLh_NaXDI: kept 195, rejected 31, 19.4 min of audio in 156s
01:11:16 INFO    yt2ds.pipeline: GanLh_NaXDI: freed 201 MB
01:11:16 INFO    yt2ds.pipeline: [67/1130] NpOQoJHCs_c -- سرق ذهب بنتي عشان بنت اللي يغازلها💔😭🔥...؟
Deprecated Feature: Support for Python version 3.10 has been deprecated. Please update to Python 3.11 or above
Deprecated Feature: Support for Python version 3.10 has been deprecated. Please update to Python 3.11 or above
01:11:26 INFO    yt2ds.pipeline: NpOQoJHCs_c: 1357.3s of audio, -16.7 LUFS
01:11:26 INFO    yt2ds.pipeline: NpOQoJHCs_c: 3181 subtitle words (yt_auto, ar)
01:11:26 INFO    yt2ds.stages.diarize: diarizing NpOQoJHCs_c
01:12:07 INFO    yt2ds.stages.diarize: diarizer: 303 turns, 1 speakers, 0 overlap regions
01:12:07 INFO    yt2ds.pipeline: NpOQoJHCs_c: 1 speakers, 303 turns
01:12:18 INFO    yt2ds.stages.vad: NpOQoJHCs_c.16k: 120 speech regions, 1329.9s speech of 1357.3s (98%)
01:12:18 INFO    yt2ds.pipeline: NpOQoJHCs_c: 219 candidate chunks
/home/ai2/saudi-youtube-data/youtube-to-dataset/src/yt2ds/stages/align.py:223: UserWarning: torchaudio.functional._alignment.forced_align has been deprecated. This deprecation is part of a large refactoring effort to transition TorchAudio into a maintenance phase. Please see https://github.com/pytorch/audio/issues/3902 for more information. It will be removed from the 2.9 release. 
  paths, scores = AF.forced_align(emissions, targets, blank=blank_id)
01:13:43 INFO    yt2ds.pipeline: NpOQoJHCs_c: aligned 3181/3181 subtitle words
01:13:45 INFO    yt2ds.pipeline: NpOQoJHCs_c: kept 103, rejected 116, 9.4 min of audio in 148s
01:13:45 INFO    yt2ds.pipeline: NpOQoJHCs_c: freed 193 MB
01:13:45 INFO    yt2ds.pipeline: [68/1130] 4vjqmx3mt7k -- صورة أرسلتها لأخوي… كشفت سر سرقته لي! 📸💸🔥
Deprecated Feature: Support for Python version 3.10 has been deprecated. Please update to Python 3.11 or above
Deprecated Feature: Support for Python version 3.10 has been deprecated. Please update to Python 3.11 or above
01:13:52 INFO    yt2ds.pipeline: 4vjqmx3mt7k: 1099.4s of audio, -17.3 LUFS
01:13:52 INFO    yt2ds.pipeline: 4vjqmx3mt7k: 2528 subtitle words (yt_auto, ar)
01:13:52 INFO    yt2ds.stages.diarize: diarizing 4vjqmx3mt7k
01:14:26 INFO    yt2ds.stages.diarize: diarizer: 238 turns, 1 speakers, 0 overlap regions
01:14:26 INFO    yt2ds.pipeline: 4vjqmx3mt7k: 1 speakers, 238 turns
01:14:36 INFO    yt2ds.stages.vad: 4vjqmx3mt7k.16k: 120 speech regions, 1069.1s speech of 1099.4s (97%)
01:14:36 INFO    yt2ds.pipeline: 4vjqmx3mt7k: 177 candidate chunks
01:15:29 INFO    yt2ds.stages.speakers: 4vjqmx3mt7k_SPK1: dropped 2/176 chunks as off-centroid
/home/ai2/saudi-youtube-data/youtube-to-dataset/src/yt2ds/stages/align.py:223: UserWarning: torchaudio.functional._alignment.forced_align has been deprecated. This deprecation is part of a large refactoring effort to transition TorchAudio into a maintenance phase. Please see https://github.com/pytorch/audio/issues/3902 for more information. It will be removed from the 2.9 release. 
  paths, scores = AF.forced_align(emissions, targets, blank=blank_id)
01:15:44 INFO    yt2ds.pipeline: 4vjqmx3mt7k: aligned 2528/2528 subtitle words
01:15:46 INFO    yt2ds.pipeline: 4vjqmx3mt7k: kept 145, rejected 32, 14.5 min of audio in 121s
01:15:46 INFO    yt2ds.pipeline: 4vjqmx3mt7k: freed 157 MB
01:15:46 INFO    yt2ds.pipeline: [69/1130] Tuvy4eHE7y8 -- بعد 10 سنين غربه رجعت اختي مو بس دكتورة، رجعت بسر قلب حياتنا! 💔🔥
Deprecated Feature: Support for Python version 3.10 has been deprecated. Please update to Python 3.11 or above
Deprecated Feature: Support for Python version 3.10 has been deprecated. Please update to Python 3.11 or above
01:15:57 INFO    yt2ds.pipeline: Tuvy4eHE7y8: 1695.4s of audio, -16.7 LUFS
01:15:57 INFO    yt2ds.pipeline: Tuvy4eHE7y8: 3921 subtitle words (yt_auto, ar)
01:15:57 INFO    yt2ds.stages.diarize: diarizing Tuvy4eHE7y8
01:16:47 INFO    yt2ds.stages.diarize: diarizer: 331 turns, 1 speakers, 0 overlap regions
01:16:47 INFO    yt2ds.pipeline: Tuvy4eHE7y8: 1 speakers, 331 turns
01:17:02 INFO    yt2ds.stages.vad: Tuvy4eHE7y8.16k: 152 speech regions, 1657.5s speech of 1695.4s (98%)
01:17:02 INFO    yt2ds.pipeline: Tuvy4eHE7y8: 256 candidate chunks
/home/ai2/saudi-youtube-data/youtube-to-dataset/src/yt2ds/stages/align.py:223: UserWarning: torchaudio.functional._alignment.forced_align has been deprecated. This deprecation is part of a large refactoring effort to transition TorchAudio into a maintenance phase. Please see https://github.com/pytorch/audio/issues/3902 for more information. It will be removed from the 2.9 release. 
  paths, scores = AF.forced_align(emissions, targets, blank=blank_id)
01:18:49 INFO    yt2ds.pipeline: Tuvy4eHE7y8: aligned 3921/3921 subtitle words
01:18:52 INFO    yt2ds.pipeline: Tuvy4eHE7y8: kept 222, rejected 34, 23.7 min of audio in 186s
01:18:52 INFO    yt2ds.pipeline: Tuvy4eHE7y8: freed 241 MB
01:18:52 INFO    yt2ds.pipeline: [70/1130] 7fE_xnxBqvo -- ثلاث سنين وأنا أعد الأيام… وفي ثانية وحدة انتهى كل شيء!💔
Deprecated Feature: Support for Python version 3.10 has been deprecated. Please update to Python 3.11 or above
Deprecated Feature: Support for Python version 3.10 has been deprecated. Please update to Python 3.11 or above
01:19:03 INFO    yt2ds.pipeline: 7fE_xnxBqvo: 1690.0s of audio, -17.3 LUFS
01:19:03 INFO    yt2ds.pipeline: 7fE_xnxBqvo: 4104 subtitle words (yt_auto, ar)
01:19:03 INFO    yt2ds.stages.diarize: diarizing 7fE_xnxBqvo
01:19:54 INFO    yt2ds.stages.diarize: diarizer: 379 turns, 1 speakers, 0 overlap regions
01:19:54 INFO    yt2ds.pipeline: 7fE_xnxBqvo: 1 speakers, 379 turns
01:20:08 INFO    yt2ds.stages.vad: 7fE_xnxBqvo.16k: 180 speech regions, 1649.7s speech of 1690.0s (98%)
01:20:08 INFO    yt2ds.pipeline: 7fE_xnxBqvo: 284 candidate chunks
01:21:26 INFO    yt2ds.stages.speakers: 7fE_xnxBqvo_SPK1: dropped 1/249 chunks as off-centroid
/home/ai2/saudi-youtube-data/youtube-to-dataset/src/yt2ds/stages/align.py:223: UserWarning: torchaudio.functional._alignment.forced_align has been deprecated. This deprecation is part of a large refactoring effort to transition TorchAudio into a maintenance phase. Please see https://github.com/pytorch/audio/issues/3902 for more information. It will be removed from the 2.9 release. 
  paths, scores = AF.forced_align(emissions, targets, blank=blank_id)
01:21:51 INFO    yt2ds.pipeline: 7fE_xnxBqvo: aligned 4104/4104 subtitle words
01:21:52 INFO    yt2ds.pipeline: 7fE_xnxBqvo: kept 48, rejected 236, 4.4 min of audio in 179s
01:21:52 INFO    yt2ds.pipeline: 7fE_xnxBqvo: freed 240 MB
01:21:52 INFO    yt2ds.pipeline: [71/1130] zbPehX6UPqs -- بنيت لهم بيت العمر… وفيه ضاع عمري بينهم!💔...
Deprecated Feature: Support for Python version 3.10 has been deprecated. Please update to Python 3.11 or above
Deprecated Feature: Support for Python version 3.10 has been deprecated. Please update to Python 3.11 or above
01:21:58 INFO    yt2ds.pipeline: zbPehX6UPqs: 921.7s of audio, -16.9 LUFS
01:21:58 INFO    yt2ds.pipeline: zbPehX6UPqs: 2103 subtitle words (yt_auto, ar)
01:21:58 INFO    yt2ds.stages.diarize: diarizing zbPehX6UPqs
01:22:28 INFO    yt2ds.stages.diarize: diarizer: 214 turns, 1 speakers, 0 overlap regions
01:22:28 INFO    yt2ds.pipeline: zbPehX6UPqs: 1 speakers, 214 turns
01:22:36 INFO    yt2ds.stages.vad: zbPehX6UPqs.16k: 75 speech regions, 906.9s speech of 921.7s (98%)
01:22:36 INFO    yt2ds.pipeline: zbPehX6UPqs: 151 candidate chunks
/home/ai2/saudi-youtube-data/youtube-to-dataset/src/yt2ds/stages/align.py:223: UserWarning: torchaudio.functional._alignment.forced_align has been deprecated. This deprecation is part of a large refactoring effort to transition TorchAudio into a maintenance phase. Please see https://github.com/pytorch/audio/issues/3902 for more information. It will be removed from the 2.9 release. 
  paths, scores = AF.forced_align(emissions, targets, blank=blank_id)
01:23:33 INFO    yt2ds.pipeline: zbPehX6UPqs: aligned 2103/2103 subtitle words
01:23:35 INFO    yt2ds.pipeline: zbPehX6UPqs: kept 123, rejected 28, 12.4 min of audio in 102s
01:23:35 INFO    yt2ds.pipeline: zbPehX6UPqs: freed 131 MB
01:23:35 INFO    yt2ds.pipeline: [72/1130] WmLsyXPAdIM -- نصب علي وأخذ كل تعبي… وبعد سنين اكتشفت الصدمة! 😳🔥
Deprecated Feature: Support for Python version 3.10 has been deprecated. Please update to Python 3.11 or above
Deprecated Feature: Support for Python version 3.10 has been deprecated. Please update to Python 3.11 or above
01:23:46 INFO    yt2ds.pipeline: WmLsyXPAdIM: 1600.4s of audio, -17.1 LUFS
01:23:46 INFO    yt2ds.pipeline: WmLsyXPAdIM: 3953 subtitle words (yt_auto, ar)
01:23:46 INFO    yt2ds.stages.diarize: diarizing WmLsyXPAdIM
01:24:34 INFO    yt2ds.stages.diarize: diarizer: 316 turns, 2 speakers, 0 overlap regions
01:24:34 INFO    yt2ds.pipeline: WmLsyXPAdIM: 2 speakers, 316 turns
01:24:34 INFO    yt2ds.stages.diarize: collapsing 2 speakers to 1 (100% of speech)
01:24:47 INFO    yt2ds.stages.vad: WmLsyXPAdIM.16k: 85 speech regions, 1580.4s speech of 1600.4s (99%)
01:24:47 INFO    yt2ds.pipeline: WmLsyXPAdIM: 242 candidate chunks
/home/ai2/saudi-youtube-data/youtube-to-dataset/src/yt2ds/stages/align.py:223: UserWarning: torchaudio.functional._alignment.forced_align has been deprecated. This deprecation is part of a large refactoring effort to transition TorchAudio into a maintenance phase. Please see https://github.com/pytorch/audio/issues/3902 for more information. It will be removed from the 2.9 release. 
  paths, scores = AF.forced_align(emissions, targets, blank=blank_id)
01:26:22 INFO    yt2ds.pipeline: WmLsyXPAdIM: aligned 3953/3953 subtitle words
01:26:25 INFO    yt2ds.pipeline: WmLsyXPAdIM: kept 200, rejected 42, 21.3 min of audio in 169s
01:26:25 INFO    yt2ds.pipeline: WmLsyXPAdIM: freed 228 MB
01:26:25 INFO    yt2ds.pipeline: [73/1130] uRF5d2yOyww -- اخوي كان مستهدف… بس من مين؟ ناس ولا شيء ما ينشاف؟ 😱😫💔🔥
Deprecated Feature: Support for Python version 3.10 has been deprecated. Please update to Python 3.11 or above
Deprecated Feature: Support for Python version 3.10 has been deprecated. Please update to Python 3.11 or above
ERROR: unable to download video data: HTTP Error 403: Forbidden
01:26:30 WARNING yt2ds.stages.download: https://www.youtube.com/watch?v=YKd9plXYywk: attempt 1/6 failed (client=default): ERROR: unable to download video data: HTTP Error 403: Forbidden -- retrying in 4s
Deprecated Feature: Support for Python version 3.10 has been deprecated. Please update to Python 3.11 or above
ERROR: [youtube] YKd9plXYywk: Requested format is not available. Use --list-formats for a list of available formats
01:26:37 WARNING yt2ds.stages.download: https://www.youtube.com/watch?v=YKd9plXYywk: attempt 2/6 failed (client=tv_simply): ERROR: [youtube] YKd9plXYywk: Requested format is not available. Use --list-formats for a list of available formats -- retrying in 8s
01:26:41 INFO    yt2ds.pipeline: uRF5d2yOyww: 2790.2s of audio, -17.0 LUFS
01:26:42 INFO    yt2ds.pipeline: uRF5d2yOyww: 6880 subtitle words (yt_auto, ar)
01:26:42 INFO    yt2ds.stages.diarize: diarizing uRF5d2yOyww
Deprecated Feature: Support for Python version 3.10 has been deprecated. Please update to Python 3.11 or above
ERROR: [youtube] YKd9plXYywk: Requested format is not available. Use --list-formats for a list of available formats
01:26:46 WARNING yt2ds.stages.download: https://www.youtube.com/watch?v=YKd9plXYywk: attempt 3/6 failed (client=web_safari): ERROR: [youtube] YKd9plXYywk: Requested format is not available. Use --list-formats for a list of available formats -- retrying in 12s
Deprecated Feature: Support for Python version 3.10 has been deprecated. Please update to Python 3.11 or above
01:27:03 INFO    yt2ds.stages.download: https://www.youtube.com/watch?v=YKd9plXYywk: succeeded on attempt 4 (client=android_vr)
01:28:00 INFO    yt2ds.stages.diarize: diarizer: 558 turns, 1 speakers, 0 overlap regions
01:28:00 INFO    yt2ds.pipeline: uRF5d2yOyww: 1 speakers, 558 turns
01:28:24 INFO    yt2ds.stages.vad: uRF5d2yOyww.16k: 210 speech regions, 2741.0s speech of 2790.2s (98%)
01:28:24 INFO    yt2ds.pipeline: uRF5d2yOyww: 449 candidate chunks
01:30:31 INFO    yt2ds.stages.speakers: uRF5d2yOyww_SPK1: dropped 1/447 chunks as off-centroid
/home/ai2/saudi-youtube-data/youtube-to-dataset/src/yt2ds/stages/align.py:223: UserWarning: torchaudio.functional._alignment.forced_align has been deprecated. This deprecation is part of a large refactoring effort to transition TorchAudio into a maintenance phase. Please see https://github.com/pytorch/audio/issues/3902 for more information. It will be removed from the 2.9 release. 
  paths, scores = AF.forced_align(emissions, targets, blank=blank_id)
01:31:15 INFO    yt2ds.pipeline: uRF5d2yOyww: aligned 6880/6880 subtitle words
01:31:20 INFO    yt2ds.pipeline: uRF5d2yOyww: kept 382, rejected 67, 37.9 min of audio in 295s
01:31:20 INFO    yt2ds.pipeline: uRF5d2yOyww: freed 397 MB
01:31:20 INFO    yt2ds.pipeline: [74/1130] R0CY9W1-gMo -- قابلته في شقة اختي… وكانت صدمة عمره! 🔥😭
Deprecated Feature: Support for Python version 3.10 has been deprecated. Please update to Python 3.11 or above
Deprecated Feature: Support for Python version 3.10 has been deprecated. Please update to Python 3.11 or above
01:31:35 INFO    yt2ds.pipeline: R0CY9W1-gMo: 2318.6s of audio, -17.2 LUFS
01:31:35 INFO    yt2ds.pipeline: R0CY9W1-gMo: 5700 subtitle words (yt_auto, ar)
01:31:35 INFO    yt2ds.stages.diarize: diarizing R0CY9W1-gMo
01:32:42 INFO    yt2ds.stages.diarize: diarizer: 459 turns, 1 speakers, 0 overlap regions
01:32:42 INFO    yt2ds.pipeline: R0CY9W1-gMo: 1 speakers, 459 turns
01:33:02 INFO    yt2ds.stages.vad: R0CY9W1-gMo.16k: 153 speech regions, 2281.7s speech of 2318.6s (98%)
01:33:02 INFO    yt2ds.pipeline: R0CY9W1-gMo: 351 candidate chunks
01:34:50 INFO    yt2ds.stages.speakers: R0CY9W1-gMo_SPK1: dropped 3/351 chunks as off-centroid
/home/ai2/saudi-youtube-data/youtube-to-dataset/src/yt2ds/stages/align.py:223: UserWarning: torchaudio.functional._alignment.forced_align has been deprecated. This deprecation is part of a large refactoring effort to transition TorchAudio into a maintenance phase. Please see https://github.com/pytorch/audio/issues/3902 for more information. It will be removed from the 2.9 release. 
  paths, scores = AF.forced_align(emissions, targets, blank=blank_id)
01:35:24 INFO    yt2ds.pipeline: R0CY9W1-gMo: aligned 5700/5700 subtitle words
01:35:28 INFO    yt2ds.pipeline: R0CY9W1-gMo: kept 276, rejected 75, 29.2 min of audio in 247s
01:35:28 INFO    yt2ds.pipeline: R0CY9W1-gMo: freed 330 MB
01:35:28 INFO    yt2ds.pipeline: [75/1130] uicrUE_8Aw0 -- اكتشفت ان اختي تسرق فلوس ابوي وتحولها على حسابها.. /اللي سوته في امي وابوي صدمه 😭💔🔥
Deprecated Feature: Support for Python version 3.10 has been deprecated. Please update to Python 3.11 or above
Deprecated Feature: Support for Python version 3.10 has been deprecated. Please update to Python 3.11 or above
01:35:48 INFO    yt2ds.pipeline: uicrUE_8Aw0: 3531.3s of audio, -16.9 LUFS
01:35:49 INFO    yt2ds.pipeline: uicrUE_8Aw0: 8306 subtitle words (yt_auto, ar)
01:35:49 INFO    yt2ds.stages.diarize: diarizing uicrUE_8Aw0
01:37:27 INFO    yt2ds.stages.diarize: diarizer: 733 turns, 1 speakers, 0 overlap regions
01:37:27 INFO    yt2ds.pipeline: uicrUE_8Aw0: 1 speakers, 733 turns
01:37:57 INFO    yt2ds.stages.vad: uicrUE_8Aw0.16k: 309 speech regions, 3453.5s speech of 3531.3s (98%)
01:37:57 INFO    yt2ds.pipeline: uicrUE_8Aw0: 545 candidate chunks
01:40:41 INFO    yt2ds.stages.speakers: uicrUE_8Aw0_SPK1: dropped 1/544 chunks as off-centroid
/home/ai2/saudi-youtube-data/youtube-to-dataset/src/yt2ds/stages/align.py:223: UserWarning: torchaudio.functional._alignment.forced_align has been deprecated. This deprecation is part of a large refactoring effort to transition TorchAudio into a maintenance phase. Please see https://github.com/pytorch/audio/issues/3902 for more information. It will be removed from the 2.9 release. 
  paths, scores = AF.forced_align(emissions, targets, blank=blank_id)
01:41:37 INFO    yt2ds.pipeline: uicrUE_8Aw0: aligned 8306/8306 subtitle words
01:41:44 INFO    yt2ds.pipeline: uicrUE_8Aw0: kept 473, rejected 72, 50.5 min of audio in 375s
01:41:44 INFO    yt2ds.pipeline: uicrUE_8Aw0: freed 502 MB
01:41:44 INFO    yt2ds.pipeline: [76/1130] 6r8JB0ts8L0 -- حقيقة زوجة أبوي اللي اكتشفناها انا واختي .. عيشتنا القهر مرتين..!💔😫🔥
Deprecated Feature: Support for Python version 3.10 has been deprecated. Please update to Python 3.11 or above
Deprecated Feature: Support for Python version 3.10 has been deprecated. Please update to Python 3.11 or above
01:41:56 INFO    yt2ds.pipeline: 6r8JB0ts8L0: 2022.5s of audio, -17.2 LUFS
01:41:56 INFO    yt2ds.pipeline: 6r8JB0ts8L0: 4813 subtitle words (yt_auto, ar)
01:41:56 INFO    yt2ds.stages.diarize: diarizing 6r8JB0ts8L0
01:42:55 INFO    yt2ds.stages.diarize: diarizer: 423 turns, 1 speakers, 0 overlap regions
01:42:55 INFO    yt2ds.pipeline: 6r8JB0ts8L0: 1 speakers, 423 turns
01:43:12 INFO    yt2ds.stages.vad: 6r8JB0ts8L0.16k: 229 speech regions, 1965.3s speech of 2022.5s (97%)
01:43:12 INFO    yt2ds.pipeline: 6r8JB0ts8L0: 328 candidate chunks
01:44:45 INFO    yt2ds.stages.speakers: 6r8JB0ts8L0_SPK1: dropped 1/328 chunks as off-centroid
/home/ai2/saudi-youtube-data/youtube-to-dataset/src/yt2ds/stages/align.py:223: UserWarning: torchaudio.functional._alignment.forced_align has been deprecated. This deprecation is part of a large refactoring effort to transition TorchAudio into a maintenance phase. Please see https://github.com/pytorch/audio/issues/3902 for more information. It will be removed from the 2.9 release. 
  paths, scores = AF.forced_align(emissions, targets, blank=blank_id)
01:45:14 INFO    yt2ds.pipeline: 6r8JB0ts8L0: aligned 4813/4813 subtitle words
01:45:18 INFO    yt2ds.pipeline: 6r8JB0ts8L0: kept 290, rejected 38, 28.9 min of audio in 214s
01:45:18 INFO    yt2ds.pipeline: 6r8JB0ts8L0: freed 288 MB
01:45:18 INFO    yt2ds.pipeline: [77/1130] YKd9plXYywk -- أقنعتني أرفض العريس عشانها… وبعدها صدمتني بالحقيقة! 😳💔
Deprecated Feature: Support for Python version 3.10 has been deprecated. Please update to Python 3.11 or above
Deprecated Feature: Support for Python version 3.10 has been deprecated. Please update to Python 3.11 or above
01:45:26 INFO    yt2ds.pipeline: YKd9plXYywk: 1053.1s of audio, -16.3 LUFS
01:45:26 INFO    yt2ds.pipeline: YKd9plXYywk: 2514 subtitle words (yt_auto, ar)
01:45:26 INFO    yt2ds.stages.diarize: diarizing YKd9plXYywk
01:45:59 INFO    yt2ds.stages.diarize: diarizer: 193 turns, 1 speakers, 0 overlap regions
01:45:59 INFO    yt2ds.pipeline: YKd9plXYywk: 1 speakers, 193 turns
01:46:08 INFO    yt2ds.stages.vad: YKd9plXYywk.16k: 97 speech regions, 1029.8s speech of 1053.1s (98%)
01:46:08 INFO    yt2ds.pipeline: YKd9plXYywk: 145 candidate chunks
/home/ai2/saudi-youtube-data/youtube-to-dataset/src/yt2ds/stages/align.py:223: UserWarning: torchaudio.functional._alignment.forced_align has been deprecated. This deprecation is part of a large refactoring effort to transition TorchAudio into a maintenance phase. Please see https://github.com/pytorch/audio/issues/3902 for more information. It will be removed from the 2.9 release. 
  paths, scores = AF.forced_align(emissions, targets, blank=blank_id)
01:47:11 INFO    yt2ds.pipeline: YKd9plXYywk: aligned 2514/2514 subtitle words
01:47:13 INFO    yt2ds.pipeline: YKd9plXYywk: kept 126, rejected 19, 14.3 min of audio in 114s
01:47:13 INFO    yt2ds.pipeline: YKd9plXYywk: freed 150 MB
01:47:13 INFO    yt2ds.pipeline: [78/1130] eYsYBDTWj3k -- أسوارة ضايعة في الحديقة قلبت حياة عائلة كاملة… والنهاية ما توقعتها....😫💔🔥.؟
Deprecated Feature: Support for Python version 3.10 has been deprecated. Please update to Python 3.11 or above
Deprecated Feature: Support for Python version 3.10 has been deprecated. Please update to Python 3.11 or above
01:47:21 INFO    yt2ds.pipeline: eYsYBDTWj3k: 1170.5s of audio, -15.8 LUFS
01:47:21 INFO    yt2ds.pipeline: eYsYBDTWj3k: 2930 subtitle words (yt_auto, ar)
01:47:21 INFO    yt2ds.stages.diarize: diarizing eYsYBDTWj3k
01:47:58 INFO    yt2ds.stages.diarize: diarizer: 249 turns, 1 speakers, 0 overlap regions
01:47:58 INFO    yt2ds.pipeline: eYsYBDTWj3k: 1 speakers, 249 turns
01:48:08 INFO    yt2ds.stages.vad: eYsYBDTWj3k.16k: 133 speech regions, 1139.6s speech of 1170.5s (97%)
01:48:08 INFO    yt2ds.pipeline: eYsYBDTWj3k: 188 candidate chunks
/home/ai2/saudi-youtube-data/youtube-to-dataset/src/yt2ds/stages/align.py:223: UserWarning: torchaudio.functional._alignment.forced_align has been deprecated. This deprecation is part of a large refactoring effort to transition TorchAudio into a maintenance phase. Please see https://github.com/pytorch/audio/issues/3902 for more information. It will be removed from the 2.9 release. 
  paths, scores = AF.forced_align(emissions, targets, blank=blank_id)
01:49:21 INFO    yt2ds.pipeline: eYsYBDTWj3k: aligned 2930/2930 subtitle words
01:49:24 INFO    yt2ds.pipeline: eYsYBDTWj3k: kept 163, rejected 25, 16.1 min of audio in 130s
01:49:24 INFO    yt2ds.pipeline: eYsYBDTWj3k: freed 167 MB
01:49:24 INFO    yt2ds.pipeline: [79/1130] frPywdNehMU -- حسبته ندمان ورجعني… لكن اكتشفت إنها خطة بينه وبين خواته ! 😳🔥
Deprecated Feature: Support for Python version 3.10 has been deprecated. Please update to Python 3.11 or above
Deprecated Feature: Support for Python version 3.10 has been deprecated. Please update to Python 3.11 or above
01:49:32 INFO    yt2ds.pipeline: frPywdNehMU: 1286.1s of audio, -16.2 LUFS
01:49:32 INFO    yt2ds.pipeline: frPywdNehMU: 3226 subtitle words (yt_auto, ar)
01:49:32 INFO    yt2ds.stages.diarize: diarizing frPywdNehMU
01:50:12 INFO    yt2ds.stages.diarize: diarizer: 239 turns, 1 speakers, 0 overlap regions
01:50:12 INFO    yt2ds.pipeline: frPywdNehMU: 1 speakers, 239 turns
01:50:23 INFO    yt2ds.stages.vad: frPywdNehMU.16k: 141 speech regions, 1248.0s speech of 1286.1s (97%)
01:50:23 INFO    yt2ds.pipeline: frPywdNehMU: 190 candidate chunks
/home/ai2/saudi-youtube-data/youtube-to-dataset/src/yt2ds/stages/align.py:223: UserWarning: torchaudio.functional._alignment.forced_align has been deprecated. This deprecation is part of a large refactoring effort to transition TorchAudio into a maintenance phase. Please see https://github.com/pytorch/audio/issues/3902 for more information. It will be removed from the 2.9 release. 
  paths, scores = AF.forced_align(emissions, targets, blank=blank_id)
01:51:41 INFO    yt2ds.pipeline: frPywdNehMU: aligned 3226/3226 subtitle words
01:51:44 INFO    yt2ds.pipeline: frPywdNehMU: kept 168, rejected 22, 17.7 min of audio in 139s
01:51:44 INFO    yt2ds.pipeline: frPywdNehMU: freed 183 MB
01:51:44 INFO    yt2ds.pipeline: [80/1130] GfKioZyz2IM -- أنا متزوجة ولدها الوحيد… وقرارها قلب حياتي رأسًا على عقب! 😱🔥
Deprecated Feature: Support for Python version 3.10 has been deprecated. Please update to Python 3.11 or above
Deprecated Feature: Support for Python version 3.10 has been deprecated. Please update to Python 3.11 or above
01:51:52 INFO    yt2ds.pipeline: GfKioZyz2IM: 1200.8s of audio, -16.6 LUFS
01:51:52 INFO    yt2ds.pipeline: GfKioZyz2IM: 2750 subtitle words (yt_auto, ar)
01:51:52 INFO    yt2ds.stages.diarize: diarizing GfKioZyz2IM
01:52:30 INFO    yt2ds.stages.diarize: diarizer: 225 turns, 2 speakers, 0 overlap regions
01:52:30 INFO    yt2ds.pipeline: GfKioZyz2IM: 2 speakers, 225 turns
01:52:30 INFO    yt2ds.stages.diarize: collapsing 2 speakers to 2 (100% of speech)
01:52:40 INFO    yt2ds.stages.vad: GfKioZyz2IM.16k: 102 speech regions, 1165.0s speech of 1200.8s (97%)
01:52:40 INFO    yt2ds.pipeline: GfKioZyz2IM: 174 candidate chunks
/home/ai2/saudi-youtube-data/youtube-to-dataset/src/yt2ds/stages/align.py:223: UserWarning: torchaudio.functional._alignment.forced_align has been deprecated. This deprecation is part of a large refactoring effort to transition TorchAudio into a maintenance phase. Please see https://github.com/pytorch/audio/issues/3902 for more information. It will be removed from the 2.9 release. 
  paths, scores = AF.forced_align(emissions, targets, blank=blank_id)
01:53:48 INFO    yt2ds.pipeline: GfKioZyz2IM: aligned 2750/2750 subtitle words
01:53:51 INFO    yt2ds.pipeline: GfKioZyz2IM: kept 169, rejected 5, 18.6 min of audio in 126s
01:53:51 INFO    yt2ds.pipeline: GfKioZyz2IM: freed 171 MB
01:53:51 INFO    yt2ds.pipeline: [81/1130] 7HOzsrQffMg -- أرملة ولدي رفضت تطلع من بيتها ... واجبرناها انا وابوها على شي ماتبيه..😱🔥.؟
Deprecated Feature: Support for Python version 3.10 has been deprecated. Please update to Python 3.11 or above
Deprecated Feature: Support for Python version 3.10 has been deprecated. Please update to Python 3.11 or above
01:53:59 INFO    yt2ds.pipeline: 7HOzsrQffMg: 1332.6s of audio, -16.1 LUFS
01:53:59 INFO    yt2ds.pipeline: 7HOzsrQffMg: 3399 subtitle words (yt_auto, ar)
01:53:59 INFO    yt2ds.stages.diarize: diarizing 7HOzsrQffMg
01:54:40 INFO    yt2ds.stages.diarize: diarizer: 261 turns, 1 speakers, 0 overlap regions
01:54:40 INFO    yt2ds.pipeline: 7HOzsrQffMg: 1 speakers, 261 turns
01:54:51 INFO    yt2ds.stages.vad: 7HOzsrQffMg.16k: 116 speech regions, 1306.3s speech of 1332.6s (98%)
01:54:51 INFO    yt2ds.pipeline: 7HOzsrQffMg: 205 candidate chunks
/home/ai2/saudi-youtube-data/youtube-to-dataset/src/yt2ds/stages/align.py:223: UserWarning: torchaudio.functional._alignment.forced_align has been deprecated. This deprecation is part of a large refactoring effort to transition TorchAudio into a maintenance phase. Please see https://github.com/pytorch/audio/issues/3902 for more information. It will be removed from the 2.9 release. 
  paths, scores = AF.forced_align(emissions, targets, blank=blank_id)
01:56:10 INFO    yt2ds.pipeline: 7HOzsrQffMg: aligned 3399/3399 subtitle words
01:56:13 INFO    yt2ds.pipeline: 7HOzsrQffMg: kept 184, rejected 21, 19.0 min of audio in 142s
01:56:13 INFO    yt2ds.pipeline: 7HOzsrQffMg: freed 190 MB
01:56:13 INFO    yt2ds.pipeline: [82/1130] tL9hNw-2PMM -- طلبت ترجع بعد الخلع… قلت موافق لكن لازم تنفذين شرطي قدام العائلة...!😁💔
Deprecated Feature: Support for Python version 3.10 has been deprecated. Please update to Python 3.11 or above
Deprecated Feature: Support for Python version 3.10 has been deprecated. Please update to Python 3.11 or above
01:56:21 INFO    yt2ds.pipeline: tL9hNw-2PMM: 1157.7s of audio, -16.2 LUFS
01:56:21 INFO    yt2ds.pipeline: tL9hNw-2PMM: 2837 subtitle words (yt_auto, ar)
01:56:21 INFO    yt2ds.stages.diarize: diarizing tL9hNw-2PMM
01:56:57 INFO    yt2ds.stages.diarize: diarizer: 214 turns, 1 speakers, 0 overlap regions
01:56:57 INFO    yt2ds.pipeline: tL9hNw-2PMM: 1 speakers, 214 turns
01:57:07 INFO    yt2ds.stages.vad: tL9hNw-2PMM.16k: 105 speech regions, 1130.6s speech of 1157.7s (98%)
01:57:07 INFO    yt2ds.pipeline: tL9hNw-2PMM: 172 candidate chunks
/home/ai2/saudi-youtube-data/youtube-to-dataset/src/yt2ds/stages/align.py:223: UserWarning: torchaudio.functional._alignment.forced_align has been deprecated. This deprecation is part of a large refactoring effort to transition TorchAudio into a maintenance phase. Please see https://github.com/pytorch/audio/issues/3902 for more information. It will be removed from the 2.9 release. 
  paths, scores = AF.forced_align(emissions, targets, blank=blank_id)
01:58:16 INFO    yt2ds.pipeline: tL9hNw-2PMM: aligned 2837/2837 subtitle words
01:58:18 INFO    yt2ds.pipeline: tL9hNw-2PMM: kept 153, rejected 19, 16.5 min of audio in 125s
01:58:19 INFO    yt2ds.pipeline: tL9hNw-2PMM: freed 165 MB
01:58:19 INFO    yt2ds.pipeline: [83/1130] 1o8qefeO9I4 -- أبي كان مديون ومهدد بالسجن… فجاء عرض زواج غيّر حياتنا كلها 😭💗
Deprecated Feature: Support for Python version 3.10 has been deprecated. Please update to Python 3.11 or above
Deprecated Feature: Support for Python version 3.10 has been deprecated. Please update to Python 3.11 or above
01:58:25 INFO    yt2ds.pipeline: 1o8qefeO9I4: 960.7s of audio, -16.0 LUFS
01:58:25 INFO    yt2ds.pipeline: 1o8qefeO9I4: 2338 subtitle words (yt_auto, ar)
01:58:25 INFO    yt2ds.stages.diarize: diarizing 1o8qefeO9I4
01:58:56 INFO    yt2ds.stages.diarize: diarizer: 204 turns, 1 speakers, 0 overlap regions
01:58:56 INFO    yt2ds.pipeline: 1o8qefeO9I4: 1 speakers, 204 turns
01:59:04 INFO    yt2ds.stages.vad: 1o8qefeO9I4.16k: 85 speech regions, 940.4s speech of 960.7s (98%)
01:59:04 INFO    yt2ds.pipeline: 1o8qefeO9I4: 162 candidate chunks
01:59:50 INFO    yt2ds.stages.speakers: 1o8qefeO9I4_SPK1: dropped 1/162 chunks as off-centroid
/home/ai2/saudi-youtube-data/youtube-to-dataset/src/yt2ds/stages/align.py:223: UserWarning: torchaudio.functional._alignment.forced_align has been deprecated. This deprecation is part of a large refactoring effort to transition TorchAudio into a maintenance phase. Please see https://github.com/pytorch/audio/issues/3902 for more information. It will be removed from the 2.9 release. 
  paths, scores = AF.forced_align(emissions, targets, blank=blank_id)
02:00:04 INFO    yt2ds.pipeline: 1o8qefeO9I4: aligned 2338/2338 subtitle words
02:00:06 INFO    yt2ds.pipeline: 1o8qefeO9I4: kept 144, rejected 18, 13.8 min of audio in 107s
02:00:06 INFO    yt2ds.pipeline: 1o8qefeO9I4: freed 137 MB
02:00:06 INFO    yt2ds.pipeline: [84/1130] TT4F17FgyTg -- اتهمني بعلاقة قديمة… والدليل صورة أرسلتها لصديقاتي! 💔🔥
Deprecated Feature: Support for Python version 3.10 has been deprecated. Please update to Python 3.11 or above
Deprecated Feature: Support for Python version 3.10 has been deprecated. Please update to Python 3.11 or above
02:00:19 INFO    yt2ds.pipeline: TT4F17FgyTg: 1923.2s of audio, -16.7 LUFS
02:00:19 INFO    yt2ds.pipeline: TT4F17FgyTg: 4749 subtitle words (yt_auto, ar)
02:00:19 INFO    yt2ds.stages.diarize: diarizing TT4F17FgyTg
02:01:15 INFO    yt2ds.stages.diarize: diarizer: 407 turns, 1 speakers, 0 overlap regions
02:01:15 INFO    yt2ds.pipeline: TT4F17FgyTg: 1 speakers, 407 turns
02:01:31 INFO    yt2ds.stages.vad: TT4F17FgyTg.16k: 182 speech regions, 1879.3s speech of 1923.2s (98%)
02:01:31 INFO    yt2ds.pipeline: TT4F17FgyTg: 326 candidate chunks
02:03:04 INFO    yt2ds.stages.speakers: TT4F17FgyTg_SPK1: dropped 1/326 chunks as off-centroid
/home/ai2/saudi-youtube-data/youtube-to-dataset/src/yt2ds/stages/align.py:223: UserWarning: torchaudio.functional._alignment.forced_align has been deprecated. This deprecation is part of a large refactoring effort to transition TorchAudio into a maintenance phase. Please see https://github.com/pytorch/audio/issues/3902 for more information. It will be removed from the 2.9 release. 
  paths, scores = AF.forced_align(emissions, targets, blank=blank_id)
02:03:33 INFO    yt2ds.pipeline: TT4F17FgyTg: aligned 4749/4749 subtitle words
02:03:37 INFO    yt2ds.pipeline: TT4F17FgyTg: kept 263, rejected 63, 24.7 min of audio in 210s
02:03:37 INFO    yt2ds.pipeline: TT4F17FgyTg: freed 274 MB
02:03:37 INFO    yt2ds.pipeline: [85/1130] HHoTawTKnow -- كنت أحسبه أصلح عيالي… لكن الأيام كشفت الحقيقة 😔💔..؟
Deprecated Feature: Support for Python version 3.10 has been deprecated. Please update to Python 3.11 or above
Deprecated Feature: Support for Python version 3.10 has been deprecated. Please update to Python 3.11 or above
02:03:43 INFO    yt2ds.pipeline: HHoTawTKnow: 758.5s of audio, -17.1 LUFS
02:03:43 INFO    yt2ds.pipeline: HHoTawTKnow: 1785 subtitle words (yt_auto, ar)
02:03:43 INFO    yt2ds.stages.diarize: diarizing HHoTawTKnow
02:04:09 INFO    yt2ds.stages.diarize: diarizer: 150 turns, 1 speakers, 0 overlap regions
02:04:09 INFO    yt2ds.pipeline: HHoTawTKnow: 1 speakers, 150 turns
02:04:15 INFO    yt2ds.stages.vad: HHoTawTKnow.16k: 78 speech regions, 740.2s speech of 758.5s (98%)
02:04:15 INFO    yt2ds.pipeline: HHoTawTKnow: 124 candidate chunks
02:04:54 INFO    yt2ds.stages.speakers: HHoTawTKnow_SPK1: dropped 1/124 chunks as off-centroid
/home/ai2/saudi-youtube-data/youtube-to-dataset/src/yt2ds/stages/align.py:223: UserWarning: torchaudio.functional._alignment.forced_align has been deprecated. This deprecation is part of a large refactoring effort to transition TorchAudio into a maintenance phase. Please see https://github.com/pytorch/audio/issues/3902 for more information. It will be removed from the 2.9 release. 
  paths, scores = AF.forced_align(emissions, targets, blank=blank_id)
02:05:04 INFO    yt2ds.pipeline: HHoTawTKnow: aligned 1785/1785 subtitle words
02:05:06 INFO    yt2ds.pipeline: HHoTawTKnow: kept 109, rejected 15, 10.4 min of audio in 88s
02:05:06 INFO    yt2ds.pipeline: HHoTawTKnow: freed 108 MB
02:05:06 INFO    yt2ds.pipeline: [86/1130] rfUu4dgfjDY -- من زوج يحسدوني عليه… إلى فضيحة هزّت العائلة كلها! 💔😱..
Deprecated Feature: Support for Python version 3.10 has been deprecated. Please update to Python 3.11 or above
Deprecated Feature: Support for Python version 3.10 has been deprecated. Please update to Python 3.11 or above
02:05:14 INFO    yt2ds.pipeline: rfUu4dgfjDY: 1269.3s of audio, -17.3 LUFS
02:05:14 INFO    yt2ds.pipeline: rfUu4dgfjDY: 2846 subtitle words (yt_auto, ar)
02:05:14 INFO    yt2ds.stages.diarize: diarizing rfUu4dgfjDY
02:05:53 INFO    yt2ds.stages.diarize: diarizer: 265 turns, 1 speakers, 0 overlap regions
02:05:53 INFO    yt2ds.pipeline: rfUu4dgfjDY: 1 speakers, 265 turns
02:06:04 INFO    yt2ds.stages.vad: rfUu4dgfjDY.16k: 144 speech regions, 1234.4s speech of 1269.3s (97%)
02:06:04 INFO    yt2ds.pipeline: rfUu4dgfjDY: 201 candidate chunks
/home/ai2/saudi-youtube-data/youtube-to-dataset/src/yt2ds/stages/align.py:223: UserWarning: torchaudio.functional._alignment.forced_align has been deprecated. This deprecation is part of a large refactoring effort to transition TorchAudio into a maintenance phase. Please see https://github.com/pytorch/audio/issues/3902 for more information. It will be removed from the 2.9 release. 
  paths, scores = AF.forced_align(emissions, targets, blank=blank_id)
02:07:16 INFO    yt2ds.pipeline: rfUu4dgfjDY: aligned 2846/2846 subtitle words
02:07:19 INFO    yt2ds.pipeline: rfUu4dgfjDY: kept 180, rejected 21, 18.0 min of audio in 132s
02:07:19 INFO    yt2ds.pipeline: rfUu4dgfjDY: freed 181 MB
02:07:19 INFO    yt2ds.pipeline: [87/1130] kginAebW6MM -- فرحتي بعد 10 سنوات انتهت في لحظة بالمسجد 💔😭🔥..؟
Deprecated Feature: Support for Python version 3.10 has been deprecated. Please update to Python 3.11 or above
Deprecated Feature: Support for Python version 3.10 has been deprecated. Please update to Python 3.11 or above
02:07:29 INFO    yt2ds.pipeline: kginAebW6MM: 1500.7s of audio, -16.9 LUFS
02:07:29 INFO    yt2ds.pipeline: kginAebW6MM: 3651 subtitle words (yt_auto, ar)
02:07:29 INFO    yt2ds.stages.diarize: diarizing kginAebW6MM
02:08:14 INFO    yt2ds.stages.diarize: diarizer: 315 turns, 2 speakers, 2 overlap regions
02:08:14 INFO    yt2ds.pipeline: kginAebW6MM: 2 speakers, 315 turns
02:08:14 INFO    yt2ds.stages.diarize: collapsing 2 speakers to 1 (100% of speech)
02:08:27 INFO    yt2ds.stages.vad: kginAebW6MM.16k: 137 speech regions, 1466.1s speech of 1500.7s (98%)
02:08:27 INFO    yt2ds.stages.segment: overlap removal dropped 0.5s of speech
02:08:27 INFO    yt2ds.pipeline: kginAebW6MM: 247 candidate chunks
/home/ai2/saudi-youtube-data/youtube-to-dataset/src/yt2ds/stages/align.py:223: UserWarning: torchaudio.functional._alignment.forced_align has been deprecated. This deprecation is part of a large refactoring effort to transition TorchAudio into a maintenance phase. Please see https://github.com/pytorch/audio/issues/3902 for more information. It will be removed from the 2.9 release. 
  paths, scores = AF.forced_align(emissions, targets, blank=blank_id)
02:10:03 INFO    yt2ds.pipeline: kginAebW6MM: aligned 3651/3651 subtitle words
02:10:06 INFO    yt2ds.pipeline: kginAebW6MM: kept 217, rejected 30, 20.9 min of audio in 167s
02:10:06 INFO    yt2ds.pipeline: kginAebW6MM: freed 214 MB
02:10:06 INFO    yt2ds.pipeline: [88/1130] s6yzEEvT-dY -- تزوجت وطلقت بنات الناس … لين جاني الدرس اللي غير حياتي 😔🔥💔..؟
Deprecated Feature: Support for Python version 3.10 has been deprecated. Please update to Python 3.11 or above
Deprecated Feature: Support for Python version 3.10 has been deprecated. Please update to Python 3.11 or above
02:10:13 INFO    yt2ds.pipeline: s6yzEEvT-dY: 1055.1s of audio, -17.2 LUFS
02:10:13 INFO    yt2ds.pipeline: s6yzEEvT-dY: 2584 subtitle words (yt_auto, ar)
02:10:13 INFO    yt2ds.stages.diarize: diarizing s6yzEEvT-dY
02:10:47 INFO    yt2ds.stages.diarize: diarizer: 218 turns, 1 speakers, 0 overlap regions
02:10:47 INFO    yt2ds.pipeline: s6yzEEvT-dY: 1 speakers, 218 turns
02:10:56 INFO    yt2ds.stages.vad: s6yzEEvT-dY.16k: 92 speech regions, 1029.3s speech of 1055.1s (98%)
02:10:56 INFO    yt2ds.pipeline: s6yzEEvT-dY: 170 candidate chunks
/home/ai2/saudi-youtube-data/youtube-to-dataset/src/yt2ds/stages/align.py:223: UserWarning: torchaudio.functional._alignment.forced_align has been deprecated. This deprecation is part of a large refactoring effort to transition TorchAudio into a maintenance phase. Please see https://github.com/pytorch/audio/issues/3902 for more information. It will be removed from the 2.9 release. 
  paths, scores = AF.forced_align(emissions, targets, blank=blank_id)
02:12:02 INFO    yt2ds.pipeline: s6yzEEvT-dY: aligned 2584/2584 subtitle words
02:12:04 INFO    yt2ds.pipeline: s6yzEEvT-dY: kept 146, rejected 24, 14.3 min of audio in 117s
02:12:04 INFO    yt2ds.pipeline: s6yzEEvT-dY: freed 150 MB
02:12:04 INFO    yt2ds.pipeline: [89/1130] Ihm5dzs6L7c -- كانت تتأكد انه باقي مكانه… وما تدري اني أراقبها .. اوقعتها بشر اعمالها ..؟ 👀🔥
Deprecated Feature: Support for Python version 3.10 has been deprecated. Please update to Python 3.11 or above
Deprecated Feature: Support for Python version 3.10 has been deprecated. Please update to Python 3.11 or above
02:12:15 INFO    yt2ds.pipeline: Ihm5dzs6L7c: 1637.3s of audio, -17.0 LUFS
02:12:15 INFO    yt2ds.pipeline: Ihm5dzs6L7c: 3925 subtitle words (yt_auto, ar)
02:12:15 INFO    yt2ds.stages.diarize: diarizing Ihm5dzs6L7c
02:13:04 INFO    yt2ds.stages.diarize: diarizer: 337 turns, 1 speakers, 0 overlap regions
02:13:04 INFO    yt2ds.pipeline: Ihm5dzs6L7c: 1 speakers, 337 turns
02:13:18 INFO    yt2ds.stages.vad: Ihm5dzs6L7c.16k: 147 speech regions, 1599.9s speech of 1637.3s (98%)
02:13:18 INFO    yt2ds.pipeline: Ihm5dzs6L7c: 267 candidate chunks
02:14:37 INFO    yt2ds.stages.speakers: Ihm5dzs6L7c_SPK1: dropped 2/267 chunks as off-centroid
/home/ai2/saudi-youtube-data/youtube-to-dataset/src/yt2ds/stages/align.py:223: UserWarning: torchaudio.functional._alignment.forced_align has been deprecated. This deprecation is part of a large refactoring effort to transition TorchAudio into a maintenance phase. Please see https://github.com/pytorch/audio/issues/3902 for more information. It will be removed from the 2.9 release. 
  paths, scores = AF.forced_align(emissions, targets, blank=blank_id)
02:15:01 INFO    yt2ds.pipeline: Ihm5dzs6L7c: aligned 3925/3925 subtitle words
02:15:05 INFO    yt2ds.pipeline: Ihm5dzs6L7c: kept 237, rejected 30, 23.1 min of audio in 180s
02:15:05 INFO    yt2ds.pipeline: Ihm5dzs6L7c: freed 233 MB
02:15:05 INFO    yt2ds.pipeline: [90/1130] 7fdAD7_WlX8 -- رجعت مشتاق لعيالي .. وانصدمت ان بيتي مو لي..  ؟ اللي صار 😱💔🔥
Deprecated Feature: Support for Python version 3.10 has been deprecated. Please update to Python 3.11 or above
Deprecated Feature: Support for Python version 3.10 has been deprecated. Please update to Python 3.11 or above
02:15:17 INFO    yt2ds.pipeline: 7fdAD7_WlX8: 1897.3s of audio, -16.9 LUFS
02:15:17 INFO    yt2ds.pipeline: 7fdAD7_WlX8: 4718 subtitle words (yt_auto, ar)
02:15:17 INFO    yt2ds.stages.diarize: diarizing 7fdAD7_WlX8
02:16:13 INFO    yt2ds.stages.diarize: diarizer: 418 turns, 1 speakers, 0 overlap regions
02:16:13 INFO    yt2ds.pipeline: 7fdAD7_WlX8: 1 speakers, 418 turns
02:16:29 INFO    yt2ds.stages.vad: 7fdAD7_WlX8.16k: 198 speech regions, 1848.1s speech of 1897.3s (97%)
02:16:29 INFO    yt2ds.pipeline: 7fdAD7_WlX8: 322 candidate chunks
/home/ai2/saudi-youtube-data/youtube-to-dataset/src/yt2ds/stages/align.py:223: UserWarning: torchaudio.functional._alignment.forced_align has been deprecated. This deprecation is part of a large refactoring effort to transition TorchAudio into a maintenance phase. Please see https://github.com/pytorch/audio/issues/3902 for more information. It will be removed from the 2.9 release. 
  paths, scores = AF.forced_align(emissions, targets, blank=blank_id)
02:18:27 INFO    yt2ds.pipeline: 7fdAD7_WlX8: aligned 4718/4718 subtitle words
02:18:31 INFO    yt2ds.pipeline: 7fdAD7_WlX8: kept 273, rejected 49, 26.1 min of audio in 206s
02:18:31 INFO    yt2ds.pipeline: 7fdAD7_WlX8: freed 270 MB
02:18:31 INFO    yt2ds.pipeline: [91/1130] SV6V6zRwnmI -- بيوم عزاه كنت انا كنت أبكيه .. وهي دخلت تسرق بيتي اللي اكتشفته صدمني..😱💔🔥..
Deprecated Feature: Support for Python version 3.10 has been deprecated. Please update to Python 3.11 or above
Deprecated Feature: Support for Python version 3.10 has been deprecated. Please update to Python 3.11 or above
02:18:53 INFO    yt2ds.pipeline: SV6V6zRwnmI: 3380.2s of audio, -17.1 LUFS
02:18:53 INFO    yt2ds.pipeline: SV6V6zRwnmI: 8039 subtitle words (yt_auto, ar)
02:18:53 INFO    yt2ds.stages.diarize: diarizing SV6V6zRwnmI
02:20:28 INFO    yt2ds.stages.diarize: diarizer: 759 turns, 1 speakers, 0 overlap regions
02:20:28 INFO    yt2ds.pipeline: SV6V6zRwnmI: 1 speakers, 759 turns
02:20:56 INFO    yt2ds.stages.vad: SV6V6zRwnmI.16k: 348 speech regions, 3295.0s speech of 3380.2s (97%)
02:20:56 INFO    yt2ds.pipeline: SV6V6zRwnmI: 587 candidate chunks
/home/ai2/saudi-youtube-data/youtube-to-dataset/src/yt2ds/stages/align.py:223: UserWarning: torchaudio.functional._alignment.forced_align has been deprecated. This deprecation is part of a large refactoring effort to transition TorchAudio into a maintenance phase. Please see https://github.com/pytorch/audio/issues/3902 for more information. It will be removed from the 2.9 release. 
  paths, scores = AF.forced_align(emissions, targets, blank=blank_id)
02:24:31 INFO    yt2ds.pipeline: SV6V6zRwnmI: aligned 8039/8039 subtitle words
02:24:36 INFO    yt2ds.pipeline: SV6V6zRwnmI: kept 343, rejected 244, 31.6 min of audio in 364s
02:24:36 INFO    yt2ds.pipeline: SV6V6zRwnmI: freed 480 MB
02:24:36 INFO    yt2ds.pipeline: [92/1130] jV4Yf5QLTFo -- زواج بالدين 😱… وعشت بين الضرب والهجر لين ظهرت الحقيقة 🔥💔
Deprecated Feature: Support for Python version 3.10 has been deprecated. Please update to Python 3.11 or above
Deprecated Feature: Support for Python version 3.10 has been deprecated. Please update to Python 3.11 or above
02:24:46 INFO    yt2ds.pipeline: jV4Yf5QLTFo: 1580.7s of audio, -17.0 LUFS
02:24:46 INFO    yt2ds.pipeline: jV4Yf5QLTFo: 3913 subtitle words (yt_auto, ar)
02:24:46 INFO    yt2ds.stages.diarize: diarizing jV4Yf5QLTFo
02:25:33 INFO    yt2ds.stages.diarize: diarizer: 343 turns, 1 speakers, 0 overlap regions
02:25:33 INFO    yt2ds.pipeline: jV4Yf5QLTFo: 1 speakers, 343 turns
02:25:46 INFO    yt2ds.stages.vad: jV4Yf5QLTFo.16k: 164 speech regions, 1541.3s speech of 1580.7s (98%)
02:25:46 INFO    yt2ds.pipeline: jV4Yf5QLTFo: 270 candidate chunks
/home/ai2/saudi-youtube-data/youtube-to-dataset/src/yt2ds/stages/align.py:223: UserWarning: torchaudio.functional._alignment.forced_align has been deprecated. This deprecation is part of a large refactoring effort to transition TorchAudio into a maintenance phase. Please see https://github.com/pytorch/audio/issues/3902 for more information. It will be removed from the 2.9 release. 
  paths, scores = AF.forced_align(emissions, targets, blank=blank_id)
02:27:31 INFO    yt2ds.pipeline: jV4Yf5QLTFo: aligned 3913/3913 subtitle words
02:27:35 INFO    yt2ds.pipeline: jV4Yf5QLTFo: kept 240, rejected 30, 22.6 min of audio in 178s
02:27:35 INFO    yt2ds.pipeline: jV4Yf5QLTFo: freed 225 MB
02:27:35 INFO    yt2ds.pipeline: [93/1130] ZtK1CdRq5PI -- زوجة أبوي كسرتني… وصديقتي وأبوها سووا شيء ما توقعته! 😳🔥
Deprecated Feature: Support for Python version 3.10 has been deprecated. Please update to Python 3.11 or above
Deprecated Feature: Support for Python version 3.10 has been deprecated. Please update to Python 3.11 or above
ERROR: unable to download video data: HTTP Error 403: Forbidden
02:27:40 WARNING yt2ds.stages.download: https://www.youtube.com/watch?v=0LIxkcU-oFE: attempt 1/6 failed (client=default): ERROR: unable to download video data: HTTP Error 403: Forbidden -- retrying in 4s
02:27:44 INFO    yt2ds.pipeline: ZtK1CdRq5PI: 1264.4s of audio, -16.2 LUFS
02:27:44 INFO    yt2ds.pipeline: ZtK1CdRq5PI: 3023 subtitle words (yt_auto, ar)
02:27:44 INFO    yt2ds.stages.diarize: diarizing ZtK1CdRq5PI
Deprecated Feature: Support for Python version 3.10 has been deprecated. Please update to Python 3.11 or above
ERROR: [youtube] 0LIxkcU-oFE: Requested format is not available. Use --list-formats for a list of available formats
02:27:47 WARNING yt2ds.stages.download: https://www.youtube.com/watch?v=0LIxkcU-oFE: attempt 2/6 failed (client=tv_simply): ERROR: [youtube] 0LIxkcU-oFE: Requested format is not available. Use --list-formats for a list of available formats -- retrying in 8s
Deprecated Feature: Support for Python version 3.10 has been deprecated. Please update to Python 3.11 or above
ERROR: [youtube] 0LIxkcU-oFE: Requested format is not available. Use --list-formats for a list of available formats
02:27:57 WARNING yt2ds.stages.download: https://www.youtube.com/watch?v=0LIxkcU-oFE: attempt 3/6 failed (client=web_safari): ERROR: [youtube] 0LIxkcU-oFE: Requested format is not available. Use --list-formats for a list of available formats -- retrying in 12s
Deprecated Feature: Support for Python version 3.10 has been deprecated. Please update to Python 3.11 or above
ERROR: unable to download video data: HTTP Error 403: Forbidden
02:28:11 WARNING yt2ds.stages.download: https://www.youtube.com/watch?v=0LIxkcU-oFE: attempt 4/6 failed (client=android_vr): ERROR: unable to download video data: HTTP Error 403: Forbidden -- retrying in 16s
02:28:23 INFO    yt2ds.stages.diarize: diarizer: 285 turns, 1 speakers, 0 overlap regions
02:28:23 INFO    yt2ds.pipeline: ZtK1CdRq5PI: 1 speakers, 285 turns
Deprecated Feature: Support for Python version 3.10 has been deprecated. Please update to Python 3.11 or above
ERROR: [youtube] 0LIxkcU-oFE: Requested format is not available. Use --list-formats for a list of available formats
02:28:30 WARNING yt2ds.stages.download: https://www.youtube.com/watch?v=0LIxkcU-oFE: attempt 5/6 failed (client=ios): ERROR: [youtube] 0LIxkcU-oFE: Requested format is not available. Use --list-formats for a list of available formats -- retrying in 20s
02:28:34 INFO    yt2ds.stages.vad: ZtK1CdRq5PI.16k: 137 speech regions, 1232.2s speech of 1264.4s (97%)
02:28:34 INFO    yt2ds.pipeline: ZtK1CdRq5PI: 222 candidate chunks
Deprecated Feature: Support for Python version 3.10 has been deprecated. Please update to Python 3.11 or above
ERROR: [youtube] 0LIxkcU-oFE: Requested format is not available. Use --list-formats for a list of available formats
02:28:54 WARNING yt2ds.stages.download: 0LIxkcU-oFE: retrying without subtitles after: ERROR: [youtube] 0LIxkcU-oFE: Requested format is not available. Use --list-formats for a list of available formats
Deprecated Feature: Support for Python version 3.10 has been deprecated. Please update to Python 3.11 or above
/home/ai2/saudi-youtube-data/youtube-to-dataset/src/yt2ds/stages/align.py:223: UserWarning: torchaudio.functional._alignment.forced_align has been deprecated. This deprecation is part of a large refactoring effort to transition TorchAudio into a maintenance phase. Please see https://github.com/pytorch/audio/issues/3902 for more information. It will be removed from the 2.9 release. 
  paths, scores = AF.forced_align(emissions, targets, blank=blank_id)
02:29:53 INFO    yt2ds.pipeline: ZtK1CdRq5PI: aligned 3023/3023 subtitle words
02:29:56 INFO    yt2ds.pipeline: ZtK1CdRq5PI: kept 194, rejected 28, 17.6 min of audio in 141s
02:29:56 INFO    yt2ds.pipeline: ZtK1CdRq5PI: freed 180 MB
02:29:56 INFO    yt2ds.pipeline: [94/1130] 1p4IR_SUlzw -- دخلت على ضيف اخوي بالمجلس وطلبت منه الفزعه 💔😭... اللي صار صدمه...😱🔥
Deprecated Feature: Support for Python version 3.10 has been deprecated. Please update to Python 3.11 or above
Deprecated Feature: Support for Python version 3.10 has been deprecated. Please update to Python 3.11 or above
02:30:09 INFO    yt2ds.pipeline: 1p4IR_SUlzw: 1990.3s of audio, -16.5 LUFS
02:30:09 INFO    yt2ds.pipeline: 1p4IR_SUlzw: 4833 subtitle words (yt_auto, ar)
02:30:09 INFO    yt2ds.stages.diarize: diarizing 1p4IR_SUlzw
02:31:07 INFO    yt2ds.stages.diarize: diarizer: 410 turns, 2 speakers, 0 overlap regions
02:31:07 INFO    yt2ds.pipeline: 1p4IR_SUlzw: 2 speakers, 410 turns
02:31:07 INFO    yt2ds.stages.diarize: collapsing 2 speakers to 1 (100% of speech)
02:31:24 INFO    yt2ds.stages.vad: 1p4IR_SUlzw.16k: 215 speech regions, 1937.4s speech of 1990.3s (97%)
02:31:24 INFO    yt2ds.pipeline: 1p4IR_SUlzw: 308 candidate chunks
02:32:59 INFO    yt2ds.stages.speakers: 1p4IR_SUlzw_SPK1: dropped 1/308 chunks as off-centroid
/home/ai2/saudi-youtube-data/youtube-to-dataset/src/yt2ds/stages/align.py:223: UserWarning: torchaudio.functional._alignment.forced_align has been deprecated. This deprecation is part of a large refactoring effort to transition TorchAudio into a maintenance phase. Please see https://github.com/pytorch/audio/issues/3902 for more information. It will be removed from the 2.9 release. 
  paths, scores = AF.forced_align(emissions, targets, blank=blank_id)
02:33:28 INFO    yt2ds.pipeline: 1p4IR_SUlzw: aligned 4833/4833 subtitle words
02:33:32 INFO    yt2ds.pipeline: 1p4IR_SUlzw: kept 279, rejected 29, 28.6 min of audio in 215s
02:33:32 INFO    yt2ds.pipeline: 1p4IR_SUlzw: freed 283 MB
02:33:32 INFO    yt2ds.pipeline: [95/1130] 3b9ojOH_WXc -- شكّ فيني وأنا ناوي أسرقه… لكن اللي سواه صدمني ...😱🔥..؟
Deprecated Feature: Support for Python version 3.10 has been deprecated. Please update to Python 3.11 or above
Deprecated Feature: Support for Python version 3.10 has been deprecated. Please update to Python 3.11 or above
ERROR: unable to download video data: HTTP Error 403: Forbidden
02:33:37 WARNING yt2ds.stages.download: https://www.youtube.com/watch?v=0UpmwWLQ6qw: attempt 1/6 failed (client=default): ERROR: unable to download video data: HTTP Error 403: Forbidden -- retrying in 4s
Deprecated Feature: Support for Python version 3.10 has been deprecated. Please update to Python 3.11 or above
ERROR: [youtube] 0UpmwWLQ6qw: Requested format is not available. Use --list-formats for a list of available formats
02:33:44 WARNING yt2ds.stages.download: https://www.youtube.com/watch?v=0UpmwWLQ6qw: attempt 2/6 failed (client=tv_simply): ERROR: [youtube] 0UpmwWLQ6qw: Requested format is not available. Use --list-formats for a list of available formats -- retrying in 8s
02:33:44 INFO    yt2ds.pipeline: 3b9ojOH_WXc: 1800.1s of audio, -17.0 LUFS
02:33:44 INFO    yt2ds.pipeline: 3b9ojOH_WXc: 4351 subtitle words (yt_auto, ar)
02:33:44 INFO    yt2ds.stages.diarize: diarizing 3b9ojOH_WXc
Deprecated Feature: Support for Python version 3.10 has been deprecated. Please update to Python 3.11 or above
ERROR: [youtube] 0UpmwWLQ6qw: Requested format is not available. Use --list-formats for a list of available formats
02:33:54 WARNING yt2ds.stages.download: https://www.youtube.com/watch?v=0UpmwWLQ6qw: attempt 3/6 failed (client=web_safari): ERROR: [youtube] 0UpmwWLQ6qw: Requested format is not available. Use --list-formats for a list of available formats -- retrying in 12s
Deprecated Feature: Support for Python version 3.10 has been deprecated. Please update to Python 3.11 or above
02:34:11 INFO    yt2ds.stages.download: https://www.youtube.com/watch?v=0UpmwWLQ6qw: succeeded on attempt 4 (client=android_vr)
02:34:38 INFO    yt2ds.stages.diarize: diarizer: 391 turns, 2 speakers, 0 overlap regions
02:34:38 INFO    yt2ds.pipeline: 3b9ojOH_WXc: 2 speakers, 391 turns
02:34:38 INFO    yt2ds.stages.diarize: collapsing 2 speakers to 2 (100% of speech)
02:34:53 INFO    yt2ds.stages.vad: 3b9ojOH_WXc.16k: 191 speech regions, 1731.2s speech of 1800.1s (96%)
02:34:53 INFO    yt2ds.pipeline: 3b9ojOH_WXc: 282 candidate chunks
/home/ai2/saudi-youtube-data/youtube-to-dataset/src/yt2ds/stages/align.py:223: UserWarning: torchaudio.functional._alignment.forced_align has been deprecated. This deprecation is part of a large refactoring effort to transition TorchAudio into a maintenance phase. Please see https://github.com/pytorch/audio/issues/3902 for more information. It will be removed from the 2.9 release. 
  paths, scores = AF.forced_align(emissions, targets, blank=blank_id)
02:36:46 INFO    yt2ds.pipeline: 3b9ojOH_WXc: aligned 4351/4351 subtitle words
02:36:50 INFO    yt2ds.pipeline: 3b9ojOH_WXc: kept 244, rejected 38, 23.7 min of audio in 197s
02:36:50 INFO    yt2ds.pipeline: 3b9ojOH_WXc: freed 256 MB
02:36:50 INFO    yt2ds.pipeline: [96/1130] O5rSXNQPtrg -- رزق ما كنت أتخيله… والسبب بسيط جدًا...🗯
Deprecated Feature: Support for Python version 3.10 has been deprecated. Please update to Python 3.11 or above
Deprecated Feature: Support for Python version 3.10 has been deprecated. Please update to Python 3.11 or above
02:37:02 INFO    yt2ds.pipeline: O5rSXNQPtrg: 1691.5s of audio, -17.0 LUFS
02:37:02 INFO    yt2ds.pipeline: O5rSXNQPtrg: 4089 subtitle words (yt_auto, ar)
02:37:02 INFO    yt2ds.stages.diarize: diarizing O5rSXNQPtrg
02:37:52 INFO    yt2ds.stages.diarize: diarizer: 365 turns, 1 speakers, 0 overlap regions
02:37:52 INFO    yt2ds.pipeline: O5rSXNQPtrg: 1 speakers, 365 turns
02:38:06 INFO    yt2ds.stages.vad: O5rSXNQPtrg.16k: 170 speech regions, 1651.2s speech of 1691.5s (98%)
02:38:06 INFO    yt2ds.pipeline: O5rSXNQPtrg: 278 candidate chunks
02:39:28 INFO    yt2ds.stages.speakers: O5rSXNQPtrg_SPK1: dropped 2/278 chunks as off-centroid
/home/ai2/saudi-youtube-data/youtube-to-dataset/src/yt2ds/stages/align.py:223: UserWarning: torchaudio.functional._alignment.forced_align has been deprecated. This deprecation is part of a large refactoring effort to transition TorchAudio into a maintenance phase. Please see https://github.com/pytorch/audio/issues/3902 for more information. It will be removed from the 2.9 release. 
  paths, scores = AF.forced_align(emissions, targets, blank=blank_id)
02:39:53 INFO    yt2ds.pipeline: O5rSXNQPtrg: aligned 4089/4089 subtitle words
02:39:56 INFO    yt2ds.pipeline: O5rSXNQPtrg: kept 242, rejected 36, 23.6 min of audio in 186s
02:39:57 INFO    yt2ds.pipeline: O5rSXNQPtrg: freed 241 MB
02:39:57 INFO    yt2ds.pipeline: [97/1130] 0LIxkcU-oFE -- أول رمضان بدونهم… والغصه تقتلني 💔🌙
Deprecated Feature: Support for Python version 3.10 has been deprecated. Please update to Python 3.11 or above
Deprecated Feature: Support for Python version 3.10 has been deprecated. Please update to Python 3.11 or above
02:40:02 INFO    yt2ds.pipeline: 0LIxkcU-oFE: 784.6s of audio, -16.5 LUFS
02:40:02 INFO    yt2ds.stages.diarize: diarizing 0LIxkcU-oFE
02:40:29 INFO    yt2ds.stages.diarize: diarizer: 152 turns, 1 speakers, 0 overlap regions
02:40:29 INFO    yt2ds.pipeline: 0LIxkcU-oFE: 1 speakers, 152 turns
02:40:36 INFO    yt2ds.stages.vad: 0LIxkcU-oFE.16k: 59 speech regions, 772.0s speech of 784.6s (98%)
02:40:36 INFO    yt2ds.pipeline: 0LIxkcU-oFE: 127 candidate chunks
02:41:14 INFO    yt2ds.pipeline: 0LIxkcU-oFE: kept 120, rejected 7, 12.0 min of audio in 77s
02:41:14 INFO    yt2ds.pipeline: 0LIxkcU-oFE: freed 112 MB
02:41:14 INFO    yt2ds.pipeline: [98/1130] sgrMBzUj0C4 -- مقلب من أصحابي تحول لكابوس… نهايته دمار لي 🔥😭💔"
Deprecated Feature: Support for Python version 3.10 has been deprecated. Please update to Python 3.11 or above
Deprecated Feature: Support for Python version 3.10 has been deprecated. Please update to Python 3.11 or above
02:41:25 INFO    yt2ds.pipeline: sgrMBzUj0C4: 1783.1s of audio, -16.3 LUFS
02:41:25 INFO    yt2ds.pipeline: sgrMBzUj0C4: 4276 subtitle words (yt_auto, ar)
02:41:25 INFO    yt2ds.stages.diarize: diarizing sgrMBzUj0C4
02:42:18 INFO    yt2ds.stages.diarize: diarizer: 411 turns, 1 speakers, 0 overlap regions
02:42:18 INFO    yt2ds.pipeline: sgrMBzUj0C4: 1 speakers, 411 turns
02:42:33 INFO    yt2ds.stages.vad: sgrMBzUj0C4.16k: 195 speech regions, 1740.1s speech of 1783.1s (98%)
02:42:33 INFO    yt2ds.pipeline: sgrMBzUj0C4: 298 candidate chunks
02:44:05 INFO    yt2ds.stages.speakers: sgrMBzUj0C4_SPK1: dropped 2/297 chunks as off-centroid
/home/ai2/saudi-youtube-data/youtube-to-dataset/src/yt2ds/stages/align.py:223: UserWarning: torchaudio.functional._alignment.forced_align has been deprecated. This deprecation is part of a large refactoring effort to transition TorchAudio into a maintenance phase. Please see https://github.com/pytorch/audio/issues/3902 for more information. It will be removed from the 2.9 release. 
  paths, scores = AF.forced_align(emissions, targets, blank=blank_id)
02:44:32 INFO    yt2ds.pipeline: sgrMBzUj0C4: aligned 4276/4276 subtitle words
02:44:36 INFO    yt2ds.pipeline: sgrMBzUj0C4: kept 245, rejected 53, 24.2 min of audio in 201s
02:44:36 INFO    yt2ds.pipeline: sgrMBzUj0C4: freed 254 MB
02:44:36 INFO    yt2ds.pipeline: [99/1130] 0UpmwWLQ6qw -- زوجة اخوي تخبب جارتنا على زوجها ../ عمرنا ماتوقعنا اللي صار لهم الثنتين..😱🔥💔
Deprecated Feature: Support for Python version 3.10 has been deprecated. Please update to Python 3.11 or above
Deprecated Feature: Support for Python version 3.10 has been deprecated. Please update to Python 3.11 or above
02:44:49 INFO    yt2ds.pipeline: 0UpmwWLQ6qw: 1831.7s of audio, -16.4 LUFS
02:44:49 INFO    yt2ds.pipeline: 0UpmwWLQ6qw: 4574 subtitle words (yt_auto, ar)
02:44:49 INFO    yt2ds.stages.diarize: diarizing 0UpmwWLQ6qw
02:45:43 INFO    yt2ds.stages.diarize: diarizer: 327 turns, 1 speakers, 0 overlap regions
02:45:43 INFO    yt2ds.pipeline: 0UpmwWLQ6qw: 1 speakers, 327 turns
02:45:59 INFO    yt2ds.stages.vad: 0UpmwWLQ6qw.16k: 168 speech regions, 1788.6s speech of 1831.7s (98%)
02:45:59 INFO    yt2ds.pipeline: 0UpmwWLQ6qw: 268 candidate chunks
/home/ai2/saudi-youtube-data/youtube-to-dataset/src/yt2ds/stages/align.py:223: UserWarning: torchaudio.functional._alignment.forced_align has been deprecated. This deprecation is part of a large refactoring effort to transition TorchAudio into a maintenance phase. Please see https://github.com/pytorch/audio/issues/3902 for more information. It will be removed from the 2.9 release. 
  paths, scores = AF.forced_align(emissions, targets, blank=blank_id)
02:47:55 INFO    yt2ds.pipeline: 0UpmwWLQ6qw: aligned 4574/4574 subtitle words
02:47:59 INFO    yt2ds.pipeline: 0UpmwWLQ6qw: kept 239, rejected 29, 26.2 min of audio in 202s
02:47:59 INFO    yt2ds.pipeline: 0UpmwWLQ6qw: freed 261 MB
02:47:59 INFO    yt2ds.pipeline: [100/1130] zkCOlGziRII -- اختي تطبخ لضرتها وتخدم أهلها😱… / واللي اكتشفناه بعدها صدمة ما توقعناها! 🔥💔
Deprecated Feature: Support for Python version 3.10 has been deprecated. Please update to Python 3.11 or above
Deprecated Feature: Support for Python version 3.10 has been deprecated. Please update to Python 3.11 or above
02:48:09 INFO    yt2ds.pipeline: zkCOlGziRII: 1529.7s of audio, -16.3 LUFS
02:48:09 INFO    yt2ds.pipeline: zkCOlGziRII: 3572 subtitle words (yt_auto, ar)
02:48:09 INFO    yt2ds.stages.diarize: diarizing zkCOlGziRII
02:48:55 INFO    yt2ds.stages.diarize: diarizer: 301 turns, 1 speakers, 0 overlap regions
02:48:55 INFO    yt2ds.pipeline: zkCOlGziRII: 1 speakers, 301 turns
02:49:08 INFO    yt2ds.stages.vad: zkCOlGziRII.16k: 120 speech regions, 1504.3s speech of 1529.7s (98%)
02:49:08 INFO    yt2ds.pipeline: zkCOlGziRII: 221 candidate chunks
/home/ai2/saudi-youtube-data/youtube-to-dataset/src/yt2ds/stages/align.py:223: UserWarning: torchaudio.functional._alignment.forced_align has been deprecated. This deprecation is part of a large refactoring effort to transition TorchAudio into a maintenance phase. Please see https://github.com/pytorch/audio/issues/3902 for more information. It will be removed from the 2.9 release. 
  paths, scores = AF.forced_align(emissions, targets, blank=blank_id)
02:50:38 INFO    yt2ds.pipeline: zkCOlGziRII: aligned 3572/3572 subtitle words
02:50:41 INFO    yt2ds.pipeline: zkCOlGziRII: kept 202, rejected 19, 22.3 min of audio in 161s
02:50:41 INFO    yt2ds.pipeline: zkCOlGziRII: freed 218 MB
02:50:41 INFO    yt2ds.pipeline: [101/1130] wVILJZ-nxBk -- صدق كلامه عليّ وطردني…😱/  وبعد شهور يتصل يبكي يطلب مساعدتي والسبب ! 💔🔥
Deprecated Feature: Support for Python version 3.10 has been deprecated. Please update to Python 3.11 or above
Deprecated Feature: Support for Python version 3.10 has been deprecated. Please update to Python 3.11 or above
02:50:52 INFO    yt2ds.pipeline: wVILJZ-nxBk: 1903.9s of audio, -16.3 LUFS
02:50:52 INFO    yt2ds.pipeline: wVILJZ-nxBk: 4559 subtitle words (yt_auto, ar)
02:50:52 INFO    yt2ds.stages.diarize: diarizing wVILJZ-nxBk
02:51:48 INFO    yt2ds.stages.diarize: diarizer: 407 turns, 1 speakers, 0 overlap regions
02:51:48 INFO    yt2ds.pipeline: wVILJZ-nxBk: 1 speakers, 407 turns
02:52:04 INFO    yt2ds.stages.vad: wVILJZ-nxBk.16k: 216 speech regions, 1851.8s speech of 1903.9s (97%)
02:52:04 INFO    yt2ds.pipeline: wVILJZ-nxBk: 297 candidate chunks
/home/ai2/saudi-youtube-data/youtube-to-dataset/src/yt2ds/stages/align.py:223: UserWarning: torchaudio.functional._alignment.forced_align has been deprecated. This deprecation is part of a large refactoring effort to transition TorchAudio into a maintenance phase. Please see https://github.com/pytorch/audio/issues/3902 for more information. It will be removed from the 2.9 release. 
  paths, scores = AF.forced_align(emissions, targets, blank=blank_id)
02:54:04 INFO    yt2ds.pipeline: wVILJZ-nxBk: aligned 4559/4559 subtitle words
02:54:08 INFO    yt2ds.pipeline: wVILJZ-nxBk: kept 258, rejected 39, 27.0 min of audio in 206s
02:54:08 INFO    yt2ds.pipeline: wVILJZ-nxBk: freed 271 MB
02:54:08 INFO    yt2ds.pipeline: [102/1130] FxEboZsZi8Q -- رسالة وحدة كانت كفيلة تهز ثقة زوجي فيني… والسبب أخو صديقتي! 😱💔🔥
Deprecated Feature: Support for Python version 3.10 has been deprecated. Please update to Python 3.11 or above
Deprecated Feature: Support for Python version 3.10 has been deprecated. Please update to Python 3.11 or above
02:54:21 INFO    yt2ds.pipeline: FxEboZsZi8Q: 1969.4s of audio, -16.1 LUFS
02:54:21 INFO    yt2ds.pipeline: FxEboZsZi8Q: 4736 subtitle words (yt_auto, ar)
02:54:21 INFO    yt2ds.stages.diarize: diarizing FxEboZsZi8Q
02:55:18 INFO    yt2ds.stages.diarize: diarizer: 430 turns, 2 speakers, 0 overlap regions
02:55:18 INFO    yt2ds.pipeline: FxEboZsZi8Q: 2 speakers, 430 turns
02:55:18 INFO    yt2ds.stages.diarize: collapsing 2 speakers to 1 (100% of speech)
02:55:35 INFO    yt2ds.stages.vad: FxEboZsZi8Q.16k: 227 speech regions, 1907.2s speech of 1969.4s (97%)
02:55:35 INFO    yt2ds.pipeline: FxEboZsZi8Q: 321 candidate chunks
02:57:08 INFO    yt2ds.stages.speakers: FxEboZsZi8Q_SPK1: dropped 2/321 chunks as off-centroid
/home/ai2/saudi-youtube-data/youtube-to-dataset/src/yt2ds/stages/align.py:223: UserWarning: torchaudio.functional._alignment.forced_align has been deprecated. This deprecation is part of a large refactoring effort to transition TorchAudio into a maintenance phase. Please see https://github.com/pytorch/audio/issues/3902 for more information. It will be removed from the 2.9 release. 
  paths, scores = AF.forced_align(emissions, targets, blank=blank_id)
02:57:37 INFO    yt2ds.pipeline: FxEboZsZi8Q: aligned 4736/4736 subtitle words
02:57:41 INFO    yt2ds.pipeline: FxEboZsZi8Q: kept 271, rejected 50, 26.9 min of audio in 213s
02:57:41 INFO    yt2ds.pipeline: FxEboZsZi8Q: freed 280 MB
02:57:41 INFO    yt2ds.pipeline: [103/1130] lVebcKjKcKg -- حيلة على سنابي قلبت حياتي جحيم… اللي صار بعدها ما يُصدق! 😳💔
Deprecated Feature: Support for Python version 3.10 has been deprecated. Please update to Python 3.11 or above
Deprecated Feature: Support for Python version 3.10 has been deprecated. Please update to Python 3.11 or above
02:57:54 INFO    yt2ds.pipeline: lVebcKjKcKg: 1958.7s of audio, -16.2 LUFS
02:57:54 INFO    yt2ds.pipeline: lVebcKjKcKg: 4745 subtitle words (yt_auto, ar)
02:57:54 INFO    yt2ds.stages.diarize: diarizing lVebcKjKcKg
02:58:52 INFO    yt2ds.stages.diarize: diarizer: 436 turns, 1 speakers, 0 overlap regions
02:58:52 INFO    yt2ds.pipeline: lVebcKjKcKg: 1 speakers, 436 turns
02:59:08 INFO    yt2ds.stages.vad: lVebcKjKcKg.16k: 220 speech regions, 1899.6s speech of 1958.7s (97%)
02:59:08 INFO    yt2ds.pipeline: lVebcKjKcKg: 322 candidate chunks
03:00:46 INFO    yt2ds.stages.speakers: lVebcKjKcKg_SPK1: dropped 1/321 chunks as off-centroid
/home/ai2/saudi-youtube-data/youtube-to-dataset/src/yt2ds/stages/align.py:223: UserWarning: torchaudio.functional._alignment.forced_align has been deprecated. This deprecation is part of a large refactoring effort to transition TorchAudio into a maintenance phase. Please see https://github.com/pytorch/audio/issues/3902 for more information. It will be removed from the 2.9 release. 
  paths, scores = AF.forced_align(emissions, targets, blank=blank_id)
03:01:15 INFO    yt2ds.pipeline: lVebcKjKcKg: aligned 4745/4745 subtitle words
03:01:19 INFO    yt2ds.pipeline: lVebcKjKcKg: kept 269, rejected 53, 25.8 min of audio in 217s
03:01:19 INFO    yt2ds.pipeline: lVebcKjKcKg: freed 279 MB
03:01:19 INFO    yt2ds.pipeline: [104/1130] trkoRtwuKZo -- جحد حقنا سنين… لكن الله أنطق ولده وكشف كل شي! 💔😭🔥
Deprecated Feature: Support for Python version 3.10 has been deprecated. Please update to Python 3.11 or above
Deprecated Feature: Support for Python version 3.10 has been deprecated. Please update to Python 3.11 or above
03:01:31 INFO    yt2ds.pipeline: trkoRtwuKZo: 2047.8s of audio, -16.0 LUFS
03:01:31 INFO    yt2ds.pipeline: trkoRtwuKZo: 4881 subtitle words (yt_auto, ar)
03:01:31 INFO    yt2ds.stages.diarize: diarizing trkoRtwuKZo
03:02:30 INFO    yt2ds.stages.diarize: diarizer: 453 turns, 1 speakers, 0 overlap regions
03:02:30 INFO    yt2ds.pipeline: trkoRtwuKZo: 1 speakers, 453 turns
03:02:48 INFO    yt2ds.stages.vad: trkoRtwuKZo.16k: 210 speech regions, 1995.6s speech of 2047.8s (97%)
03:02:48 INFO    yt2ds.pipeline: trkoRtwuKZo: 328 candidate chunks
03:04:25 INFO    yt2ds.stages.speakers: trkoRtwuKZo_SPK1: dropped 1/328 chunks as off-centroid
/home/ai2/saudi-youtube-data/youtube-to-dataset/src/yt2ds/stages/align.py:223: UserWarning: torchaudio.functional._alignment.forced_align has been deprecated. This deprecation is part of a large refactoring effort to transition TorchAudio into a maintenance phase. Please see https://github.com/pytorch/audio/issues/3902 for more information. It will be removed from the 2.9 release. 
  paths, scores = AF.forced_align(emissions, targets, blank=blank_id)
03:04:55 INFO    yt2ds.pipeline: trkoRtwuKZo: aligned 4881/4881 subtitle words
03:04:59 INFO    yt2ds.pipeline: trkoRtwuKZo: kept 287, rejected 41, 28.9 min of audio in 220s
03:05:00 INFO    yt2ds.pipeline: trkoRtwuKZo: freed 291 MB
03:05:00 INFO    yt2ds.pipeline: [105/1130] WWc1XlnGdVg -- زوجي وصديقه بعد ما اوقعتهم في شر اعمالهم... لحظة المواجهه..😱💔🔥..؟ #الجزءالثاني
Deprecated Feature: Support for Python version 3.10 has been deprecated. Please update to Python 3.11 or above
Deprecated Feature: Support for Python version 3.10 has been deprecated. Please update to Python 3.11 or above
03:05:08 INFO    yt2ds.pipeline: WWc1XlnGdVg: 1238.0s of audio, -16.2 LUFS
03:05:08 INFO    yt2ds.pipeline: WWc1XlnGdVg: 2974 subtitle words (yt_auto, ar)
03:05:08 INFO    yt2ds.stages.diarize: diarizing WWc1XlnGdVg
03:05:47 INFO    yt2ds.stages.diarize: diarizer: 255 turns, 1 speakers, 0 overlap regions
03:05:47 INFO    yt2ds.pipeline: WWc1XlnGdVg: 1 speakers, 255 turns
03:05:57 INFO    yt2ds.stages.vad: WWc1XlnGdVg.16k: 123 speech regions, 1203.3s speech of 1238.0s (97%)
03:05:57 INFO    yt2ds.pipeline: WWc1XlnGdVg: 193 candidate chunks
/home/ai2/saudi-youtube-data/youtube-to-dataset/src/yt2ds/stages/align.py:223: UserWarning: torchaudio.functional._alignment.forced_align has been deprecated. This deprecation is part of a large refactoring effort to transition TorchAudio into a maintenance phase. Please see https://github.com/pytorch/audio/issues/3902 for more information. It will be removed from the 2.9 release. 
  paths, scores = AF.forced_align(emissions, targets, blank=blank_id)
03:07:15 INFO    yt2ds.pipeline: WWc1XlnGdVg: aligned 2974/2974 subtitle words
03:07:17 INFO    yt2ds.pipeline: WWc1XlnGdVg: kept 175, rejected 18, 17.8 min of audio in 137s
03:07:17 INFO    yt2ds.pipeline: WWc1XlnGdVg: freed 176 MB
03:07:17 INFO    yt2ds.pipeline: [106/1130] oh3VO48bACI -- زوجي وصديقه يتأمرون علي..😭 والسفره اللي اقنعني اسافر انكشف سر ماتمنيت اعرفه..😱💔..؟ #الجزء_الاول
Deprecated Feature: Support for Python version 3.10 has been deprecated. Please update to Python 3.11 or above
Deprecated Feature: Support for Python version 3.10 has been deprecated. Please update to Python 3.11 or above
03:07:45 INFO    yt2ds.pipeline: oh3VO48bACI: 4788.2s of audio, -16.8 LUFS
03:07:45 INFO    yt2ds.pipeline: oh3VO48bACI: 11919 subtitle words (yt_auto, ar)
03:07:45 INFO    yt2ds.stages.diarize: diarizing oh3VO48bACI
03:09:57 INFO    yt2ds.stages.diarize: diarizer: 950 turns, 2 speakers, 0 overlap regions
03:09:57 INFO    yt2ds.pipeline: oh3VO48bACI: 2 speakers, 950 turns
03:09:57 INFO    yt2ds.stages.diarize: collapsing 2 speakers to 1 (100% of speech)
03:10:38 INFO    yt2ds.stages.vad: oh3VO48bACI.16k: 551 speech regions, 4636.6s speech of 4788.2s (97%)
03:10:38 INFO    yt2ds.pipeline: oh3VO48bACI: 727 candidate chunks
03:14:28 INFO    yt2ds.stages.speakers: oh3VO48bACI_SPK1: dropped 2/727 chunks as off-centroid
/home/ai2/saudi-youtube-data/youtube-to-dataset/src/yt2ds/stages/align.py:223: UserWarning: torchaudio.functional._alignment.forced_align has been deprecated. This deprecation is part of a large refactoring effort to transition TorchAudio into a maintenance phase. Please see https://github.com/pytorch/audio/issues/3902 for more information. It will be removed from the 2.9 release. 
  paths, scores = AF.forced_align(emissions, targets, blank=blank_id)
03:15:43 INFO    yt2ds.pipeline: oh3VO48bACI: aligned 11919/11919 subtitle words
03:15:53 INFO    yt2ds.pipeline: oh3VO48bACI: kept 611, rejected 116, 64.7 min of audio in 515s
03:15:53 INFO    yt2ds.pipeline: oh3VO48bACI: freed 679 MB
03:15:53 INFO    yt2ds.pipeline: [107/1130] gCXI_z4JA6Q -- خطبني اول بس أبوي عطاه اختي ....؟ اللي صار عمري ماتوقعته😭🔥💔
Deprecated Feature: Support for Python version 3.10 has been deprecated. Please update to Python 3.11 or above
Deprecated Feature: Support for Python version 3.10 has been deprecated. Please update to Python 3.11 or above
03:16:05 INFO    yt2ds.pipeline: gCXI_z4JA6Q: 1706.1s of audio, -16.5 LUFS
03:16:05 INFO    yt2ds.pipeline: gCXI_z4JA6Q: 4152 subtitle words (yt_auto, ar)
03:16:05 INFO    yt2ds.stages.diarize: diarizing gCXI_z4JA6Q
03:16:55 INFO    yt2ds.stages.diarize: diarizer: 371 turns, 1 speakers, 0 overlap regions
03:16:55 INFO    yt2ds.pipeline: gCXI_z4JA6Q: 1 speakers, 371 turns
03:17:09 INFO    yt2ds.stages.vad: gCXI_z4JA6Q.16k: 200 speech regions, 1657.3s speech of 1706.1s (97%)
03:17:09 INFO    yt2ds.pipeline: gCXI_z4JA6Q: 294 candidate chunks
/home/ai2/saudi-youtube-data/youtube-to-dataset/src/yt2ds/stages/align.py:223: UserWarning: torchaudio.functional._alignment.forced_align has been deprecated. This deprecation is part of a large refactoring effort to transition TorchAudio into a maintenance phase. Please see https://github.com/pytorch/audio/issues/3902 for more information. It will be removed from the 2.9 release. 
  paths, scores = AF.forced_align(emissions, targets, blank=blank_id)
03:19:01 INFO    yt2ds.pipeline: gCXI_z4JA6Q: aligned 4152/4152 subtitle words
03:19:05 INFO    yt2ds.pipeline: gCXI_z4JA6Q: kept 245, rejected 49, 21.8 min of audio in 191s
03:19:05 INFO    yt2ds.pipeline: gCXI_z4JA6Q: freed 243 MB
03:19:05 INFO    yt2ds.pipeline: [108/1130] dJh1hCJIEDA -- بين أبوي القاسي وأستاذي… / سر أمي المخفي .. اللي صار؟😱💔🔥
Deprecated Feature: Support for Python version 3.10 has been deprecated. Please update to Python 3.11 or above
Deprecated Feature: Support for Python version 3.10 has been deprecated. Please update to Python 3.11 or above
03:19:14 INFO    yt2ds.pipeline: dJh1hCJIEDA: 1355.6s of audio, -16.5 LUFS
03:19:14 INFO    yt2ds.pipeline: dJh1hCJIEDA: 3374 subtitle words (yt_auto, ar)
03:19:14 INFO    yt2ds.stages.diarize: diarizing dJh1hCJIEDA
03:19:55 INFO    yt2ds.stages.diarize: diarizer: 272 turns, 1 speakers, 0 overlap regions
03:19:55 INFO    yt2ds.pipeline: dJh1hCJIEDA: 1 speakers, 272 turns
03:20:07 INFO    yt2ds.stages.vad: dJh1hCJIEDA.16k: 116 speech regions, 1327.1s speech of 1355.6s (98%)
03:20:07 INFO    yt2ds.pipeline: dJh1hCJIEDA: 198 candidate chunks
03:21:09 INFO    yt2ds.stages.speakers: dJh1hCJIEDA_SPK1: dropped 1/197 chunks as off-centroid
/home/ai2/saudi-youtube-data/youtube-to-dataset/src/yt2ds/stages/align.py:223: UserWarning: torchaudio.functional._alignment.forced_align has been deprecated. This deprecation is part of a large refactoring effort to transition TorchAudio into a maintenance phase. Please see https://github.com/pytorch/audio/issues/3902 for more information. It will be removed from the 2.9 release. 
  paths, scores = AF.forced_align(emissions, targets, blank=blank_id)
03:21:27 INFO    yt2ds.pipeline: dJh1hCJIEDA: aligned 3374/3374 subtitle words
03:21:30 INFO    yt2ds.pipeline: dJh1hCJIEDA: kept 157, rejected 41, 17.3 min of audio in 144s
03:21:30 INFO    yt2ds.pipeline: dJh1hCJIEDA: freed 193 MB
03:21:30 INFO    yt2ds.pipeline: [109/1130] i3_47kY-iYs -- طردتني من بيت أبوي..😱…/ و توسطت بجارنا وما توقعت اللي صار ..💔😭🔥
Deprecated Feature: Support for Python version 3.10 has been deprecated. Please update to Python 3.11 or above
Deprecated Feature: Support for Python version 3.10 has been deprecated. Please update to Python 3.11 or above
03:21:40 INFO    yt2ds.pipeline: i3_47kY-iYs: 1720.3s of audio, -16.5 LUFS
03:21:40 INFO    yt2ds.pipeline: i3_47kY-iYs: 4170 subtitle words (yt_auto, ar)
03:21:40 INFO    yt2ds.stages.diarize: diarizing i3_47kY-iYs
03:22:31 INFO    yt2ds.stages.diarize: diarizer: 374 turns, 1 speakers, 0 overlap regions
03:22:31 INFO    yt2ds.pipeline: i3_47kY-iYs: 1 speakers, 374 turns
03:22:45 INFO    yt2ds.stages.vad: i3_47kY-iYs.16k: 194 speech regions, 1666.7s speech of 1720.3s (97%)
03:22:45 INFO    yt2ds.pipeline: i3_47kY-iYs: 280 candidate chunks
/home/ai2/saudi-youtube-data/youtube-to-dataset/src/yt2ds/stages/align.py:223: UserWarning: torchaudio.functional._alignment.forced_align has been deprecated. This deprecation is part of a large refactoring effort to transition TorchAudio into a maintenance phase. Please see https://github.com/pytorch/audio/issues/3902 for more information. It will be removed from the 2.9 release. 
  paths, scores = AF.forced_align(emissions, targets, blank=blank_id)
03:24:39 INFO    yt2ds.pipeline: i3_47kY-iYs: aligned 4170/4170 subtitle words
03:24:43 INFO    yt2ds.pipeline: i3_47kY-iYs: kept 228, rejected 52, 22.1 min of audio in 193s
03:24:43 INFO    yt2ds.pipeline: i3_47kY-iYs: freed 245 MB
03:24:43 INFO    yt2ds.pipeline: [110/1130] BgW8oRtKArg -- قالت لي بطلبك طلب يخص بنتي… وانا كنت هارب من أهلي.. /اللي صار  صدمه 😭💔🔥
Deprecated Feature: Support for Python version 3.10 has been deprecated. Please update to Python 3.11 or above
Deprecated Feature: Support for Python version 3.10 has been deprecated. Please update to Python 3.11 or above
03:24:59 INFO    yt2ds.pipeline: BgW8oRtKArg: 2687.2s of audio, -16.4 LUFS
03:24:59 INFO    yt2ds.pipeline: BgW8oRtKArg: 6717 subtitle words (yt_auto, ar)
03:24:59 INFO    yt2ds.stages.diarize: diarizing BgW8oRtKArg
03:26:15 INFO    yt2ds.stages.diarize: diarizer: 535 turns, 1 speakers, 0 overlap regions
03:26:15 INFO    yt2ds.pipeline: BgW8oRtKArg: 1 speakers, 535 turns
03:26:38 INFO    yt2ds.stages.vad: BgW8oRtKArg.16k: 301 speech regions, 2613.3s speech of 2687.2s (97%)
03:26:38 INFO    yt2ds.pipeline: BgW8oRtKArg: 421 candidate chunks
03:28:47 INFO    yt2ds.stages.speakers: BgW8oRtKArg_SPK1: dropped 1/419 chunks as off-centroid
/home/ai2/saudi-youtube-data/youtube-to-dataset/src/yt2ds/stages/align.py:223: UserWarning: torchaudio.functional._alignment.forced_align has been deprecated. This deprecation is part of a large refactoring effort to transition TorchAudio into a maintenance phase. Please see https://github.com/pytorch/audio/issues/3902 for more information. It will be removed from the 2.9 release. 
  paths, scores = AF.forced_align(emissions, targets, blank=blank_id)
03:29:29 INFO    yt2ds.pipeline: BgW8oRtKArg: aligned 6717/6717 subtitle words
03:29:35 INFO    yt2ds.pipeline: BgW8oRtKArg: kept 351, rejected 70, 35.6 min of audio in 291s
03:29:35 INFO    yt2ds.pipeline: BgW8oRtKArg: freed 382 MB
03:29:35 INFO    yt2ds.pipeline: [111/1130] FyANbZWtlEw -- ابتعاثي كان ينتهي بي بالجنون… والسبب ماخطر ببالي ... 😱🔥..؟
Deprecated Feature: Support for Python version 3.10 has been deprecated. Please update to Python 3.11 or above
Deprecated Feature: Support for Python version 3.10 has been deprecated. Please update to Python 3.11 or above
03:29:47 INFO    yt2ds.pipeline: FyANbZWtlEw: 1686.6s of audio, -16.6 LUFS
03:29:47 INFO    yt2ds.pipeline: FyANbZWtlEw: 3961 subtitle words (yt_auto, ar)
03:29:47 INFO    yt2ds.stages.diarize: diarizing FyANbZWtlEw
03:30:37 INFO    yt2ds.stages.diarize: diarizer: 364 turns, 1 speakers, 0 overlap regions
03:30:37 INFO    yt2ds.pipeline: FyANbZWtlEw: 1 speakers, 364 turns
03:30:52 INFO    yt2ds.stages.vad: FyANbZWtlEw.16k: 187 speech regions, 1638.9s speech of 1686.6s (97%)
03:30:52 INFO    yt2ds.pipeline: FyANbZWtlEw: 280 candidate chunks
/home/ai2/saudi-youtube-data/youtube-to-dataset/src/yt2ds/stages/align.py:223: UserWarning: torchaudio.functional._alignment.forced_align has been deprecated. This deprecation is part of a large refactoring effort to transition TorchAudio into a maintenance phase. Please see https://github.com/pytorch/audio/issues/3902 for more information. It will be removed from the 2.9 release. 
  paths, scores = AF.forced_align(emissions, targets, blank=blank_id)
03:32:36 INFO    yt2ds.pipeline: FyANbZWtlEw: aligned 3961/3961 subtitle words
03:32:39 INFO    yt2ds.pipeline: FyANbZWtlEw: kept 253, rejected 27, 24.1 min of audio in 183s
03:32:39 INFO    yt2ds.pipeline: FyANbZWtlEw: freed 240 MB
03:32:39 INFO    yt2ds.pipeline: [112/1130] mCmPdT2qTlQ -- دخلت بيتها وكشفتها على حقيقتها قدام زوجها..  اللي صار ..😱🔥💔..؟
Deprecated Feature: Support for Python version 3.10 has been deprecated. Please update to Python 3.11 or above
Deprecated Feature: Support for Python version 3.10 has been deprecated. Please update to Python 3.11 or above
03:32:57 INFO    yt2ds.pipeline: mCmPdT2qTlQ: 2489.4s of audio, -16.3 LUFS
03:32:57 INFO    yt2ds.pipeline: mCmPdT2qTlQ: 6015 subtitle words (yt_auto, ar)
03:32:57 INFO    yt2ds.stages.diarize: diarizing mCmPdT2qTlQ
03:34:08 INFO    yt2ds.stages.diarize: diarizer: 543 turns, 1 speakers, 0 overlap regions
03:34:08 INFO    yt2ds.pipeline: mCmPdT2qTlQ: 1 speakers, 543 turns
03:34:29 INFO    yt2ds.stages.vad: mCmPdT2qTlQ.16k: 236 speech regions, 2433.5s speech of 2489.4s (98%)
03:34:29 INFO    yt2ds.pipeline: mCmPdT2qTlQ: 413 candidate chunks
03:36:26 INFO    yt2ds.stages.speakers: mCmPdT2qTlQ_SPK1: dropped 1/412 chunks as off-centroid
/home/ai2/saudi-youtube-data/youtube-to-dataset/src/yt2ds/stages/align.py:223: UserWarning: torchaudio.functional._alignment.forced_align has been deprecated. This deprecation is part of a large refactoring effort to transition TorchAudio into a maintenance phase. Please see https://github.com/pytorch/audio/issues/3902 for more information. It will be removed from the 2.9 release. 
  paths, scores = AF.forced_align(emissions, targets, blank=blank_id)
03:37:03 INFO    yt2ds.pipeline: mCmPdT2qTlQ: aligned 6015/6015 subtitle words
03:37:09 INFO    yt2ds.pipeline: mCmPdT2qTlQ: kept 364, rejected 49, 35.3 min of audio in 269s
03:37:09 INFO    yt2ds.pipeline: mCmPdT2qTlQ: freed 354 MB
03:37:09 INFO    yt2ds.pipeline: [113/1130] K0a3KW8xMqI -- جيت اواسي صديقتي في مصيبتها لقيت المصيبه على راسي انا..😭😱💔🔥..؟
Deprecated Feature: Support for Python version 3.10 has been deprecated. Please update to Python 3.11 or above
Deprecated Feature: Support for Python version 3.10 has been deprecated. Please update to Python 3.11 or above
03:37:19 INFO    yt2ds.pipeline: K0a3KW8xMqI: 1525.2s of audio, -16.5 LUFS
03:37:19 INFO    yt2ds.pipeline: K0a3KW8xMqI: 3520 subtitle words (yt_auto, ar)
03:37:19 INFO    yt2ds.stages.diarize: diarizing K0a3KW8xMqI
03:38:05 INFO    yt2ds.stages.diarize: diarizer: 341 turns, 1 speakers, 0 overlap regions
03:38:05 INFO    yt2ds.pipeline: K0a3KW8xMqI: 1 speakers, 341 turns
03:38:18 INFO    yt2ds.stages.vad: K0a3KW8xMqI.16k: 182 speech regions, 1479.9s speech of 1525.2s (97%)
03:38:18 INFO    yt2ds.pipeline: K0a3KW8xMqI: 244 candidate chunks
/home/ai2/saudi-youtube-data/youtube-to-dataset/src/yt2ds/stages/align.py:223: UserWarning: torchaudio.functional._alignment.forced_align has been deprecated. This deprecation is part of a large refactoring effort to transition TorchAudio into a maintenance phase. Please see https://github.com/pytorch/audio/issues/3902 for more information. It will be removed from the 2.9 release. 
  paths, scores = AF.forced_align(emissions, targets, blank=blank_id)
03:39:51 INFO    yt2ds.pipeline: K0a3KW8xMqI: aligned 3520/3520 subtitle words
03:39:54 INFO    yt2ds.pipeline: K0a3KW8xMqI: kept 218, rejected 26, 21.7 min of audio in 165s
03:39:54 INFO    yt2ds.pipeline: K0a3KW8xMqI: freed 217 MB
03:39:54 INFO    yt2ds.pipeline: [114/1130] ElsJevezVpQ -- وعد صادق من ابوي ../  ونهاية غدر من امي..؟ 😱🔥💔
Deprecated Feature: Support for Python version 3.10 has been deprecated. Please update to Python 3.11 or above
Deprecated Feature: Support for Python version 3.10 has been deprecated. Please update to Python 3.11 or above
03:40:03 INFO    yt2ds.pipeline: ElsJevezVpQ: 1229.1s of audio, -16.3 LUFS
03:40:03 INFO    yt2ds.pipeline: ElsJevezVpQ: 2890 subtitle words (yt_auto, ar)
03:40:03 INFO    yt2ds.stages.diarize: diarizing ElsJevezVpQ
03:40:41 INFO    yt2ds.stages.diarize: diarizer: 243 turns, 1 speakers, 0 overlap regions
03:40:41 INFO    yt2ds.pipeline: ElsJevezVpQ: 1 speakers, 243 turns
03:40:51 INFO    yt2ds.stages.vad: ElsJevezVpQ.16k: 115 speech regions, 1197.8s speech of 1229.1s (97%)
03:40:51 INFO    yt2ds.pipeline: ElsJevezVpQ: 182 candidate chunks
/home/ai2/saudi-youtube-data/youtube-to-dataset/src/yt2ds/stages/align.py:223: UserWarning: torchaudio.functional._alignment.forced_align has been deprecated. This deprecation is part of a large refactoring effort to transition TorchAudio into a maintenance phase. Please see https://github.com/pytorch/audio/issues/3902 for more information. It will be removed from the 2.9 release. 
  paths, scores = AF.forced_align(emissions, targets, blank=blank_id)
03:42:06 INFO    yt2ds.pipeline: ElsJevezVpQ: aligned 2890/2890 subtitle words
03:42:09 INFO    yt2ds.pipeline: ElsJevezVpQ: kept 167, rejected 15, 18.1 min of audio in 134s
03:42:09 INFO    yt2ds.pipeline: ElsJevezVpQ: freed 175 MB
03:42:09 INFO    yt2ds.pipeline: [115/1130] s88Z6JCAFYI -- امي انذلت لعمي عشان يسامحني  ع اللي سويته ..😭../اللي صار مستحيل انساه..؟😱🔥💔
Deprecated Feature: Support for Python version 3.10 has been deprecated. Please update to Python 3.11 or above
Deprecated Feature: Support for Python version 3.10 has been deprecated. Please update to Python 3.11 or above
03:42:22 INFO    yt2ds.pipeline: s88Z6JCAFYI: 2110.9s of audio, -17.5 LUFS
03:42:22 INFO    yt2ds.pipeline: s88Z6JCAFYI: 5058 subtitle words (yt_auto, ar)
03:42:22 INFO    yt2ds.stages.diarize: diarizing s88Z6JCAFYI
03:43:23 INFO    yt2ds.stages.diarize: diarizer: 512 turns, 1 speakers, 0 overlap regions
03:43:23 INFO    yt2ds.pipeline: s88Z6JCAFYI: 1 speakers, 512 turns
03:43:41 INFO    yt2ds.stages.vad: s88Z6JCAFYI.16k: 263 speech regions, 2046.0s speech of 2110.9s (97%)
03:43:41 INFO    yt2ds.pipeline: s88Z6JCAFYI: 379 candidate chunks
/home/ai2/saudi-youtube-data/youtube-to-dataset/src/yt2ds/stages/align.py:223: UserWarning: torchaudio.functional._alignment.forced_align has been deprecated. This deprecation is part of a large refactoring effort to transition TorchAudio into a maintenance phase. Please see https://github.com/pytorch/audio/issues/3902 for more information. It will be removed from the 2.9 release. 
  paths, scores = AF.forced_align(emissions, targets, blank=blank_id)
03:45:54 INFO    yt2ds.pipeline: s88Z6JCAFYI: aligned 5058/5058 subtitle words
03:45:58 INFO    yt2ds.pipeline: s88Z6JCAFYI: kept 353, rejected 26, 30.7 min of audio in 229s
03:45:59 INFO    yt2ds.pipeline: s88Z6JCAFYI: freed 300 MB
03:45:59 INFO    yt2ds.pipeline: [116/1130] i2v0iZJh_6k -- من الفقر إلى الغدر… جرح ١٢ سنة لم يُشفى.. القصه كلها صدمات..؟😭🔥💔
Deprecated Feature: Support for Python version 3.10 has been deprecated. Please update to Python 3.11 or above
Deprecated Feature: Support for Python version 3.10 has been deprecated. Please update to Python 3.11 or above
03:46:08 INFO    yt2ds.pipeline: i2v0iZJh_6k: 1421.9s of audio, -16.3 LUFS
03:46:08 INFO    yt2ds.pipeline: i2v0iZJh_6k: 3406 subtitle words (yt_auto, ar)
03:46:08 INFO    yt2ds.stages.diarize: diarizing i2v0iZJh_6k
03:46:52 INFO    yt2ds.stages.diarize: diarizer: 308 turns, 1 speakers, 0 overlap regions
03:46:52 INFO    yt2ds.pipeline: i2v0iZJh_6k: 1 speakers, 308 turns
03:47:03 INFO    yt2ds.stages.vad: i2v0iZJh_6k.16k: 149 speech regions, 1390.2s speech of 1421.9s (98%)
03:47:04 INFO    yt2ds.pipeline: i2v0iZJh_6k: 228 candidate chunks
03:48:11 INFO    yt2ds.stages.speakers: i2v0iZJh_6k_SPK1: dropped 1/228 chunks as off-centroid
/home/ai2/saudi-youtube-data/youtube-to-dataset/src/yt2ds/stages/align.py:223: UserWarning: torchaudio.functional._alignment.forced_align has been deprecated. This deprecation is part of a large refactoring effort to transition TorchAudio into a maintenance phase. Please see https://github.com/pytorch/audio/issues/3902 for more information. It will be removed from the 2.9 release. 
  paths, scores = AF.forced_align(emissions, targets, blank=blank_id)
03:48:31 INFO    yt2ds.pipeline: i2v0iZJh_6k: aligned 3406/3406 subtitle words
03:48:34 INFO    yt2ds.pipeline: i2v0iZJh_6k: kept 207, rejected 21, 20.4 min of audio in 155s
03:48:34 INFO    yt2ds.pipeline: i2v0iZJh_6k: freed 203 MB
03:48:34 INFO    yt2ds.pipeline: [117/1130] X_lVukCOimA -- اخت زوجي حسبت إنها تضر إخوانها… فدمّرت نفسها من غير قصد ...؟ 🔥😭💔
Deprecated Feature: Support for Python version 3.10 has been deprecated. Please update to Python 3.11 or above
Deprecated Feature: Support for Python version 3.10 has been deprecated. Please update to Python 3.11 or above
03:48:46 INFO    yt2ds.pipeline: X_lVukCOimA: 1878.9s of audio, -16.4 LUFS
03:48:46 INFO    yt2ds.pipeline: X_lVukCOimA: 4451 subtitle words (yt_auto, ar)
03:48:46 INFO    yt2ds.stages.diarize: diarizing X_lVukCOimA
03:49:41 INFO    yt2ds.stages.diarize: diarizer: 397 turns, 1 speakers, 0 overlap regions
03:49:41 INFO    yt2ds.pipeline: X_lVukCOimA: 1 speakers, 397 turns
03:49:57 INFO    yt2ds.stages.vad: X_lVukCOimA.16k: 189 speech regions, 1828.4s speech of 1878.9s (97%)
03:49:57 INFO    yt2ds.pipeline: X_lVukCOimA: 299 candidate chunks
03:51:29 INFO    yt2ds.stages.speakers: X_lVukCOimA_SPK1: dropped 2/299 chunks as off-centroid
/home/ai2/saudi-youtube-data/youtube-to-dataset/src/yt2ds/stages/align.py:223: UserWarning: torchaudio.functional._alignment.forced_align has been deprecated. This deprecation is part of a large refactoring effort to transition TorchAudio into a maintenance phase. Please see https://github.com/pytorch/audio/issues/3902 for more information. It will be removed from the 2.9 release. 
  paths, scores = AF.forced_align(emissions, targets, blank=blank_id)
03:51:57 INFO    yt2ds.pipeline: X_lVukCOimA: aligned 4451/4451 subtitle words
03:52:01 INFO    yt2ds.pipeline: X_lVukCOimA: kept 263, rejected 36, 26.7 min of audio in 207s
03:52:01 INFO    yt2ds.pipeline: X_lVukCOimA: freed 268 MB
03:52:01 INFO    yt2ds.pipeline: [118/1130] pwTB3rmsC7A -- فضحت خالتي وكرهني ابوي 😱… وكانت البداية السوداء لحياتي😭💔🔥..؟  .
Deprecated Feature: Support for Python version 3.10 has been deprecated. Please update to Python 3.11 or above
Deprecated Feature: Support for Python version 3.10 has been deprecated. Please update to Python 3.11 or above
03:52:15 INFO    yt2ds.pipeline: pwTB3rmsC7A: 2175.9s of audio, -16.5 LUFS
03:52:15 INFO    yt2ds.pipeline: pwTB3rmsC7A: 5202 subtitle words (yt_auto, ar)
03:52:15 INFO    yt2ds.stages.diarize: diarizing pwTB3rmsC7A
03:53:17 INFO    yt2ds.stages.diarize: diarizer: 437 turns, 1 speakers, 0 overlap regions
03:53:17 INFO    yt2ds.pipeline: pwTB3rmsC7A: 1 speakers, 437 turns
03:53:36 INFO    yt2ds.stages.vad: pwTB3rmsC7A.16k: 254 speech regions, 2113.2s speech of 2175.9s (97%)
03:53:36 INFO    yt2ds.pipeline: pwTB3rmsC7A: 346 candidate chunks
/home/ai2/saudi-youtube-data/youtube-to-dataset/src/yt2ds/stages/align.py:223: UserWarning: torchaudio.functional._alignment.forced_align has been deprecated. This deprecation is part of a large refactoring effort to transition TorchAudio into a maintenance phase. Please see https://github.com/pytorch/audio/issues/3902 for more information. It will be removed from the 2.9 release. 
  paths, scores = AF.forced_align(emissions, targets, blank=blank_id)
03:55:50 INFO    yt2ds.pipeline: pwTB3rmsC7A: aligned 5202/5202 subtitle words
03:55:55 INFO    yt2ds.pipeline: pwTB3rmsC7A: kept 314, rejected 32, 31.6 min of audio in 233s
03:55:55 INFO    yt2ds.pipeline: pwTB3rmsC7A: freed 310 MB
03:55:55 INFO    yt2ds.pipeline: [119/1130] DOh0O7wyuqc -- دموعها أقنعتني… وكلمة “أبوي مسجون” كانت بداية النهاية لي ..🔥💔😭..؟
Deprecated Feature: Support for Python version 3.10 has been deprecated. Please update to Python 3.11 or above
Deprecated Feature: Support for Python version 3.10 has been deprecated. Please update to Python 3.11 or above
03:56:13 INFO    yt2ds.pipeline: DOh0O7wyuqc: 2761.5s of audio, -16.7 LUFS
03:56:13 INFO    yt2ds.pipeline: DOh0O7wyuqc: 6789 subtitle words (yt_auto, ar)
03:56:13 INFO    yt2ds.stages.diarize: diarizing DOh0O7wyuqc
03:57:31 INFO    yt2ds.stages.diarize: diarizer: 532 turns, 1 speakers, 0 overlap regions
03:57:31 INFO    yt2ds.pipeline: DOh0O7wyuqc: 1 speakers, 532 turns
03:57:55 INFO    yt2ds.stages.vad: DOh0O7wyuqc.16k: 289 speech regions, 2684.4s speech of 2761.5s (97%)
03:57:55 INFO    yt2ds.pipeline: DOh0O7wyuqc: 424 candidate chunks
04:00:06 INFO    yt2ds.stages.speakers: DOh0O7wyuqc_SPK1: dropped 1/423 chunks as off-centroid
/home/ai2/saudi-youtube-data/youtube-to-dataset/src/yt2ds/stages/align.py:223: UserWarning: torchaudio.functional._alignment.forced_align has been deprecated. This deprecation is part of a large refactoring effort to transition TorchAudio into a maintenance phase. Please see https://github.com/pytorch/audio/issues/3902 for more information. It will be removed from the 2.9 release. 
  paths, scores = AF.forced_align(emissions, targets, blank=blank_id)
04:00:49 INFO    yt2ds.pipeline: DOh0O7wyuqc: aligned 6789/6789 subtitle words
04:00:55 INFO    yt2ds.pipeline: DOh0O7wyuqc: kept 339, rejected 85, 34.9 min of audio in 299s
04:00:55 INFO    yt2ds.pipeline: DOh0O7wyuqc: freed 393 MB
04:00:55 INFO    yt2ds.pipeline: [120/1130] z8zEc6iuV44 -- خلّيته يخون زوجته عشاني… وانتقمت مني عن طريقه 🔥😱💔..؟
Deprecated Feature: Support for Python version 3.10 has been deprecated. Please update to Python 3.11 or above
Deprecated Feature: Support for Python version 3.10 has been deprecated. Please update to Python 3.11 or above
04:01:06 INFO    yt2ds.pipeline: z8zEc6iuV44: 1500.8s of audio, -16.9 LUFS
04:01:06 INFO    yt2ds.pipeline: z8zEc6iuV44: 3371 subtitle words (yt_auto, ar)
04:01:06 INFO    yt2ds.stages.diarize: diarizing z8zEc6iuV44
04:01:51 INFO    yt2ds.stages.diarize: diarizer: 325 turns, 2 speakers, 0 overlap regions
04:01:51 INFO    yt2ds.pipeline: z8zEc6iuV44: 2 speakers, 325 turns
04:01:51 INFO    yt2ds.stages.diarize: collapsing 2 speakers to 2 (100% of speech)
04:02:04 INFO    yt2ds.stages.vad: z8zEc6iuV44.16k: 152 speech regions, 1455.2s speech of 1500.8s (97%)
04:02:04 INFO    yt2ds.pipeline: z8zEc6iuV44: 236 candidate chunks
/home/ai2/saudi-youtube-data/youtube-to-dataset/src/yt2ds/stages/align.py:223: UserWarning: torchaudio.functional._alignment.forced_align has been deprecated. This deprecation is part of a large refactoring effort to transition TorchAudio into a maintenance phase. Please see https://github.com/pytorch/audio/issues/3902 for more information. It will be removed from the 2.9 release. 
  paths, scores = AF.forced_align(emissions, targets, blank=blank_id)
04:03:33 INFO    yt2ds.pipeline: z8zEc6iuV44: aligned 3371/3371 subtitle words
04:03:36 INFO    yt2ds.pipeline: z8zEc6iuV44: kept 206, rejected 30, 20.2 min of audio in 160s
04:03:36 INFO    yt2ds.pipeline: z8zEc6iuV44: freed 213 MB
04:03:36 INFO    yt2ds.pipeline: [121/1130] fQ4z3tEEgrM -- مصيبه صادمة بعد شراكتي مع أبوي😫… من تدبير اختي الكبيره !! 🔥💔
Deprecated Feature: Support for Python version 3.10 has been deprecated. Please update to Python 3.11 or above
Deprecated Feature: Support for Python version 3.10 has been deprecated. Please update to Python 3.11 or above
04:03:50 INFO    yt2ds.pipeline: fQ4z3tEEgrM: 2310.8s of audio, -16.7 LUFS
04:03:50 INFO    yt2ds.pipeline: fQ4z3tEEgrM: 5521 subtitle words (yt_auto, ar)
04:03:50 INFO    yt2ds.stages.diarize: diarizing fQ4z3tEEgrM
04:04:56 INFO    yt2ds.stages.diarize: diarizer: 461 turns, 1 speakers, 0 overlap regions
04:04:56 INFO    yt2ds.pipeline: fQ4z3tEEgrM: 1 speakers, 461 turns
04:05:16 INFO    yt2ds.stages.vad: fQ4z3tEEgrM.16k: 227 speech regions, 2253.8s speech of 2310.8s (98%)
04:05:16 INFO    yt2ds.pipeline: fQ4z3tEEgrM: 362 candidate chunks
04:07:10 INFO    yt2ds.stages.speakers: fQ4z3tEEgrM_SPK1: dropped 1/362 chunks as off-centroid
/home/ai2/saudi-youtube-data/youtube-to-dataset/src/yt2ds/stages/align.py:223: UserWarning: torchaudio.functional._alignment.forced_align has been deprecated. This deprecation is part of a large refactoring effort to transition TorchAudio into a maintenance phase. Please see https://github.com/pytorch/audio/issues/3902 for more information. It will be removed from the 2.9 release. 
  paths, scores = AF.forced_align(emissions, targets, blank=blank_id)
04:07:43 INFO    yt2ds.pipeline: fQ4z3tEEgrM: aligned 5521/5521 subtitle words
04:07:48 INFO    yt2ds.pipeline: fQ4z3tEEgrM: kept 318, rejected 44, 32.6 min of audio in 252s
04:07:48 INFO    yt2ds.pipeline: fQ4z3tEEgrM: freed 329 MB
04:07:49 INFO    yt2ds.pipeline: [122/1130] 19BzNkom-VM -- نصيحة بسيطة… كشفت رجولة زوجي ..؟ اللي صار 💔😱🔥
Deprecated Feature: Support for Python version 3.10 has been deprecated. Please update to Python 3.11 or above
Deprecated Feature: Support for Python version 3.10 has been deprecated. Please update to Python 3.11 or above
04:08:00 INFO    yt2ds.pipeline: 19BzNkom-VM: 1501.0s of audio, -17.0 LUFS
04:08:00 INFO    yt2ds.pipeline: 19BzNkom-VM: 3532 subtitle words (yt_auto, ar)
04:08:00 INFO    yt2ds.stages.diarize: diarizing 19BzNkom-VM
04:08:45 INFO    yt2ds.stages.diarize: diarizer: 296 turns, 2 speakers, 0 overlap regions
04:08:45 INFO    yt2ds.pipeline: 19BzNkom-VM: 2 speakers, 296 turns
04:08:45 INFO    yt2ds.stages.diarize: collapsing 2 speakers to 2 (100% of speech)
04:08:58 INFO    yt2ds.stages.vad: 19BzNkom-VM.16k: 143 speech regions, 1457.2s speech of 1501.0s (97%)
04:08:58 INFO    yt2ds.pipeline: 19BzNkom-VM: 235 candidate chunks
/home/ai2/saudi-youtube-data/youtube-to-dataset/src/yt2ds/stages/align.py:223: UserWarning: torchaudio.functional._alignment.forced_align has been deprecated. This deprecation is part of a large refactoring effort to transition TorchAudio into a maintenance phase. Please see https://github.com/pytorch/audio/issues/3902 for more information. It will be removed from the 2.9 release. 
  paths, scores = AF.forced_align(emissions, targets, blank=blank_id)
04:10:32 INFO    yt2ds.pipeline: 19BzNkom-VM: aligned 3532/3532 subtitle words
04:10:35 INFO    yt2ds.pipeline: 19BzNkom-VM: kept 198, rejected 37, 20.7 min of audio in 166s
04:10:35 INFO    yt2ds.pipeline: 19BzNkom-VM: freed 213 MB
04:10:35 INFO    yt2ds.pipeline: [123/1130] Y6bamN2BPk8 -- عم ولدي شاف ولدي وهو…😱 وإحنا وقفنا ضده!.😭💔🔥..؟
Deprecated Feature: Support for Python version 3.10 has been deprecated. Please update to Python 3.11 or above
Deprecated Feature: Support for Python version 3.10 has been deprecated. Please update to Python 3.11 or above
04:10:45 INFO    yt2ds.pipeline: Y6bamN2BPk8: 1620.4s of audio, -16.9 LUFS
04:10:45 INFO    yt2ds.pipeline: Y6bamN2BPk8: 3929 subtitle words (yt_auto, ar)
04:10:45 INFO    yt2ds.stages.diarize: diarizing Y6bamN2BPk8
04:11:34 INFO    yt2ds.stages.diarize: diarizer: 321 turns, 1 speakers, 0 overlap regions
04:11:34 INFO    yt2ds.pipeline: Y6bamN2BPk8: 1 speakers, 321 turns
04:11:47 INFO    yt2ds.stages.vad: Y6bamN2BPk8.16k: 125 speech regions, 1587.5s speech of 1620.4s (98%)
04:11:47 INFO    yt2ds.pipeline: Y6bamN2BPk8: 250 candidate chunks
04:13:06 INFO    yt2ds.stages.speakers: Y6bamN2BPk8_SPK1: dropped 1/248 chunks as off-centroid
/home/ai2/saudi-youtube-data/youtube-to-dataset/src/yt2ds/stages/align.py:223: UserWarning: torchaudio.functional._alignment.forced_align has been deprecated. This deprecation is part of a large refactoring effort to transition TorchAudio into a maintenance phase. Please see https://github.com/pytorch/audio/issues/3902 for more information. It will be removed from the 2.9 release. 
  paths, scores = AF.forced_align(emissions, targets, blank=blank_id)
04:13:29 INFO    yt2ds.pipeline: Y6bamN2BPk8: aligned 3929/3929 subtitle words
04:13:32 INFO    yt2ds.pipeline: Y6bamN2BPk8: kept 218, rejected 32, 23.1 min of audio in 176s
04:13:32 INFO    yt2ds.pipeline: Y6bamN2BPk8: freed 231 MB
04:13:32 INFO    yt2ds.pipeline: [124/1130] IdhEG0tE_EA -- كنت عكاز أبوي… وصرت سكين في قلب أمي...اللي صار😱🔥💔..؟
Deprecated Feature: Support for Python version 3.10 has been deprecated. Please update to Python 3.11 or above
Deprecated Feature: Support for Python version 3.10 has been deprecated. Please update to Python 3.11 or above
04:13:50 INFO    yt2ds.pipeline: IdhEG0tE_EA: 2873.4s of audio, -17.3 LUFS
04:13:50 INFO    yt2ds.pipeline: IdhEG0tE_EA: 6919 subtitle words (yt_auto, ar)
04:13:50 INFO    yt2ds.stages.diarize: diarizing IdhEG0tE_EA
04:15:11 INFO    yt2ds.stages.diarize: diarizer: 669 turns, 1 speakers, 0 overlap regions
04:15:11 INFO    yt2ds.pipeline: IdhEG0tE_EA: 1 speakers, 669 turns
04:15:35 INFO    yt2ds.stages.vad: IdhEG0tE_EA.16k: 436 speech regions, 2751.4s speech of 2873.4s (96%)
04:15:35 INFO    yt2ds.pipeline: IdhEG0tE_EA: 499 candidate chunks
04:17:51 INFO    yt2ds.stages.speakers: IdhEG0tE_EA_SPK1: dropped 2/496 chunks as off-centroid
/home/ai2/saudi-youtube-data/youtube-to-dataset/src/yt2ds/stages/align.py:223: UserWarning: torchaudio.functional._alignment.forced_align has been deprecated. This deprecation is part of a large refactoring effort to transition TorchAudio into a maintenance phase. Please see https://github.com/pytorch/audio/issues/3902 for more information. It will be removed from the 2.9 release. 
  paths, scores = AF.forced_align(emissions, targets, blank=blank_id)
04:18:35 INFO    yt2ds.pipeline: IdhEG0tE_EA: aligned 6919/6919 subtitle words
04:18:41 INFO    yt2ds.pipeline: IdhEG0tE_EA: kept 420, rejected 79, 38.6 min of audio in 308s
04:18:42 INFO    yt2ds.pipeline: IdhEG0tE_EA: freed 408 MB
04:18:42 INFO    yt2ds.pipeline: [125/1130] 0EdIYdegHjc -- قالت لي “هذا لمصلحتك”… وطلّعت أمي وأبوي من بيتهم....😱💔🔥..؟
Deprecated Feature: Support for Python version 3.10 has been deprecated. Please update to Python 3.11 or above
Deprecated Feature: Support for Python version 3.10 has been deprecated. Please update to Python 3.11 or above
04:18:55 INFO    yt2ds.pipeline: 0EdIYdegHjc: 2241.2s of audio, -17.2 LUFS
04:18:55 INFO    yt2ds.pipeline: 0EdIYdegHjc: 5253 subtitle words (yt_auto, ar)
04:18:55 INFO    yt2ds.stages.diarize: diarizing 0EdIYdegHjc
04:20:00 INFO    yt2ds.stages.diarize: diarizer: 500 turns, 1 speakers, 0 overlap regions
04:20:00 INFO    yt2ds.pipeline: 0EdIYdegHjc: 1 speakers, 500 turns
04:20:19 INFO    yt2ds.stages.vad: 0EdIYdegHjc.16k: 266 speech regions, 2170.6s speech of 2241.2s (97%)
04:20:19 INFO    yt2ds.pipeline: 0EdIYdegHjc: 391 candidate chunks
/home/ai2/saudi-youtube-data/youtube-to-dataset/src/yt2ds/stages/align.py:223: UserWarning: torchaudio.functional._alignment.forced_align has been deprecated. This deprecation is part of a large refactoring effort to transition TorchAudio into a maintenance phase. Please see https://github.com/pytorch/audio/issues/3902 for more information. It will be removed from the 2.9 release. 
  paths, scores = AF.forced_align(emissions, targets, blank=blank_id)
04:22:35 INFO    yt2ds.pipeline: 0EdIYdegHjc: aligned 5253/5253 subtitle words
04:22:40 INFO    yt2ds.pipeline: 0EdIYdegHjc: kept 367, rejected 24, 32.8 min of audio in 237s
04:22:40 INFO    yt2ds.pipeline: 0EdIYdegHjc: freed 319 MB
04:22:40 INFO    yt2ds.pipeline: [126/1130] 3tMCZtHlfvk -- يوم قلت “لا”… انكشف كل شيء.😱..؟ واللي سواه جارنا مع ولدي ...😭🔥💔
Deprecated Feature: Support for Python version 3.10 has been deprecated. Please update to Python 3.11 or above
Deprecated Feature: Support for Python version 3.10 has been deprecated. Please update to Python 3.11 or above
04:22:55 INFO    yt2ds.pipeline: 3tMCZtHlfvk: 2414.7s of audio, -17.0 LUFS
04:22:55 INFO    yt2ds.pipeline: 3tMCZtHlfvk: 5901 subtitle words (yt_auto, ar)
04:22:55 INFO    yt2ds.stages.diarize: diarizing 3tMCZtHlfvk
04:24:04 INFO    yt2ds.stages.diarize: diarizer: 495 turns, 1 speakers, 0 overlap regions
04:24:04 INFO    yt2ds.pipeline: 3tMCZtHlfvk: 1 speakers, 495 turns
04:24:24 INFO    yt2ds.stages.vad: 3tMCZtHlfvk.16k: 255 speech regions, 2350.3s speech of 2414.7s (97%)
04:24:24 INFO    yt2ds.pipeline: 3tMCZtHlfvk: 389 candidate chunks
04:26:18 INFO    yt2ds.stages.speakers: 3tMCZtHlfvk_SPK1: dropped 3/389 chunks as off-centroid
/home/ai2/saudi-youtube-data/youtube-to-dataset/src/yt2ds/stages/align.py:223: UserWarning: torchaudio.functional._alignment.forced_align has been deprecated. This deprecation is part of a large refactoring effort to transition TorchAudio into a maintenance phase. Please see https://github.com/pytorch/audio/issues/3902 for more information. It will be removed from the 2.9 release. 
  paths, scores = AF.forced_align(emissions, targets, blank=blank_id)
04:26:54 INFO    yt2ds.pipeline: 3tMCZtHlfvk: aligned 5901/5901 subtitle words
04:26:59 INFO    yt2ds.pipeline: 3tMCZtHlfvk: kept 346, rejected 43, 34.0 min of audio in 259s
04:26:59 INFO    yt2ds.pipeline: 3tMCZtHlfvk: freed 344 MB
04:26:59 INFO    yt2ds.pipeline: [127/1130] oXRGkm8g_p0 -- 12 سنة أعيش عند الجيران… والسبب صادم..😱🔥💔..؟
Deprecated Feature: Support for Python version 3.10 has been deprecated. Please update to Python 3.11 or above
Deprecated Feature: Support for Python version 3.10 has been deprecated. Please update to Python 3.11 or above
04:27:13 INFO    yt2ds.pipeline: oXRGkm8g_p0: 2145.6s of audio, -17.1 LUFS
04:27:13 INFO    yt2ds.pipeline: oXRGkm8g_p0: 4896 subtitle words (yt_auto, ar)
04:27:13 INFO    yt2ds.stages.diarize: diarizing oXRGkm8g_p0
04:28:14 INFO    yt2ds.stages.diarize: diarizer: 454 turns, 1 speakers, 0 overlap regions
04:28:14 INFO    yt2ds.pipeline: oXRGkm8g_p0: 1 speakers, 454 turns
04:28:32 INFO    yt2ds.stages.vad: oXRGkm8g_p0.16k: 247 speech regions, 2083.0s speech of 2145.6s (97%)
04:28:32 INFO    yt2ds.pipeline: oXRGkm8g_p0: 358 candidate chunks
04:30:15 INFO    yt2ds.stages.speakers: oXRGkm8g_p0_SPK1: dropped 1/354 chunks as off-centroid
/home/ai2/saudi-youtube-data/youtube-to-dataset/src/yt2ds/stages/align.py:223: UserWarning: torchaudio.functional._alignment.forced_align has been deprecated. This deprecation is part of a large refactoring effort to transition TorchAudio into a maintenance phase. Please see https://github.com/pytorch/audio/issues/3902 for more information. It will be removed from the 2.9 release. 
  paths, scores = AF.forced_align(emissions, targets, blank=blank_id)
04:30:46 INFO    yt2ds.pipeline: oXRGkm8g_p0: aligned 4896/4896 subtitle words
04:30:50 INFO    yt2ds.pipeline: oXRGkm8g_p0: kept 298, rejected 60, 28.6 min of audio in 230s
04:30:50 INFO    yt2ds.pipeline: oXRGkm8g_p0: freed 305 MB
04:30:50 INFO    yt2ds.pipeline: [128/1130] K-Z8fiiZP68 -- قلت لأختي أحتاجك… وردّها علّمني معنى السند...😭💔..؟
Deprecated Feature: Support for Python version 3.10 has been deprecated. Please update to Python 3.11 or above
Deprecated Feature: Support for Python version 3.10 has been deprecated. Please update to Python 3.11 or above
04:30:59 INFO    yt2ds.pipeline: K-Z8fiiZP68: 1330.1s of audio, -17.3 LUFS
04:30:59 INFO    yt2ds.pipeline: K-Z8fiiZP68: 3112 subtitle words (yt_auto, ar)
04:30:59 INFO    yt2ds.stages.diarize: diarizing K-Z8fiiZP68
04:31:39 INFO    yt2ds.stages.diarize: diarizer: 290 turns, 1 speakers, 0 overlap regions
04:31:39 INFO    yt2ds.pipeline: K-Z8fiiZP68: 1 speakers, 290 turns
04:31:51 INFO    yt2ds.stages.vad: K-Z8fiiZP68.16k: 135 speech regions, 1295.6s speech of 1330.1s (97%)
04:31:51 INFO    yt2ds.pipeline: K-Z8fiiZP68: 227 candidate chunks
/home/ai2/saudi-youtube-data/youtube-to-dataset/src/yt2ds/stages/align.py:223: UserWarning: torchaudio.functional._alignment.forced_align has been deprecated. This deprecation is part of a large refactoring effort to transition TorchAudio into a maintenance phase. Please see https://github.com/pytorch/audio/issues/3902 for more information. It will be removed from the 2.9 release. 
  paths, scores = AF.forced_align(emissions, targets, blank=blank_id)
04:33:12 INFO    yt2ds.pipeline: K-Z8fiiZP68: aligned 3112/3112 subtitle words
04:33:15 INFO    yt2ds.pipeline: K-Z8fiiZP68: kept 197, rejected 30, 18.6 min of audio in 144s
04:33:15 INFO    yt2ds.pipeline: K-Z8fiiZP68: freed 189 MB
04:33:15 INFO    yt2ds.pipeline: [129/1130] k6YKVo3H-Ek -- ما خانني الجوال ../ خانتني النوايا ..الشك اللي زرعته اخت زوجي..💔🔥
Deprecated Feature: Support for Python version 3.10 has been deprecated. Please update to Python 3.11 or above
Deprecated Feature: Support for Python version 3.10 has been deprecated. Please update to Python 3.11 or above
04:33:34 INFO    yt2ds.pipeline: k6YKVo3H-Ek: 3062.7s of audio, -16.7 LUFS
04:33:34 INFO    yt2ds.pipeline: k6YKVo3H-Ek: 7664 subtitle words (yt_auto, ar)
04:33:34 INFO    yt2ds.stages.diarize: diarizing k6YKVo3H-Ek
04:35:00 INFO    yt2ds.stages.diarize: diarizer: 630 turns, 1 speakers, 0 overlap regions
04:35:00 INFO    yt2ds.pipeline: k6YKVo3H-Ek: 1 speakers, 630 turns
04:35:26 INFO    yt2ds.stages.vad: k6YKVo3H-Ek.16k: 280 speech regions, 2994.0s speech of 3062.7s (98%)
04:35:26 INFO    yt2ds.pipeline: k6YKVo3H-Ek: 487 candidate chunks
04:37:55 INFO    yt2ds.stages.speakers: k6YKVo3H-Ek_SPK1: dropped 1/486 chunks as off-centroid
/home/ai2/saudi-youtube-data/youtube-to-dataset/src/yt2ds/stages/align.py:223: UserWarning: torchaudio.functional._alignment.forced_align has been deprecated. This deprecation is part of a large refactoring effort to transition TorchAudio into a maintenance phase. Please see https://github.com/pytorch/audio/issues/3902 for more information. It will be removed from the 2.9 release. 
  paths, scores = AF.forced_align(emissions, targets, blank=blank_id)
04:38:41 INFO    yt2ds.pipeline: k6YKVo3H-Ek: aligned 7664/7664 subtitle words
04:38:48 INFO    yt2ds.pipeline: k6YKVo3H-Ek: kept 441, rejected 46, 44.1 min of audio in 332s
04:38:48 INFO    yt2ds.pipeline: k6YKVo3H-Ek: freed 436 MB
04:38:48 INFO    yt2ds.pipeline: [130/1130] Ggum7z4bUXU -- اخاف امرض زي مرض عمتي...😭؟ #فضفضه
Deprecated Feature: Support for Python version 3.10 has been deprecated. Please update to Python 3.11 or above
Deprecated Feature: Support for Python version 3.10 has been deprecated. Please update to Python 3.11 or above
04:38:52 INFO    yt2ds.pipeline: Ggum7z4bUXU: 496.7s of audio, -17.2 LUFS
04:38:52 INFO    yt2ds.pipeline: Ggum7z4bUXU: 1154 subtitle words (yt_auto, ar)
04:38:52 INFO    yt2ds.stages.diarize: diarizing Ggum7z4bUXU
04:39:11 INFO    yt2ds.stages.diarize: diarizer: 100 turns, 1 speakers, 0 overlap regions
04:39:11 INFO    yt2ds.pipeline: Ggum7z4bUXU: 1 speakers, 100 turns
04:39:15 INFO    yt2ds.stages.vad: Ggum7z4bUXU.16k: 48 speech regions, 486.1s speech of 496.7s (98%)
04:39:15 INFO    yt2ds.pipeline: Ggum7z4bUXU: 79 candidate chunks
/home/ai2/saudi-youtube-data/youtube-to-dataset/src/yt2ds/stages/align.py:223: UserWarning: torchaudio.functional._alignment.forced_align has been deprecated. This deprecation is part of a large refactoring effort to transition TorchAudio into a maintenance phase. Please see https://github.com/pytorch/audio/issues/3902 for more information. It will be removed from the 2.9 release. 
  paths, scores = AF.forced_align(emissions, targets, blank=blank_id)
04:39:41 INFO    yt2ds.pipeline: Ggum7z4bUXU: aligned 1154/1154 subtitle words
04:39:42 INFO    yt2ds.pipeline: Ggum7z4bUXU: kept 74, rejected 5, 7.4 min of audio in 53s
04:39:42 INFO    yt2ds.pipeline: Ggum7z4bUXU: freed 71 MB
04:39:42 INFO    yt2ds.pipeline: [131/1130] n1S5x1MCHJI -- رحلة إلى الحديقة… ونهاية لم تكن في الحسبان..😱..؟
Deprecated Feature: Support for Python version 3.10 has been deprecated. Please update to Python 3.11 or above
Deprecated Feature: Support for Python version 3.10 has been deprecated. Please update to Python 3.11 or above
04:39:49 INFO    yt2ds.pipeline: n1S5x1MCHJI: 946.4s of audio, -16.5 LUFS
04:39:49 INFO    yt2ds.pipeline: n1S5x1MCHJI: 2315 subtitle words (yt_auto, ar)
04:39:49 INFO    yt2ds.stages.diarize: diarizing n1S5x1MCHJI
04:40:20 INFO    yt2ds.stages.diarize: diarizer: 168 turns, 1 speakers, 0 overlap regions
04:40:20 INFO    yt2ds.pipeline: n1S5x1MCHJI: 1 speakers, 168 turns
04:40:28 INFO    yt2ds.stages.vad: n1S5x1MCHJI.16k: 72 speech regions, 927.1s speech of 946.4s (98%)
04:40:28 INFO    yt2ds.pipeline: n1S5x1MCHJI: 136 candidate chunks
/home/ai2/saudi-youtube-data/youtube-to-dataset/src/yt2ds/stages/align.py:223: UserWarning: torchaudio.functional._alignment.forced_align has been deprecated. This deprecation is part of a large refactoring effort to transition TorchAudio into a maintenance phase. Please see https://github.com/pytorch/audio/issues/3902 for more information. It will be removed from the 2.9 release. 
  paths, scores = AF.forced_align(emissions, targets, blank=blank_id)
04:41:28 INFO    yt2ds.pipeline: n1S5x1MCHJI: aligned 2315/2315 subtitle words
04:41:30 INFO    yt2ds.pipeline: n1S5x1MCHJI: kept 127, rejected 9, 14.2 min of audio in 107s
04:41:30 INFO    yt2ds.pipeline: n1S5x1MCHJI: freed 135 MB
04:41:30 INFO    yt2ds.pipeline: [132/1130] 8_X29uXr7EM -- عزيمة عائليه انقلبت لهوشه بسبب خالتي الحقوده..😱../اللي صار عمري ماتوقعته..🔥💔😭..؟
Deprecated Feature: Support for Python version 3.10 has been deprecated. Please update to Python 3.11 or above
Deprecated Feature: Support for Python version 3.10 has been deprecated. Please update to Python 3.11 or above
ERROR: unable to download video data: HTTP Error 403: Forbidden
04:41:35 WARNING yt2ds.stages.download: https://www.youtube.com/watch?v=xF4Oo55w_z4: attempt 1/6 failed (client=default): ERROR: unable to download video data: HTTP Error 403: Forbidden -- retrying in 4s
Deprecated Feature: Support for Python version 3.10 has been deprecated. Please update to Python 3.11 or above
04:41:40 INFO    yt2ds.pipeline: 8_X29uXr7EM: 1684.8s of audio, -16.4 LUFS
04:41:40 INFO    yt2ds.pipeline: 8_X29uXr7EM: 4015 subtitle words (yt_auto, ar)
04:41:40 INFO    yt2ds.stages.diarize: diarizing 8_X29uXr7EM
ERROR: [youtube] xF4Oo55w_z4: Requested format is not available. Use --list-formats for a list of available formats
04:41:42 WARNING yt2ds.stages.download: https://www.youtube.com/watch?v=xF4Oo55w_z4: attempt 2/6 failed (client=tv_simply): ERROR: [youtube] xF4Oo55w_z4: Requested format is not available. Use --list-formats for a list of available formats -- retrying in 8s
Deprecated Feature: Support for Python version 3.10 has been deprecated. Please update to Python 3.11 or above
ERROR: [youtube] xF4Oo55w_z4: Requested format is not available. Use --list-formats for a list of available formats
04:41:52 WARNING yt2ds.stages.download: https://www.youtube.com/watch?v=xF4Oo55w_z4: attempt 3/6 failed (client=web_safari): ERROR: [youtube] xF4Oo55w_z4: Requested format is not available. Use --list-formats for a list of available formats -- retrying in 12s
Deprecated Feature: Support for Python version 3.10 has been deprecated. Please update to Python 3.11 or above
04:42:08 INFO    yt2ds.stages.download: https://www.youtube.com/watch?v=xF4Oo55w_z4: succeeded on attempt 4 (client=android_vr)
04:42:31 INFO    yt2ds.stages.diarize: diarizer: 364 turns, 1 speakers, 0 overlap regions
04:42:31 INFO    yt2ds.pipeline: 8_X29uXr7EM: 1 speakers, 364 turns
04:42:45 INFO    yt2ds.stages.vad: 8_X29uXr7EM.16k: 178 speech regions, 1636.0s speech of 1684.8s (97%)
04:42:45 INFO    yt2ds.pipeline: 8_X29uXr7EM: 273 candidate chunks
/home/ai2/saudi-youtube-data/youtube-to-dataset/src/yt2ds/stages/align.py:223: UserWarning: torchaudio.functional._alignment.forced_align has been deprecated. This deprecation is part of a large refactoring effort to transition TorchAudio into a maintenance phase. Please see https://github.com/pytorch/audio/issues/3902 for more information. It will be removed from the 2.9 release. 
  paths, scores = AF.forced_align(emissions, targets, blank=blank_id)
04:44:32 INFO    yt2ds.pipeline: 8_X29uXr7EM: aligned 4015/4015 subtitle words
04:44:36 INFO    yt2ds.pipeline: 8_X29uXr7EM: kept 249, rejected 24, 24.6 min of audio in 185s
04:44:36 INFO    yt2ds.pipeline: 8_X29uXr7EM: freed 240 MB
04:44:36 INFO    yt2ds.pipeline: [133/1130] XbUf7ZODMcw -- اجبرتني  اني اترك دراستي او تزوجني ولدها..😱../ اخترت اني ....؟؟😭💔🔥
Deprecated Feature: Support for Python version 3.10 has been deprecated. Please update to Python 3.11 or above
Deprecated Feature: Support for Python version 3.10 has been deprecated. Please update to Python 3.11 or above
04:44:41 INFO    yt2ds.pipeline: XbUf7ZODMcw: 615.9s of audio, -16.6 LUFS
04:44:41 INFO    yt2ds.pipeline: XbUf7ZODMcw: 1519 subtitle words (yt_auto, ar)
04:44:41 INFO    yt2ds.stages.diarize: diarizing XbUf7ZODMcw
04:45:03 INFO    yt2ds.stages.diarize: diarizer: 130 turns, 1 speakers, 0 overlap regions
04:45:03 INFO    yt2ds.pipeline: XbUf7ZODMcw: 1 speakers, 130 turns
04:45:08 INFO    yt2ds.stages.vad: XbUf7ZODMcw.16k: 71 speech regions, 597.8s speech of 615.9s (97%)
04:45:08 INFO    yt2ds.pipeline: XbUf7ZODMcw: 97 candidate chunks
/home/ai2/saudi-youtube-data/youtube-to-dataset/src/yt2ds/stages/align.py:223: UserWarning: torchaudio.functional._alignment.forced_align has been deprecated. This deprecation is part of a large refactoring effort to transition TorchAudio into a maintenance phase. Please see https://github.com/pytorch/audio/issues/3902 for more information. It will be removed from the 2.9 release. 
  paths, scores = AF.forced_align(emissions, targets, blank=blank_id)
04:45:44 INFO    yt2ds.pipeline: XbUf7ZODMcw: aligned 1519/1519 subtitle words
04:45:46 INFO    yt2ds.pipeline: XbUf7ZODMcw: kept 87, rejected 10, 8.5 min of audio in 69s
04:45:46 INFO    yt2ds.pipeline: XbUf7ZODMcw: freed 88 MB
04:45:46 INFO    yt2ds.pipeline: [134/1130] jU2nmCGH4j4 -- دخلت الجامعة أدور حرية…💔😭/ووقعت في فخ كان ينتظرني.. اللي صار 🔥😱..؟
Deprecated Feature: Support for Python version 3.10 has been deprecated. Please update to Python 3.11 or above
Deprecated Feature: Support for Python version 3.10 has been deprecated. Please update to Python 3.11 or above
04:45:58 INFO    yt2ds.pipeline: jU2nmCGH4j4: 1752.2s of audio, -16.4 LUFS
04:45:58 INFO    yt2ds.pipeline: jU2nmCGH4j4: 4057 subtitle words (yt_auto, ar)
04:45:58 INFO    yt2ds.stages.diarize: diarizing jU2nmCGH4j4
04:46:50 INFO    yt2ds.stages.diarize: diarizer: 364 turns, 1 speakers, 0 overlap regions
04:46:50 INFO    yt2ds.pipeline: jU2nmCGH4j4: 1 speakers, 364 turns
04:47:04 INFO    yt2ds.stages.vad: jU2nmCGH4j4.16k: 165 speech regions, 1715.6s speech of 1752.2s (98%)
04:47:04 INFO    yt2ds.pipeline: jU2nmCGH4j4: 284 candidate chunks
/home/ai2/saudi-youtube-data/youtube-to-dataset/src/yt2ds/stages/align.py:223: UserWarning: torchaudio.functional._alignment.forced_align has been deprecated. This deprecation is part of a large refactoring effort to transition TorchAudio into a maintenance phase. Please see https://github.com/pytorch/audio/issues/3902 for more information. It will be removed from the 2.9 release. 
  paths, scores = AF.forced_align(emissions, targets, blank=blank_id)
04:48:49 INFO    yt2ds.pipeline: jU2nmCGH4j4: aligned 4057/4057 subtitle words
04:48:52 INFO    yt2ds.pipeline: jU2nmCGH4j4: kept 214, rejected 70, 21.1 min of audio in 186s
04:48:52 INFO    yt2ds.pipeline: jU2nmCGH4j4: freed 249 MB
04:48:52 INFO    yt2ds.pipeline: [135/1130] ru97V4r4tUg -- القرار اللي جمعهم ضدي 😱../  والفزعة الوحيدة اللي  كسرت قلبي 😭🔥💔..؟
Deprecated Feature: Support for Python version 3.10 has been deprecated. Please update to Python 3.11 or above
Deprecated Feature: Support for Python version 3.10 has been deprecated. Please update to Python 3.11 or above
04:49:08 INFO    yt2ds.pipeline: ru97V4r4tUg: 2553.5s of audio, -16.5 LUFS
04:49:08 INFO    yt2ds.pipeline: ru97V4r4tUg: 6005 subtitle words (yt_auto, ar)
04:49:08 INFO    yt2ds.stages.diarize: diarizing ru97V4r4tUg
04:50:21 INFO    yt2ds.stages.diarize: diarizer: 537 turns, 1 speakers, 0 overlap regions
04:50:21 INFO    yt2ds.pipeline: ru97V4r4tUg: 1 speakers, 537 turns
04:50:42 INFO    yt2ds.stages.vad: ru97V4r4tUg.16k: 277 speech regions, 2478.2s speech of 2553.5s (97%)
04:50:42 INFO    yt2ds.pipeline: ru97V4r4tUg: 395 candidate chunks
04:52:45 INFO    yt2ds.stages.speakers: ru97V4r4tUg_SPK1: dropped 3/395 chunks as off-centroid
/home/ai2/saudi-youtube-data/youtube-to-dataset/src/yt2ds/stages/align.py:223: UserWarning: torchaudio.functional._alignment.forced_align has been deprecated. This deprecation is part of a large refactoring effort to transition TorchAudio into a maintenance phase. Please see https://github.com/pytorch/audio/issues/3902 for more information. It will be removed from the 2.9 release. 
  paths, scores = AF.forced_align(emissions, targets, blank=blank_id)
04:53:23 INFO    yt2ds.pipeline: ru97V4r4tUg: aligned 6005/6005 subtitle words
04:53:28 INFO    yt2ds.pipeline: ru97V4r4tUg: kept 324, rejected 71, 32.9 min of audio in 275s
04:53:28 INFO    yt2ds.pipeline: ru97V4r4tUg: freed 363 MB
04:53:28 INFO    yt2ds.pipeline: [136/1130] xF4Oo55w_z4 -- وظيفة عادية؟ لا… كانت بداية صدمة  ماتوقعتها..؟ 💔😳🔥
Deprecated Feature: Support for Python version 3.10 has been deprecated. Please update to Python 3.11 or above
Deprecated Feature: Support for Python version 3.10 has been deprecated. Please update to Python 3.11 or above
04:53:33 INFO    yt2ds.pipeline: xF4Oo55w_z4: 675.2s of audio, -16.6 LUFS
04:53:33 INFO    yt2ds.pipeline: xF4Oo55w_z4: 1519 subtitle words (yt_auto, ar)
04:53:33 INFO    yt2ds.stages.diarize: diarizing xF4Oo55w_z4
04:53:58 INFO    yt2ds.stages.diarize: diarizer: 140 turns, 1 speakers, 0 overlap regions
04:53:58 INFO    yt2ds.pipeline: xF4Oo55w_z4: 1 speakers, 140 turns
04:54:04 INFO    yt2ds.stages.vad: xF4Oo55w_z4.16k: 74 speech regions, 657.3s speech of 675.2s (97%)
04:54:04 INFO    yt2ds.pipeline: xF4Oo55w_z4: 106 candidate chunks
/home/ai2/saudi-youtube-data/youtube-to-dataset/src/yt2ds/stages/align.py:223: UserWarning: torchaudio.functional._alignment.forced_align has been deprecated. This deprecation is part of a large refactoring effort to transition TorchAudio into a maintenance phase. Please see https://github.com/pytorch/audio/issues/3902 for more information. It will be removed from the 2.9 release. 
  paths, scores = AF.forced_align(emissions, targets, blank=blank_id)
04:54:45 INFO    yt2ds.pipeline: xF4Oo55w_z4: aligned 1519/1519 subtitle words
04:54:46 INFO    yt2ds.pipeline: xF4Oo55w_z4: kept 97, rejected 9, 9.8 min of audio in 77s
04:54:46 INFO    yt2ds.pipeline: xF4Oo55w_z4: freed 97 MB
04:54:46 INFO    yt2ds.pipeline: [137/1130] 4BZJxVOF7iY -- ولد عمي وأمه… أكبر خيانة عشتها بحياتي ..؟ مكيده ماتخطر على البال😭😱🔥..؟
Deprecated Feature: Support for Python version 3.10 has been deprecated. Please update to Python 3.11 or above
Deprecated Feature: Support for Python version 3.10 has been deprecated. Please update to Python 3.11 or above
04:55:05 INFO    yt2ds.pipeline: 4BZJxVOF7iY: 2777.2s of audio, -17.1 LUFS
04:55:05 INFO    yt2ds.pipeline: 4BZJxVOF7iY: 6874 subtitle words (yt_auto, ar)
04:55:05 INFO    yt2ds.stages.diarize: diarizing 4BZJxVOF7iY
04:56:24 INFO    yt2ds.stages.diarize: diarizer: 607 turns, 2 speakers, 0 overlap regions
04:56:24 INFO    yt2ds.pipeline: 4BZJxVOF7iY: 2 speakers, 607 turns
04:56:24 INFO    yt2ds.stages.diarize: collapsing 2 speakers to 1 (100% of speech)
04:56:47 INFO    yt2ds.stages.vad: 4BZJxVOF7iY.16k: 383 speech regions, 2671.0s speech of 2777.2s (96%)
04:56:47 INFO    yt2ds.pipeline: 4BZJxVOF7iY: 458 candidate chunks
/home/ai2/saudi-youtube-data/youtube-to-dataset/src/yt2ds/stages/align.py:223: UserWarning: torchaudio.functional._alignment.forced_align has been deprecated. This deprecation is part of a large refactoring effort to transition TorchAudio into a maintenance phase. Please see https://github.com/pytorch/audio/issues/3902 for more information. It will be removed from the 2.9 release. 
  paths, scores = AF.forced_align(emissions, targets, blank=blank_id)
04:59:47 INFO    yt2ds.pipeline: 4BZJxVOF7iY: aligned 6874/6874 subtitle words
04:59:53 INFO    yt2ds.pipeline: 4BZJxVOF7iY: kept 416, rejected 42, 39.8 min of audio in 306s
04:59:53 INFO    yt2ds.pipeline: 4BZJxVOF7iY: freed 395 MB
04:59:53 INFO    yt2ds.pipeline: [138/1130] 6Nhh9lVKbYI -- قاطعوني لاني اشتكيت على زوجي..😱..؟ / اللي صار كنت اتمناه من زمان🤌🔥..؟
Deprecated Feature: Support for Python version 3.10 has been deprecated. Please update to Python 3.11 or above
Deprecated Feature: Support for Python version 3.10 has been deprecated. Please update to Python 3.11 or above
05:00:04 INFO    yt2ds.pipeline: 6Nhh9lVKbYI: 1715.6s of audio, -16.4 LUFS
05:00:04 INFO    yt2ds.pipeline: 6Nhh9lVKbYI: 4136 subtitle words (yt_auto, ar)
05:00:04 INFO    yt2ds.stages.diarize: diarizing 6Nhh9lVKbYI
05:00:55 INFO    yt2ds.stages.diarize: diarizer: 355 turns, 1 speakers, 0 overlap regions
05:00:55 INFO    yt2ds.pipeline: 6Nhh9lVKbYI: 1 speakers, 355 turns
05:01:09 INFO    yt2ds.stages.vad: 6Nhh9lVKbYI.16k: 195 speech regions, 1664.2s speech of 1715.6s (97%)
05:01:10 INFO    yt2ds.pipeline: 6Nhh9lVKbYI: 280 candidate chunks
/home/ai2/saudi-youtube-data/youtube-to-dataset/src/yt2ds/stages/align.py:223: UserWarning: torchaudio.functional._alignment.forced_align has been deprecated. This deprecation is part of a large refactoring effort to transition TorchAudio into a maintenance phase. Please see https://github.com/pytorch/audio/issues/3902 for more information. It will be removed from the 2.9 release. 
  paths, scores = AF.forced_align(emissions, targets, blank=blank_id)
05:03:00 INFO    yt2ds.pipeline: 6Nhh9lVKbYI: aligned 4136/4136 subtitle words
05:03:03 INFO    yt2ds.pipeline: 6Nhh9lVKbYI: kept 232, rejected 48, 22.1 min of audio in 189s
05:03:04 INFO    yt2ds.pipeline: 6Nhh9lVKbYI: freed 244 MB
05:03:04 INFO    yt2ds.pipeline: [139/1130] SK1h5qAljqU -- الكذبة اللي خلت زوج أختي يشك😱… والأذى كله على عيلتنا بسبب ؟..😭🔥💔
Deprecated Feature: Support for Python version 3.10 has been deprecated. Please update to Python 3.11 or above
Deprecated Feature: Support for Python version 3.10 has been deprecated. Please update to Python 3.11 or above
05:03:13 INFO    yt2ds.pipeline: SK1h5qAljqU: 1411.2s of audio, -16.4 LUFS
05:03:13 INFO    yt2ds.pipeline: SK1h5qAljqU: 3413 subtitle words (yt_auto, ar)
05:03:13 INFO    yt2ds.stages.diarize: diarizing SK1h5qAljqU
05:03:57 INFO    yt2ds.stages.diarize: diarizer: 292 turns, 1 speakers, 0 overlap regions
05:03:57 INFO    yt2ds.pipeline: SK1h5qAljqU: 1 speakers, 292 turns
05:04:08 INFO    yt2ds.stages.vad: SK1h5qAljqU.16k: 132 speech regions, 1368.1s speech of 1411.2s (97%)
05:04:08 INFO    yt2ds.pipeline: SK1h5qAljqU: 219 candidate chunks
/home/ai2/saudi-youtube-data/youtube-to-dataset/src/yt2ds/stages/align.py:223: UserWarning: torchaudio.functional._alignment.forced_align has been deprecated. This deprecation is part of a large refactoring effort to transition TorchAudio into a maintenance phase. Please see https://github.com/pytorch/audio/issues/3902 for more information. It will be removed from the 2.9 release. 
  paths, scores = AF.forced_align(emissions, targets, blank=blank_id)
05:05:36 INFO    yt2ds.pipeline: SK1h5qAljqU: aligned 3413/3413 subtitle words
05:05:38 INFO    yt2ds.pipeline: SK1h5qAljqU: kept 190, rejected 29, 19.2 min of audio in 154s
05:05:38 INFO    yt2ds.pipeline: SK1h5qAljqU: freed 201 MB
05:05:38 INFO    yt2ds.pipeline: [140/1130] S_bfZbehyes -- فتحت بابي لهم من طيب نيه .../ سكروه بفضيحه ماتوقعتها ..😭🔥💔
Deprecated Feature: Support for Python version 3.10 has been deprecated. Please update to Python 3.11 or above
Deprecated Feature: Support for Python version 3.10 has been deprecated. Please update to Python 3.11 or above
05:05:53 INFO    yt2ds.pipeline: S_bfZbehyes: 2058.5s of audio, -16.3 LUFS
05:05:53 INFO    yt2ds.pipeline: S_bfZbehyes: 4877 subtitle words (yt_auto, ar)
05:05:53 INFO    yt2ds.stages.diarize: diarizing S_bfZbehyes
05:06:52 INFO    yt2ds.stages.diarize: diarizer: 440 turns, 1 speakers, 0 overlap regions
05:06:52 INFO    yt2ds.pipeline: S_bfZbehyes: 1 speakers, 440 turns
05:07:10 INFO    yt2ds.stages.vad: S_bfZbehyes.16k: 214 speech regions, 2004.8s speech of 2058.5s (97%)
05:07:10 INFO    yt2ds.pipeline: S_bfZbehyes: 327 candidate chunks
05:08:47 INFO    yt2ds.stages.speakers: S_bfZbehyes_SPK1: dropped 1/325 chunks as off-centroid
/home/ai2/saudi-youtube-data/youtube-to-dataset/src/yt2ds/stages/align.py:223: UserWarning: torchaudio.functional._alignment.forced_align has been deprecated. This deprecation is part of a large refactoring effort to transition TorchAudio into a maintenance phase. Please see https://github.com/pytorch/audio/issues/3902 for more information. It will be removed from the 2.9 release. 
  paths, scores = AF.forced_align(emissions, targets, blank=blank_id)
05:09:17 INFO    yt2ds.pipeline: S_bfZbehyes: aligned 4877/4877 subtitle words
05:09:21 INFO    yt2ds.pipeline: S_bfZbehyes: kept 288, rejected 39, 29.1 min of audio in 222s
05:09:21 INFO    yt2ds.pipeline: S_bfZbehyes: freed 293 MB
05:09:21 INFO    yt2ds.pipeline: [141/1130] mV5GdvqoE40 -- حسبها ضدي… وطلعت ضد ولده ../ اللي صار صدمه..؟ 😱🔥💔
Deprecated Feature: Support for Python version 3.10 has been deprecated. Please update to Python 3.11 or above
Deprecated Feature: Support for Python version 3.10 has been deprecated. Please update to Python 3.11 or above
05:09:37 INFO    yt2ds.pipeline: mV5GdvqoE40: 2797.9s of audio, -16.8 LUFS
05:09:38 INFO    yt2ds.pipeline: mV5GdvqoE40: 6600 subtitle words (yt_auto, ar)
05:09:38 INFO    yt2ds.stages.diarize: diarizing mV5GdvqoE40
05:10:57 INFO    yt2ds.stages.diarize: diarizer: 560 turns, 1 speakers, 0 overlap regions
05:10:57 INFO    yt2ds.pipeline: mV5GdvqoE40: 1 speakers, 560 turns
05:11:20 INFO    yt2ds.stages.vad: mV5GdvqoE40.16k: 328 speech regions, 2701.9s speech of 2797.9s (97%)
05:11:20 INFO    yt2ds.pipeline: mV5GdvqoE40: 458 candidate chunks
05:13:34 INFO    yt2ds.stages.speakers: mV5GdvqoE40_SPK1: dropped 2/458 chunks as off-centroid
/home/ai2/saudi-youtube-data/youtube-to-dataset/src/yt2ds/stages/align.py:223: UserWarning: torchaudio.functional._alignment.forced_align has been deprecated. This deprecation is part of a large refactoring effort to transition TorchAudio into a maintenance phase. Please see https://github.com/pytorch/audio/issues/3902 for more information. It will be removed from the 2.9 release. 
  paths, scores = AF.forced_align(emissions, targets, blank=blank_id)
05:14:17 INFO    yt2ds.pipeline: mV5GdvqoE40: aligned 6600/6600 subtitle words
05:14:23 INFO    yt2ds.pipeline: mV5GdvqoE40: kept 413, rejected 45, 39.5 min of audio in 301s
05:14:23 INFO    yt2ds.pipeline: mV5GdvqoE40: freed 398 MB
05:14:23 INFO    yt2ds.pipeline: [142/1130] BdP6s3aXWbo -- أخوي أجبرنا على زواجه…😱 وبعدها رماني بتهمة كسرت ظهري.؟😭🔥💔
Deprecated Feature: Support for Python version 3.10 has been deprecated. Please update to Python 3.11 or above
Deprecated Feature: Support for Python version 3.10 has been deprecated. Please update to Python 3.11 or above
05:14:44 INFO    yt2ds.pipeline: BdP6s3aXWbo: 3198.7s of audio, -16.3 LUFS
05:14:44 INFO    yt2ds.pipeline: BdP6s3aXWbo: 7696 subtitle words (yt_auto, ar)
05:14:44 INFO    yt2ds.stages.diarize: diarizing BdP6s3aXWbo
05:16:14 INFO    yt2ds.stages.diarize: diarizer: 676 turns, 2 speakers, 2 overlap regions
05:16:14 INFO    yt2ds.pipeline: BdP6s3aXWbo: 2 speakers, 676 turns
05:16:14 INFO    yt2ds.stages.diarize: collapsing 2 speakers to 1 (100% of speech)
05:16:40 INFO    yt2ds.stages.vad: BdP6s3aXWbo.16k: 313 speech regions, 3123.6s speech of 3198.7s (98%)
05:16:40 INFO    yt2ds.stages.segment: overlap removal dropped 0.5s of speech
05:16:41 INFO    yt2ds.pipeline: BdP6s3aXWbo: 495 candidate chunks
05:19:11 INFO    yt2ds.stages.speakers: BdP6s3aXWbo_SPK1: dropped 3/495 chunks as off-centroid
/home/ai2/saudi-youtube-data/youtube-to-dataset/src/yt2ds/stages/align.py:223: UserWarning: torchaudio.functional._alignment.forced_align has been deprecated. This deprecation is part of a large refactoring effort to transition TorchAudio into a maintenance phase. Please see https://github.com/pytorch/audio/issues/3902 for more information. It will be removed from the 2.9 release. 
  paths, scores = AF.forced_align(emissions, targets, blank=blank_id)
05:19:59 INFO    yt2ds.pipeline: BdP6s3aXWbo: aligned 7696/7696 subtitle words
05:20:05 INFO    yt2ds.pipeline: BdP6s3aXWbo: kept 412, rejected 83, 43.1 min of audio in 341s
05:20:05 INFO    yt2ds.pipeline: BdP6s3aXWbo: freed 454 MB
05:20:05 INFO    yt2ds.pipeline: [143/1130] YtTIdY9AKaU -- أنا اللي بين نارين 🔥… احمي بنت عمي ولا افضح أخوي..؟ 😱😭💔
Deprecated Feature: Support for Python version 3.10 has been deprecated. Please update to Python 3.11 or above
Deprecated Feature: Support for Python version 3.10 has been deprecated. Please update to Python 3.11 or above
05:20:21 INFO    yt2ds.pipeline: YtTIdY9AKaU: 2472.5s of audio, -16.6 LUFS
05:20:21 INFO    yt2ds.pipeline: YtTIdY9AKaU: 5775 subtitle words (yt_auto, ar)
05:20:21 INFO    yt2ds.stages.diarize: diarizing YtTIdY9AKaU
05:21:32 INFO    yt2ds.stages.diarize: diarizer: 527 turns, 2 speakers, 0 overlap regions
05:21:32 INFO    yt2ds.pipeline: YtTIdY9AKaU: 2 speakers, 527 turns
05:21:32 INFO    yt2ds.stages.diarize: collapsing 2 speakers to 1 (100% of speech)
05:21:53 INFO    yt2ds.stages.vad: YtTIdY9AKaU.16k: 292 speech regions, 2389.4s speech of 2472.5s (97%)
05:21:53 INFO    yt2ds.pipeline: YtTIdY9AKaU: 407 candidate chunks
05:23:51 INFO    yt2ds.stages.speakers: YtTIdY9AKaU_SPK1: dropped 1/406 chunks as off-centroid
/home/ai2/saudi-youtube-data/youtube-to-dataset/src/yt2ds/stages/align.py:223: UserWarning: torchaudio.functional._alignment.forced_align has been deprecated. This deprecation is part of a large refactoring effort to transition TorchAudio into a maintenance phase. Please see https://github.com/pytorch/audio/issues/3902 for more information. It will be removed from the 2.9 release. 
  paths, scores = AF.forced_align(emissions, targets, blank=blank_id)
05:24:27 INFO    yt2ds.pipeline: YtTIdY9AKaU: aligned 5775/5775 subtitle words
05:24:32 INFO    yt2ds.pipeline: YtTIdY9AKaU: kept 342, rejected 65, 32.9 min of audio in 266s
05:24:32 INFO    yt2ds.pipeline: YtTIdY9AKaU: freed 352 MB
05:24:32 INFO    yt2ds.pipeline: [144/1130] jTCIND-Jx-o -- رجعوا يوم كبرت قلوبنا… مو يوم كبر عمرهم...💔🔥..؟
Deprecated Feature: Support for Python version 3.10 has been deprecated. Please update to Python 3.11 or above
Deprecated Feature: Support for Python version 3.10 has been deprecated. Please update to Python 3.11 or above
05:24:39 INFO    yt2ds.pipeline: jTCIND-Jx-o: 843.3s of audio, -16.4 LUFS
05:24:39 INFO    yt2ds.pipeline: jTCIND-Jx-o: 1843 subtitle words (yt_auto, ar)
05:24:39 INFO    yt2ds.stages.diarize: diarizing jTCIND-Jx-o
05:25:08 INFO    yt2ds.stages.diarize: diarizer: 195 turns, 2 speakers, 0 overlap regions
05:25:08 INFO    yt2ds.pipeline: jTCIND-Jx-o: 2 speakers, 195 turns
05:25:08 INFO    yt2ds.stages.diarize: collapsing 2 speakers to 2 (100% of speech)
05:25:15 INFO    yt2ds.stages.vad: jTCIND-Jx-o.16k: 112 speech regions, 800.0s speech of 843.3s (95%)
05:25:15 INFO    yt2ds.pipeline: jTCIND-Jx-o: 140 candidate chunks
/home/ai2/saudi-youtube-data/youtube-to-dataset/src/yt2ds/stages/align.py:223: UserWarning: torchaudio.functional._alignment.forced_align has been deprecated. This deprecation is part of a large refactoring effort to transition TorchAudio into a maintenance phase. Please see https://github.com/pytorch/audio/issues/3902 for more information. It will be removed from the 2.9 release. 
  paths, scores = AF.forced_align(emissions, targets, blank=blank_id)
05:26:08 INFO    yt2ds.pipeline: jTCIND-Jx-o: aligned 1843/1843 subtitle words
05:26:10 INFO    yt2ds.pipeline: jTCIND-Jx-o: kept 129, rejected 11, 11.8 min of audio in 96s
05:26:10 INFO    yt2ds.pipeline: jTCIND-Jx-o: freed 120 MB
05:26:10 INFO    yt2ds.pipeline: [145/1130] PYwa0IEr_Eo -- غلطتي القديمة… رجعت تدق بابي وأنا عروس.😱😭🔥💔..؟
Deprecated Feature: Support for Python version 3.10 has been deprecated. Please update to Python 3.11 or above
Deprecated Feature: Support for Python version 3.10 has been deprecated. Please update to Python 3.11 or above
05:26:22 INFO    yt2ds.pipeline: PYwa0IEr_Eo: 1850.6s of audio, -16.8 LUFS
05:26:22 INFO    yt2ds.pipeline: PYwa0IEr_Eo: 4148 subtitle words (yt_auto, ar)
05:26:22 INFO    yt2ds.stages.diarize: diarizing PYwa0IEr_Eo
05:27:17 INFO    yt2ds.stages.diarize: diarizer: 362 turns, 1 speakers, 0 overlap regions
05:27:17 INFO    yt2ds.pipeline: PYwa0IEr_Eo: 1 speakers, 362 turns
05:27:32 INFO    yt2ds.stages.vad: PYwa0IEr_Eo.16k: 238 speech regions, 1774.0s speech of 1850.6s (96%)
05:27:33 INFO    yt2ds.pipeline: PYwa0IEr_Eo: 277 candidate chunks
05:28:54 INFO    yt2ds.stages.speakers: PYwa0IEr_Eo_SPK1: dropped 1/277 chunks as off-centroid
/home/ai2/saudi-youtube-data/youtube-to-dataset/src/yt2ds/stages/align.py:223: UserWarning: torchaudio.functional._alignment.forced_align has been deprecated. This deprecation is part of a large refactoring effort to transition TorchAudio into a maintenance phase. Please see https://github.com/pytorch/audio/issues/3902 for more information. It will be removed from the 2.9 release. 
  paths, scores = AF.forced_align(emissions, targets, blank=blank_id)
05:29:23 INFO    yt2ds.pipeline: PYwa0IEr_Eo: aligned 4148/4148 subtitle words
05:29:27 INFO    yt2ds.pipeline: PYwa0IEr_Eo: kept 245, rejected 32, 25.8 min of audio in 196s
05:29:27 INFO    yt2ds.pipeline: PYwa0IEr_Eo: freed 264 MB
05:29:27 INFO    yt2ds.pipeline: [146/1130] q7J56blGD5U -- سحرت زوجها... ؟ وانفضح سرها على يد أقرب الناس لها..😱🔥💔..؟
Deprecated Feature: Support for Python version 3.10 has been deprecated. Please update to Python 3.11 or above
Deprecated Feature: Support for Python version 3.10 has been deprecated. Please update to Python 3.11 or above
05:29:34 INFO    yt2ds.pipeline: q7J56blGD5U: 962.6s of audio, -16.6 LUFS
05:29:34 INFO    yt2ds.pipeline: q7J56blGD5U: 2232 subtitle words (yt_auto, ar)
05:29:34 INFO    yt2ds.stages.diarize: diarizing q7J56blGD5U
05:30:05 INFO    yt2ds.stages.diarize: diarizer: 210 turns, 2 speakers, 0 overlap regions
05:30:05 INFO    yt2ds.pipeline: q7J56blGD5U: 2 speakers, 210 turns
05:30:05 INFO    yt2ds.stages.diarize: collapsing 2 speakers to 2 (100% of speech)
05:30:14 INFO    yt2ds.stages.vad: q7J56blGD5U.16k: 118 speech regions, 916.0s speech of 962.6s (95%)
05:30:14 INFO    yt2ds.pipeline: q7J56blGD5U: 155 candidate chunks
05:31:01 INFO    yt2ds.stages.speakers: q7J56blGD5U_SPK2: dropped 1/155 chunks as off-centroid
/home/ai2/saudi-youtube-data/youtube-to-dataset/src/yt2ds/stages/align.py:223: UserWarning: torchaudio.functional._alignment.forced_align has been deprecated. This deprecation is part of a large refactoring effort to transition TorchAudio into a maintenance phase. Please see https://github.com/pytorch/audio/issues/3902 for more information. It will be removed from the 2.9 release. 
  paths, scores = AF.forced_align(emissions, targets, blank=blank_id)
05:31:15 INFO    yt2ds.pipeline: q7J56blGD5U: aligned 2232/2232 subtitle words
05:31:17 INFO    yt2ds.pipeline: q7J56blGD5U: kept 138, rejected 17, 13.2 min of audio in 110s
05:31:17 INFO    yt2ds.pipeline: q7J56blGD5U: freed 137 MB
05:31:17 INFO    yt2ds.pipeline: [147/1130] ZuEKNP8SWj0 -- اتهموا أمي بالشين ...😱.؟ /  ولما وقفت أدافع عنها عند ابوي قال كلمة هزّت عمري ..💔🔥😭..؟
Deprecated Feature: Support for Python version 3.10 has been deprecated. Please update to Python 3.11 or above
Deprecated Feature: Support for Python version 3.10 has been deprecated. Please update to Python 3.11 or above
ERROR: unable to download video data: HTTP Error 403: Forbidden
05:31:23 WARNING yt2ds.stages.download: https://www.youtube.com/watch?v=HUXuCbamwzE: attempt 1/6 failed (client=default): ERROR: unable to download video data: HTTP Error 403: Forbidden -- retrying in 4s
Deprecated Feature: Support for Python version 3.10 has been deprecated. Please update to Python 3.11 or above
ERROR: [youtube] HUXuCbamwzE: Requested format is not available. Use --list-formats for a list of available formats
05:31:29 WARNING yt2ds.stages.download: https://www.youtube.com/watch?v=HUXuCbamwzE: attempt 2/6 failed (client=tv_simply): ERROR: [youtube] HUXuCbamwzE: Requested format is not available. Use --list-formats for a list of available formats -- retrying in 8s
05:31:33 INFO    yt2ds.pipeline: ZuEKNP8SWj0: 2529.1s of audio, -16.7 LUFS
05:31:33 INFO    yt2ds.pipeline: ZuEKNP8SWj0: 5810 subtitle words (yt_auto, ar)
05:31:33 INFO    yt2ds.stages.diarize: diarizing ZuEKNP8SWj0
Deprecated Feature: Support for Python version 3.10 has been deprecated. Please update to Python 3.11 or above
ERROR: [youtube] HUXuCbamwzE: Requested format is not available. Use --list-formats for a list of available formats
05:31:39 WARNING yt2ds.stages.download: https://www.youtube.com/watch?v=HUXuCbamwzE: attempt 3/6 failed (client=web_safari): ERROR: [youtube] HUXuCbamwzE: Requested format is not available. Use --list-formats for a list of available formats -- retrying in 12s
Deprecated Feature: Support for Python version 3.10 has been deprecated. Please update to Python 3.11 or above
05:31:56 INFO    yt2ds.stages.download: https://www.youtube.com/watch?v=HUXuCbamwzE: succeeded on attempt 4 (client=android_vr)
05:32:46 INFO    yt2ds.stages.diarize: diarizer: 502 turns, 1 speakers, 0 overlap regions
05:32:46 INFO    yt2ds.pipeline: ZuEKNP8SWj0: 1 speakers, 502 turns
05:33:07 INFO    yt2ds.stages.vad: ZuEKNP8SWj0.16k: 256 speech regions, 2469.3s speech of 2529.1s (98%)
05:33:07 INFO    yt2ds.pipeline: ZuEKNP8SWj0: 396 candidate chunks
/home/ai2/saudi-youtube-data/youtube-to-dataset/src/yt2ds/stages/align.py:223: UserWarning: torchaudio.functional._alignment.forced_align has been deprecated. This deprecation is part of a large refactoring effort to transition TorchAudio into a maintenance phase. Please see https://github.com/pytorch/audio/issues/3902 for more information. It will be removed from the 2.9 release. 
  paths, scores = AF.forced_align(emissions, targets, blank=blank_id)
05:35:43 INFO    yt2ds.pipeline: ZuEKNP8SWj0: aligned 5810/5810 subtitle words
05:35:49 INFO    yt2ds.pipeline: ZuEKNP8SWj0: kept 364, rejected 32, 37.3 min of audio in 271s
05:35:49 INFO    yt2ds.pipeline: ZuEKNP8SWj0: freed 360 MB
05:35:49 INFO    yt2ds.pipeline: [148/1130] 18TZdDRgYvU -- راح عني و رجع لي بوجهٍ ثاني...💔🔥🫂..؟
Deprecated Feature: Support for Python version 3.10 has been deprecated. Please update to Python 3.11 or above
Deprecated Feature: Support for Python version 3.10 has been deprecated. Please update to Python 3.11 or above
05:35:55 INFO    yt2ds.pipeline: 18TZdDRgYvU: 789.2s of audio, -16.9 LUFS
05:35:55 INFO    yt2ds.pipeline: 18TZdDRgYvU: 1770 subtitle words (yt_auto, ar)
05:35:55 INFO    yt2ds.stages.diarize: diarizing 18TZdDRgYvU
05:36:22 INFO    yt2ds.stages.diarize: diarizer: 207 turns, 1 speakers, 0 overlap regions
05:36:22 INFO    yt2ds.pipeline: 18TZdDRgYvU: 1 speakers, 207 turns
05:36:29 INFO    yt2ds.stages.vad: 18TZdDRgYvU.16k: 144 speech regions, 743.0s speech of 789.2s (94%)
05:36:29 INFO    yt2ds.pipeline: 18TZdDRgYvU: 141 candidate chunks
05:37:04 INFO    yt2ds.stages.speakers: 18TZdDRgYvU_SPK1: dropped 2/139 chunks as off-centroid
/home/ai2/saudi-youtube-data/youtube-to-dataset/src/yt2ds/stages/align.py:223: UserWarning: torchaudio.functional._alignment.forced_align has been deprecated. This deprecation is part of a large refactoring effort to transition TorchAudio into a maintenance phase. Please see https://github.com/pytorch/audio/issues/3902 for more information. It will be removed from the 2.9 release. 
  paths, scores = AF.forced_align(emissions, targets, blank=blank_id)
05:37:15 INFO    yt2ds.pipeline: 18TZdDRgYvU: aligned 1770/1770 subtitle words
05:37:16 INFO    yt2ds.pipeline: 18TZdDRgYvU: kept 113, rejected 28, 9.7 min of audio in 86s
05:37:16 INFO    yt2ds.pipeline: 18TZdDRgYvU: freed 112 MB
05:37:16 INFO    yt2ds.pipeline: [149/1130] 0m6pmCN7Kus -- وانا قاعده اطبخ لها ..؟ جابت ورقة طلاقي بيدها .😱. / وتهددني انها...😭🔥💔
Deprecated Feature: Support for Python version 3.10 has been deprecated. Please update to Python 3.11 or above
Deprecated Feature: Support for Python version 3.10 has been deprecated. Please update to Python 3.11 or above
05:37:25 INFO    yt2ds.pipeline: 0m6pmCN7Kus: 1326.8s of audio, -16.6 LUFS
05:37:25 INFO    yt2ds.pipeline: 0m6pmCN7Kus: 3112 subtitle words (yt_auto, ar)
05:37:25 INFO    yt2ds.stages.diarize: diarizing 0m6pmCN7Kus
05:38:06 INFO    yt2ds.stages.diarize: diarizer: 287 turns, 1 speakers, 0 overlap regions
05:38:06 INFO    yt2ds.pipeline: 0m6pmCN7Kus: 1 speakers, 287 turns
05:38:17 INFO    yt2ds.stages.vad: 0m6pmCN7Kus.16k: 174 speech regions, 1281.7s speech of 1326.8s (97%)
05:38:17 INFO    yt2ds.pipeline: 0m6pmCN7Kus: 228 candidate chunks
/home/ai2/saudi-youtube-data/youtube-to-dataset/src/yt2ds/stages/align.py:223: UserWarning: torchaudio.functional._alignment.forced_align has been deprecated. This deprecation is part of a large refactoring effort to transition TorchAudio into a maintenance phase. Please see https://github.com/pytorch/audio/issues/3902 for more information. It will be removed from the 2.9 release. 
  paths, scores = AF.forced_align(emissions, targets, blank=blank_id)
05:39:40 INFO    yt2ds.pipeline: 0m6pmCN7Kus: aligned 3112/3112 subtitle words
05:39:43 INFO    yt2ds.pipeline: 0m6pmCN7Kus: kept 209, rejected 19, 19.4 min of audio in 146s
05:39:43 INFO    yt2ds.pipeline: 0m6pmCN7Kus: freed 189 MB
05:39:43 INFO    yt2ds.pipeline: [150/1130] h4ObCwpZ8Bw -- زوجة ابوي خططت لموتنا..  والمنقذ كان😱 ..؟ .. اللي صار صدمه..😭🔥💔...؟
Deprecated Feature: Support for Python version 3.10 has been deprecated. Please update to Python 3.11 or above
Deprecated Feature: Support for Python version 3.10 has been deprecated. Please update to Python 3.11 or above
05:39:52 INFO    yt2ds.pipeline: h4ObCwpZ8Bw: 1420.1s of audio, -16.2 LUFS
05:39:52 INFO    yt2ds.pipeline: h4ObCwpZ8Bw: 3448 subtitle words (yt_auto, ar)
05:39:52 INFO    yt2ds.stages.diarize: diarizing h4ObCwpZ8Bw
05:40:35 INFO    yt2ds.stages.diarize: diarizer: 286 turns, 1 speakers, 0 overlap regions
05:40:35 INFO    yt2ds.pipeline: h4ObCwpZ8Bw: 1 speakers, 286 turns
05:40:47 INFO    yt2ds.stages.vad: h4ObCwpZ8Bw.16k: 179 speech regions, 1367.6s speech of 1420.1s (96%)
05:40:47 INFO    yt2ds.pipeline: h4ObCwpZ8Bw: 234 candidate chunks
/home/ai2/saudi-youtube-data/youtube-to-dataset/src/yt2ds/stages/align.py:223: UserWarning: torchaudio.functional._alignment.forced_align has been deprecated. This deprecation is part of a large refactoring effort to transition TorchAudio into a maintenance phase. Please see https://github.com/pytorch/audio/issues/3902 for more information. It will be removed from the 2.9 release. 
  paths, scores = AF.forced_align(emissions, targets, blank=blank_id)
05:42:11 INFO    yt2ds.pipeline: h4ObCwpZ8Bw: aligned 3448/3448 subtitle words
05:42:14 INFO    yt2ds.pipeline: h4ObCwpZ8Bw: kept 190, rejected 44, 18.0 min of audio in 149s
05:42:14 INFO    yt2ds.pipeline: h4ObCwpZ8Bw: freed 202 MB
05:42:14 INFO    yt2ds.pipeline: [151/1130] HUXuCbamwzE -- بعد مالكل حذرني من اخوي ...😱/ الاقيه موديني المحكمة والسبب صادم..😭🔥💔..؟
Deprecated Feature: Support for Python version 3.10 has been deprecated. Please update to Python 3.11 or above
Deprecated Feature: Support for Python version 3.10 has been deprecated. Please update to Python 3.11 or above
05:42:26 INFO    yt2ds.pipeline: HUXuCbamwzE: 1861.9s of audio, -16.4 LUFS
05:42:27 INFO    yt2ds.pipeline: HUXuCbamwzE: 4141 subtitle words (yt_auto, ar)
05:42:27 INFO    yt2ds.stages.diarize: diarizing HUXuCbamwzE
05:43:22 INFO    yt2ds.stages.diarize: diarizer: 388 turns, 2 speakers, 0 overlap regions
05:43:22 INFO    yt2ds.pipeline: HUXuCbamwzE: 2 speakers, 388 turns
05:43:22 INFO    yt2ds.stages.diarize: collapsing 2 speakers to 2 (100% of speech)
05:43:37 INFO    yt2ds.stages.vad: HUXuCbamwzE.16k: 208 speech regions, 1786.7s speech of 1861.9s (96%)
05:43:37 INFO    yt2ds.pipeline: HUXuCbamwzE: 302 candidate chunks
05:45:05 INFO    yt2ds.stages.speakers: HUXuCbamwzE_SPK2: dropped 1/302 chunks as off-centroid
/home/ai2/saudi-youtube-data/youtube-to-dataset/src/yt2ds/stages/align.py:223: UserWarning: torchaudio.functional._alignment.forced_align has been deprecated. This deprecation is part of a large refactoring effort to transition TorchAudio into a maintenance phase. Please see https://github.com/pytorch/audio/issues/3902 for more information. It will be removed from the 2.9 release. 
  paths, scores = AF.forced_align(emissions, targets, blank=blank_id)
05:45:33 INFO    yt2ds.pipeline: HUXuCbamwzE: aligned 4141/4141 subtitle words
05:45:37 INFO    yt2ds.pipeline: HUXuCbamwzE: kept 276, rejected 26, 26.9 min of audio in 202s
05:45:37 INFO    yt2ds.pipeline: HUXuCbamwzE: freed 265 MB
05:45:37 INFO    yt2ds.pipeline: [152/1130] KnFqs9fcCVE -- َ"فراق ما اكتمل"..💔🔥#فضفضه
Deprecated Feature: Support for Python version 3.10 has been deprecated. Please update to Python 3.11 or above
Deprecated Feature: Support for Python version 3.10 has been deprecated. Please update to Python 3.11 or above
05:45:43 INFO    yt2ds.pipeline: KnFqs9fcCVE: 854.0s of audio, -16.6 LUFS
05:45:43 INFO    yt2ds.pipeline: KnFqs9fcCVE: 1899 subtitle words (yt_auto, ar)
05:45:43 INFO    yt2ds.stages.diarize: diarizing KnFqs9fcCVE
05:46:12 INFO    yt2ds.stages.diarize: diarizer: 200 turns, 1 speakers, 0 overlap regions
05:46:12 INFO    yt2ds.pipeline: KnFqs9fcCVE: 1 speakers, 200 turns
05:46:19 INFO    yt2ds.stages.vad: KnFqs9fcCVE.16k: 111 speech regions, 824.5s speech of 854.0s (97%)
05:46:19 INFO    yt2ds.pipeline: KnFqs9fcCVE: 141 candidate chunks
05:46:58 INFO    yt2ds.stages.speakers: KnFqs9fcCVE_SPK1: dropped 1/141 chunks as off-centroid
/home/ai2/saudi-youtube-data/youtube-to-dataset/src/yt2ds/stages/align.py:223: UserWarning: torchaudio.functional._alignment.forced_align has been deprecated. This deprecation is part of a large refactoring effort to transition TorchAudio into a maintenance phase. Please see https://github.com/pytorch/audio/issues/3902 for more information. It will be removed from the 2.9 release. 
  paths, scores = AF.forced_align(emissions, targets, blank=blank_id)
05:47:10 INFO    yt2ds.pipeline: KnFqs9fcCVE: aligned 1899/1899 subtitle words
05:47:12 INFO    yt2ds.pipeline: KnFqs9fcCVE: kept 130, rejected 11, 12.3 min of audio in 94s
05:47:12 INFO    yt2ds.pipeline: KnFqs9fcCVE: freed 122 MB
05:47:12 INFO    yt2ds.pipeline: [153/1130] xPAyPoxOfy0 -- رحلة بدأت بالضحك… وانتهت بالصمت...؟😭💔🔥 #فضفضه
Deprecated Feature: Support for Python version 3.10 has been deprecated. Please update to Python 3.11 or above
Deprecated Feature: Support for Python version 3.10 has been deprecated. Please update to Python 3.11 or above
05:47:19 INFO    yt2ds.pipeline: xPAyPoxOfy0: 917.2s of audio, -16.5 LUFS
05:47:19 INFO    yt2ds.pipeline: xPAyPoxOfy0: 2036 subtitle words (yt_auto, ar)
05:47:19 INFO    yt2ds.stages.diarize: diarizing xPAyPoxOfy0
05:47:49 INFO    yt2ds.stages.diarize: diarizer: 187 turns, 1 speakers, 0 overlap regions
05:47:49 INFO    yt2ds.pipeline: xPAyPoxOfy0: 1 speakers, 187 turns
05:47:57 INFO    yt2ds.stages.vad: xPAyPoxOfy0.16k: 123 speech regions, 880.6s speech of 917.2s (96%)
05:47:57 INFO    yt2ds.pipeline: xPAyPoxOfy0: 151 candidate chunks
/home/ai2/saudi-youtube-data/youtube-to-dataset/src/yt2ds/stages/align.py:223: UserWarning: torchaudio.functional._alignment.forced_align has been deprecated. This deprecation is part of a large refactoring effort to transition TorchAudio into a maintenance phase. Please see https://github.com/pytorch/audio/issues/3902 for more information. It will be removed from the 2.9 release. 
  paths, scores = AF.forced_align(emissions, targets, blank=blank_id)
05:48:54 INFO    yt2ds.pipeline: xPAyPoxOfy0: aligned 2036/2036 subtitle words
05:48:56 INFO    yt2ds.pipeline: xPAyPoxOfy0: kept 131, rejected 20, 12.2 min of audio in 103s
05:48:56 INFO    yt2ds.pipeline: xPAyPoxOfy0: freed 131 MB
05:48:56 INFO    yt2ds.pipeline: [154/1130] D_CQw5qRH78 -- المحكمة فضحت كل شي /  خالي المسجون.. وسر عمي اللي انكشف  ..💔😭🔥"
Deprecated Feature: Support for Python version 3.10 has been deprecated. Please update to Python 3.11 or above
Deprecated Feature: Support for Python version 3.10 has been deprecated. Please update to Python 3.11 or above
05:49:11 INFO    yt2ds.pipeline: D_CQw5qRH78: 2401.9s of audio, -17.4 LUFS
05:49:11 INFO    yt2ds.pipeline: D_CQw5qRH78: 5439 subtitle words (yt_auto, ar)
05:49:11 INFO    yt2ds.stages.diarize: diarizing D_CQw5qRH78
05:50:20 INFO    yt2ds.stages.diarize: diarizer: 481 turns, 2 speakers, 0 overlap regions
05:50:20 INFO    yt2ds.pipeline: D_CQw5qRH78: 2 speakers, 481 turns
05:50:20 INFO    yt2ds.stages.diarize: collapsing 2 speakers to 2 (100% of speech)
05:50:40 INFO    yt2ds.stages.vad: D_CQw5qRH78.16k: 234 speech regions, 2324.2s speech of 2401.9s (97%)
05:50:40 INFO    yt2ds.pipeline: D_CQw5qRH78: 381 candidate chunks
05:52:27 INFO    yt2ds.stages.speakers: D_CQw5qRH78_SPK2: dropped 1/381 chunks as off-centroid
/home/ai2/saudi-youtube-data/youtube-to-dataset/src/yt2ds/stages/align.py:223: UserWarning: torchaudio.functional._alignment.forced_align has been deprecated. This deprecation is part of a large refactoring effort to transition TorchAudio into a maintenance phase. Please see https://github.com/pytorch/audio/issues/3902 for more information. It will be removed from the 2.9 release. 
  paths, scores = AF.forced_align(emissions, targets, blank=blank_id)
05:53:02 INFO    yt2ds.pipeline: D_CQw5qRH78: aligned 5439/5439 subtitle words
05:53:07 INFO    yt2ds.pipeline: D_CQw5qRH78: kept 352, rejected 29, 35.3 min of audio in 250s
05:53:07 INFO    yt2ds.pipeline: D_CQw5qRH78: freed 341 MB
05:53:07 INFO    yt2ds.pipeline: [155/1130] pI59r3BXl3I -- أيام المصائب… وبيت لا يعرف السلام..😔💔..#فضفضه
Deprecated Feature: Support for Python version 3.10 has been deprecated. Please update to Python 3.11 or above
Deprecated Feature: Support for Python version 3.10 has been deprecated. Please update to Python 3.11 or above
05:53:13 INFO    yt2ds.pipeline: pI59r3BXl3I: 817.0s of audio, -16.4 LUFS
05:53:13 INFO    yt2ds.pipeline: pI59r3BXl3I: 1970 subtitle words (yt_auto, ar)
05:53:13 INFO    yt2ds.stages.diarize: diarizing pI59r3BXl3I
05:53:41 INFO    yt2ds.stages.diarize: diarizer: 187 turns, 1 speakers, 0 overlap regions
05:53:41 INFO    yt2ds.pipeline: pI59r3BXl3I: 1 speakers, 187 turns
05:53:47 INFO    yt2ds.stages.vad: pI59r3BXl3I.16k: 107 speech regions, 791.8s speech of 817.0s (97%)
05:53:47 INFO    yt2ds.pipeline: pI59r3BXl3I: 143 candidate chunks
/home/ai2/saudi-youtube-data/youtube-to-dataset/src/yt2ds/stages/align.py:223: UserWarning: torchaudio.functional._alignment.forced_align has been deprecated. This deprecation is part of a large refactoring effort to transition TorchAudio into a maintenance phase. Please see https://github.com/pytorch/audio/issues/3902 for more information. It will be removed from the 2.9 release. 
  paths, scores = AF.forced_align(emissions, targets, blank=blank_id)
05:54:35 INFO    yt2ds.pipeline: pI59r3BXl3I: aligned 1970/1970 subtitle words
05:54:37 INFO    yt2ds.pipeline: pI59r3BXl3I: kept 123, rejected 20, 11.4 min of audio in 88s
05:54:37 INFO    yt2ds.pipeline: pI59r3BXl3I: freed 117 MB
05:54:37 INFO    yt2ds.pipeline: [156/1130] WgChFXH6yh8 -- ▪️ بيت عمي اللي احتواني… هو نفس البيت اللي ابتلاني..😱🔥💔..؟
Deprecated Feature: Support for Python version 3.10 has been deprecated. Please update to Python 3.11 or above
Deprecated Feature: Support for Python version 3.10 has been deprecated. Please update to Python 3.11 or above
05:54:44 INFO    yt2ds.pipeline: WgChFXH6yh8: 1161.4s of audio, -16.7 LUFS
05:54:44 INFO    yt2ds.pipeline: WgChFXH6yh8: 2813 subtitle words (yt_auto, ar)
05:54:44 INFO    yt2ds.stages.diarize: diarizing WgChFXH6yh8
05:55:21 INFO    yt2ds.stages.diarize: diarizer: 237 turns, 1 speakers, 0 overlap regions
05:55:21 INFO    yt2ds.pipeline: WgChFXH6yh8: 1 speakers, 237 turns
05:55:30 INFO    yt2ds.stages.vad: WgChFXH6yh8.16k: 123 speech regions, 1129.4s speech of 1161.4s (97%)
05:55:30 INFO    yt2ds.pipeline: WgChFXH6yh8: 191 candidate chunks
/home/ai2/saudi-youtube-data/youtube-to-dataset/src/yt2ds/stages/align.py:223: UserWarning: torchaudio.functional._alignment.forced_align has been deprecated. This deprecation is part of a large refactoring effort to transition TorchAudio into a maintenance phase. Please see https://github.com/pytorch/audio/issues/3902 for more information. It will be removed from the 2.9 release. 
  paths, scores = AF.forced_align(emissions, targets, blank=blank_id)
05:56:42 INFO    yt2ds.pipeline: WgChFXH6yh8: aligned 2813/2813 subtitle words
05:56:45 INFO    yt2ds.pipeline: WgChFXH6yh8: kept 167, rejected 24, 16.0 min of audio in 127s
05:56:45 INFO    yt2ds.pipeline: WgChFXH6yh8: freed 166 MB
05:56:45 INFO    yt2ds.pipeline: [157/1130] DsFcBtrMDmQ -- كذبت على اهلي  عشانه ../ وهو صدق كذبته عليّ ..😱..؟ اللي صار ..😭🔥
Deprecated Feature: Support for Python version 3.10 has been deprecated. Please update to Python 3.11 or above
Deprecated Feature: Support for Python version 3.10 has been deprecated. Please update to Python 3.11 or above
05:56:53 INFO    yt2ds.pipeline: DsFcBtrMDmQ: 1087.8s of audio, -16.3 LUFS
05:56:53 INFO    yt2ds.pipeline: DsFcBtrMDmQ: 2510 subtitle words (yt_auto, ar)
05:56:53 INFO    yt2ds.stages.diarize: diarizing DsFcBtrMDmQ
05:57:27 INFO    yt2ds.stages.diarize: diarizer: 247 turns, 1 speakers, 0 overlap regions
05:57:27 INFO    yt2ds.pipeline: DsFcBtrMDmQ: 1 speakers, 247 turns
05:57:36 INFO    yt2ds.stages.vad: DsFcBtrMDmQ.16k: 132 speech regions, 1053.0s speech of 1087.8s (97%)
05:57:36 INFO    yt2ds.pipeline: DsFcBtrMDmQ: 183 candidate chunks
/home/ai2/saudi-youtube-data/youtube-to-dataset/src/yt2ds/stages/align.py:223: UserWarning: torchaudio.functional._alignment.forced_align has been deprecated. This deprecation is part of a large refactoring effort to transition TorchAudio into a maintenance phase. Please see https://github.com/pytorch/audio/issues/3902 for more information. It will be removed from the 2.9 release. 
  paths, scores = AF.forced_align(emissions, targets, blank=blank_id)
05:58:40 INFO    yt2ds.pipeline: DsFcBtrMDmQ: aligned 2510/2510 subtitle words
05:58:43 INFO    yt2ds.pipeline: DsFcBtrMDmQ: kept 155, rejected 28, 15.1 min of audio in 117s
05:58:43 INFO    yt2ds.pipeline: DsFcBtrMDmQ: freed 155 MB
05:58:43 INFO    yt2ds.pipeline: [158/1130] s0U0TJmxmqA -- ضيف أبوي… والبنت اللي  فتحت لي بابٍ ما توقّعته..😭💔🔥..؟
Deprecated Feature: Support for Python version 3.10 has been deprecated. Please update to Python 3.11 or above
Deprecated Feature: Support for Python version 3.10 has been deprecated. Please update to Python 3.11 or above
05:58:51 INFO    yt2ds.pipeline: s0U0TJmxmqA: 1141.1s of audio, -16.5 LUFS
05:58:51 INFO    yt2ds.pipeline: s0U0TJmxmqA: 2653 subtitle words (yt_auto, ar)
05:58:51 INFO    yt2ds.stages.diarize: diarizing s0U0TJmxmqA
05:59:27 INFO    yt2ds.stages.diarize: diarizer: 225 turns, 2 speakers, 0 overlap regions
05:59:27 INFO    yt2ds.pipeline: s0U0TJmxmqA: 2 speakers, 225 turns
05:59:27 INFO    yt2ds.stages.diarize: collapsing 2 speakers to 1 (100% of speech)
05:59:37 INFO    yt2ds.stages.vad: s0U0TJmxmqA.16k: 101 speech regions, 1102.5s speech of 1141.1s (97%)
05:59:37 INFO    yt2ds.pipeline: s0U0TJmxmqA: 170 candidate chunks
/home/ai2/saudi-youtube-data/youtube-to-dataset/src/yt2ds/stages/align.py:223: UserWarning: torchaudio.functional._alignment.forced_align has been deprecated. This deprecation is part of a large refactoring effort to transition TorchAudio into a maintenance phase. Please see https://github.com/pytorch/audio/issues/3902 for more information. It will be removed from the 2.9 release. 
  paths, scores = AF.forced_align(emissions, targets, blank=blank_id)
06:00:50 INFO    yt2ds.pipeline: s0U0TJmxmqA: aligned 2653/2653 subtitle words
06:00:52 INFO    yt2ds.pipeline: s0U0TJmxmqA: kept 150, rejected 20, 15.9 min of audio in 129s
06:00:52 INFO    yt2ds.pipeline: s0U0TJmxmqA: freed 162 MB
06:00:52 INFO    yt2ds.pipeline: [159/1130] uzxZed_DFow -- عمي والسر اللي يهددني فيه ..😱../انقلبت حياتي جحيم ..اللي صار  كارثه ..😭🔥💔..؟
Deprecated Feature: Support for Python version 3.10 has been deprecated. Please update to Python 3.11 or above
Deprecated Feature: Support for Python version 3.10 has been deprecated. Please update to Python 3.11 or above
06:01:06 INFO    yt2ds.pipeline: uzxZed_DFow: 2121.5s of audio, -16.5 LUFS
06:01:06 INFO    yt2ds.pipeline: uzxZed_DFow: 4940 subtitle words (yt_auto, ar)
06:01:06 INFO    yt2ds.stages.diarize: diarizing uzxZed_DFow
06:02:08 INFO    yt2ds.stages.diarize: diarizer: 454 turns, 1 speakers, 0 overlap regions
06:02:08 INFO    yt2ds.pipeline: uzxZed_DFow: 1 speakers, 454 turns
06:02:26 INFO    yt2ds.stages.vad: uzxZed_DFow.16k: 210 speech regions, 2074.0s speech of 2121.5s (98%)
06:02:26 INFO    yt2ds.pipeline: uzxZed_DFow: 334 candidate chunks
06:04:02 INFO    yt2ds.stages.speakers: uzxZed_DFow_SPK1: dropped 1/333 chunks as off-centroid
/home/ai2/saudi-youtube-data/youtube-to-dataset/src/yt2ds/stages/align.py:223: UserWarning: torchaudio.functional._alignment.forced_align has been deprecated. This deprecation is part of a large refactoring effort to transition TorchAudio into a maintenance phase. Please see https://github.com/pytorch/audio/issues/3902 for more information. It will be removed from the 2.9 release. 
  paths, scores = AF.forced_align(emissions, targets, blank=blank_id)
06:04:33 INFO    yt2ds.pipeline: uzxZed_DFow: aligned 4940/4940 subtitle words
06:04:37 INFO    yt2ds.pipeline: uzxZed_DFow: kept 299, rejected 35, 30.2 min of audio in 224s
06:04:37 INFO    yt2ds.pipeline: uzxZed_DFow: freed 302 MB
06:04:37 INFO    yt2ds.pipeline: [160/1130] 6GV7Dev-lTU -- "لا هو فهم… ولا هي رضت"...💔🔥..؟
Deprecated Feature: Support for Python version 3.10 has been deprecated. Please update to Python 3.11 or above
Deprecated Feature: Support for Python version 3.10 has been deprecated. Please update to Python 3.11 or above
06:04:55 INFO    yt2ds.pipeline: 6GV7Dev-lTU: 2719.4s of audio, -16.5 LUFS
06:04:55 INFO    yt2ds.pipeline: 6GV7Dev-lTU: 6656 subtitle words (yt_auto, ar)
06:04:55 INFO    yt2ds.stages.diarize: diarizing 6GV7Dev-lTU
06:06:13 INFO    yt2ds.stages.diarize: diarizer: 651 turns, 1 speakers, 0 overlap regions
06:06:13 INFO    yt2ds.pipeline: 6GV7Dev-lTU: 1 speakers, 651 turns
06:06:35 INFO    yt2ds.stages.vad: 6GV7Dev-lTU.16k: 341 speech regions, 2637.1s speech of 2719.4s (97%)
06:06:35 INFO    yt2ds.pipeline: 6GV7Dev-lTU: 489 candidate chunks
06:08:49 INFO    yt2ds.stages.speakers: 6GV7Dev-lTU_SPK1: dropped 1/487 chunks as off-centroid
/home/ai2/saudi-youtube-data/youtube-to-dataset/src/yt2ds/stages/align.py:223: UserWarning: torchaudio.functional._alignment.forced_align has been deprecated. This deprecation is part of a large refactoring effort to transition TorchAudio into a maintenance phase. Please see https://github.com/pytorch/audio/issues/3902 for more information. It will be removed from the 2.9 release. 
  paths, scores = AF.forced_align(emissions, targets, blank=blank_id)
06:09:32 INFO    yt2ds.pipeline: 6GV7Dev-lTU: aligned 6656/6656 subtitle words
06:09:38 INFO    yt2ds.pipeline: 6GV7Dev-lTU: kept 420, rejected 69, 36.8 min of audio in 300s
06:09:38 INFO    yt2ds.pipeline: 6GV7Dev-lTU: freed 387 MB
06:09:38 INFO    yt2ds.pipeline: [161/1130] 8tDfLkiGwGA -- مسويه عزا لابوي ببيتها ..😱.؟ وقايله للناس  ان حنا.....؟😭💔🔥
Deprecated Feature: Support for Python version 3.10 has been deprecated. Please update to Python 3.11 or above
Deprecated Feature: Support for Python version 3.10 has been deprecated. Please update to Python 3.11 or above
06:09:46 INFO    yt2ds.pipeline: 8tDfLkiGwGA: 1140.8s of audio, -16.6 LUFS
06:09:46 INFO    yt2ds.pipeline: 8tDfLkiGwGA: 2536 subtitle words (yt_auto, ar)
06:09:46 INFO    yt2ds.stages.diarize: diarizing 8tDfLkiGwGA
06:10:23 INFO    yt2ds.stages.diarize: diarizer: 255 turns, 2 speakers, 0 overlap regions
06:10:23 INFO    yt2ds.pipeline: 8tDfLkiGwGA: 2 speakers, 255 turns
06:10:23 INFO    yt2ds.stages.diarize: collapsing 2 speakers to 1 (100% of speech)
06:10:32 INFO    yt2ds.stages.vad: 8tDfLkiGwGA.16k: 107 speech regions, 1099.5s speech of 1140.8s (96%)
06:10:32 INFO    yt2ds.pipeline: 8tDfLkiGwGA: 190 candidate chunks
/home/ai2/saudi-youtube-data/youtube-to-dataset/src/yt2ds/stages/align.py:223: UserWarning: torchaudio.functional._alignment.forced_align has been deprecated. This deprecation is part of a large refactoring effort to transition TorchAudio into a maintenance phase. Please see https://github.com/pytorch/audio/issues/3902 for more information. It will be removed from the 2.9 release. 
  paths, scores = AF.forced_align(emissions, targets, blank=blank_id)
06:11:38 INFO    yt2ds.pipeline: 8tDfLkiGwGA: aligned 2536/2536 subtitle words
06:11:40 INFO    yt2ds.pipeline: 8tDfLkiGwGA: kept 174, rejected 16, 16.4 min of audio in 121s
06:11:41 INFO    yt2ds.pipeline: 8tDfLkiGwGA: freed 162 MB
06:11:41 INFO    yt2ds.pipeline: [162/1130] DbvYtWVe3Rw -- موقف واحد كشف لي عمتي واخوي..😱..؟ صدمه عمري ماتوقعتها منهم..؟ 😭💔🔥
Deprecated Feature: Support for Python version 3.10 has been deprecated. Please update to Python 3.11 or above
Deprecated Feature: Support for Python version 3.10 has been deprecated. Please update to Python 3.11 or above
06:11:55 INFO    yt2ds.pipeline: DbvYtWVe3Rw: 2342.5s of audio, -16.6 LUFS
06:11:55 INFO    yt2ds.pipeline: DbvYtWVe3Rw: 5244 subtitle words (yt_auto, ar)
06:11:55 INFO    yt2ds.stages.diarize: diarizing DbvYtWVe3Rw
06:13:02 INFO    yt2ds.stages.diarize: diarizer: 511 turns, 1 speakers, 0 overlap regions
06:13:02 INFO    yt2ds.pipeline: DbvYtWVe3Rw: 1 speakers, 511 turns
06:13:22 INFO    yt2ds.stages.vad: DbvYtWVe3Rw.16k: 222 speech regions, 2281.1s speech of 2342.5s (97%)
06:13:22 INFO    yt2ds.pipeline: DbvYtWVe3Rw: 378 candidate chunks
06:15:09 INFO    yt2ds.stages.speakers: DbvYtWVe3Rw_SPK1: dropped 1/376 chunks as off-centroid
/home/ai2/saudi-youtube-data/youtube-to-dataset/src/yt2ds/stages/align.py:223: UserWarning: torchaudio.functional._alignment.forced_align has been deprecated. This deprecation is part of a large refactoring effort to transition TorchAudio into a maintenance phase. Please see https://github.com/pytorch/audio/issues/3902 for more information. It will be removed from the 2.9 release. 
  paths, scores = AF.forced_align(emissions, targets, blank=blank_id)
06:15:43 INFO    yt2ds.pipeline: DbvYtWVe3Rw: aligned 5244/5244 subtitle words
06:15:48 INFO    yt2ds.pipeline: DbvYtWVe3Rw: kept 347, rejected 31, 34.8 min of audio in 246s
06:15:48 INFO    yt2ds.pipeline: DbvYtWVe3Rw: freed 333 MB
06:15:48 INFO    yt2ds.pipeline: [163/1130] Llvl224tJSc -- بنت عمي رفضتني  لاني ..😱؟ ووصيه عمي اللي ماقدرت اتخطاها..😭💔🔥..؟
Deprecated Feature: Support for Python version 3.10 has been deprecated. Please update to Python 3.11 or above
Deprecated Feature: Support for Python version 3.10 has been deprecated. Please update to Python 3.11 or above
06:16:00 INFO    yt2ds.pipeline: Llvl224tJSc: 1709.6s of audio, -16.5 LUFS
06:16:00 INFO    yt2ds.pipeline: Llvl224tJSc: 4067 subtitle words (yt_auto, ar)
06:16:00 INFO    yt2ds.stages.diarize: diarizing Llvl224tJSc
06:16:50 INFO    yt2ds.stages.diarize: diarizer: 386 turns, 1 speakers, 0 overlap regions
06:16:50 INFO    yt2ds.pipeline: Llvl224tJSc: 1 speakers, 386 turns
06:17:04 INFO    yt2ds.stages.vad: Llvl224tJSc.16k: 238 speech regions, 1646.2s speech of 1709.6s (96%)
06:17:04 INFO    yt2ds.pipeline: Llvl224tJSc: 300 candidate chunks
/home/ai2/saudi-youtube-data/youtube-to-dataset/src/yt2ds/stages/align.py:223: UserWarning: torchaudio.functional._alignment.forced_align has been deprecated. This deprecation is part of a large refactoring effort to transition TorchAudio into a maintenance phase. Please see https://github.com/pytorch/audio/issues/3902 for more information. It will be removed from the 2.9 release. 
  paths, scores = AF.forced_align(emissions, targets, blank=blank_id)
06:18:53 INFO    yt2ds.pipeline: Llvl224tJSc: aligned 4067/4067 subtitle words
06:18:57 INFO    yt2ds.pipeline: Llvl224tJSc: kept 254, rejected 46, 23.1 min of audio in 188s
06:18:57 INFO    yt2ds.pipeline: Llvl224tJSc: freed 243 MB
06:18:57 INFO    yt2ds.pipeline: [164/1130] -954SFaTwO4 -- صرفت عليها دم قلبي.. وصرفتني بكلمة...😭💔🔥..؟
Deprecated Feature: Support for Python version 3.10 has been deprecated. Please update to Python 3.11 or above
Deprecated Feature: Support for Python version 3.10 has been deprecated. Please update to Python 3.11 or above
06:19:06 INFO    yt2ds.pipeline: -954SFaTwO4: 1200.7s of audio, -16.9 LUFS
06:19:06 INFO    yt2ds.pipeline: -954SFaTwO4: 2909 subtitle words (yt_auto, ar)
06:19:06 INFO    yt2ds.stages.diarize: diarizing -954SFaTwO4
06:19:43 INFO    yt2ds.stages.diarize: diarizer: 240 turns, 2 speakers, 0 overlap regions
06:19:43 INFO    yt2ds.pipeline: -954SFaTwO4: 2 speakers, 240 turns
06:19:43 INFO    yt2ds.stages.diarize: collapsing 2 speakers to 1 (100% of speech)
06:19:53 INFO    yt2ds.stages.vad: -954SFaTwO4.16k: 139 speech regions, 1111.8s speech of 1200.7s (93%)
06:19:53 INFO    yt2ds.pipeline: -954SFaTwO4: 183 candidate chunks
/home/ai2/saudi-youtube-data/youtube-to-dataset/src/yt2ds/stages/align.py:223: UserWarning: torchaudio.functional._alignment.forced_align has been deprecated. This deprecation is part of a large refactoring effort to transition TorchAudio into a maintenance phase. Please see https://github.com/pytorch/audio/issues/3902 for more information. It will be removed from the 2.9 release. 
  paths, scores = AF.forced_align(emissions, targets, blank=blank_id)
06:21:01 INFO    yt2ds.pipeline: -954SFaTwO4: aligned 2909/2909 subtitle words
06:21:04 INFO    yt2ds.pipeline: -954SFaTwO4: kept 160, rejected 23, 15.8 min of audio in 125s
06:21:04 INFO    yt2ds.pipeline: -954SFaTwO4: freed 171 MB
06:21:04 INFO    yt2ds.pipeline: [165/1130] K-nA0bTQqpY -- زوج امي والسر اللي خباه عنا انكشف يوم وفاة ...😱💔..؟ اللي صار عمري ماتوقعته..😭🔥
Deprecated Feature: Support for Python version 3.10 has been deprecated. Please update to Python 3.11 or above
Deprecated Feature: Support for Python version 3.10 has been deprecated. Please update to Python 3.11 or above
06:21:16 INFO    yt2ds.pipeline: K-nA0bTQqpY: 1904.0s of audio, -16.7 LUFS
06:21:17 INFO    yt2ds.pipeline: K-nA0bTQqpY: 4667 subtitle words (yt_auto, ar)
06:21:17 INFO    yt2ds.stages.diarize: diarizing K-nA0bTQqpY
06:22:12 INFO    yt2ds.stages.diarize: diarizer: 407 turns, 1 speakers, 0 overlap regions
06:22:12 INFO    yt2ds.pipeline: K-nA0bTQqpY: 1 speakers, 407 turns
06:22:27 INFO    yt2ds.stages.vad: K-nA0bTQqpY.16k: 226 speech regions, 1847.9s speech of 1904.0s (97%)
06:22:27 INFO    yt2ds.pipeline: K-nA0bTQqpY: 300 candidate chunks
/home/ai2/saudi-youtube-data/youtube-to-dataset/src/yt2ds/stages/align.py:223: UserWarning: torchaudio.functional._alignment.forced_align has been deprecated. This deprecation is part of a large refactoring effort to transition TorchAudio into a maintenance phase. Please see https://github.com/pytorch/audio/issues/3902 for more information. It will be removed from the 2.9 release. 
  paths, scores = AF.forced_align(emissions, targets, blank=blank_id)
06:24:26 INFO    yt2ds.pipeline: K-nA0bTQqpY: aligned 4667/4667 subtitle words
06:24:29 INFO    yt2ds.pipeline: K-nA0bTQqpY: kept 244, rejected 56, 24.6 min of audio in 204s
06:24:29 INFO    yt2ds.pipeline: K-nA0bTQqpY: freed 271 MB
06:24:29 INFO    yt2ds.pipeline: [166/1130] Uqt4UYV8YNQ -- ما بين الكبرياء والحب.. انتصرت المشاركة..؟.🥰❤️
Deprecated Feature: Support for Python version 3.10 has been deprecated. Please update to Python 3.11 or above
Deprecated Feature: Support for Python version 3.10 has been deprecated. Please update to Python 3.11 or above
06:24:37 INFO    yt2ds.pipeline: Uqt4UYV8YNQ: 1231.0s of audio, -17.1 LUFS
06:24:37 INFO    yt2ds.pipeline: Uqt4UYV8YNQ: 2905 subtitle words (yt_auto, ar)
06:24:37 INFO    yt2ds.stages.diarize: diarizing Uqt4UYV8YNQ
06:25:16 INFO    yt2ds.stages.diarize: diarizer: 242 turns, 1 speakers, 0 overlap regions
06:25:16 INFO    yt2ds.pipeline: Uqt4UYV8YNQ: 1 speakers, 242 turns
06:25:26 INFO    yt2ds.stages.vad: Uqt4UYV8YNQ.16k: 95 speech regions, 1207.8s speech of 1231.0s (98%)
06:25:26 INFO    yt2ds.pipeline: Uqt4UYV8YNQ: 183 candidate chunks
06:26:22 INFO    yt2ds.stages.speakers: Uqt4UYV8YNQ_SPK1: dropped 1/182 chunks as off-centroid
/home/ai2/saudi-youtube-data/youtube-to-dataset/src/yt2ds/stages/align.py:223: UserWarning: torchaudio.functional._alignment.forced_align has been deprecated. This deprecation is part of a large refactoring effort to transition TorchAudio into a maintenance phase. Please see https://github.com/pytorch/audio/issues/3902 for more information. It will be removed from the 2.9 release. 
  paths, scores = AF.forced_align(emissions, targets, blank=blank_id)
06:26:39 INFO    yt2ds.pipeline: Uqt4UYV8YNQ: aligned 2905/2905 subtitle words
06:26:41 INFO    yt2ds.pipeline: Uqt4UYV8YNQ: kept 157, rejected 26, 17.4 min of audio in 131s
06:26:41 INFO    yt2ds.pipeline: Uqt4UYV8YNQ: freed 175 MB
06:26:41 INFO    yt2ds.pipeline: [167/1130] _rShL-Xb32I -- كسر حلمي عشان يحقق حلمها...  🔥😭💔.؟
Deprecated Feature: Support for Python version 3.10 has been deprecated. Please update to Python 3.11 or above
Deprecated Feature: Support for Python version 3.10 has been deprecated. Please update to Python 3.11 or above
06:27:04 INFO    yt2ds.pipeline: _rShL-Xb32I: 3726.4s of audio, -16.8 LUFS
06:27:04 INFO    yt2ds.pipeline: _rShL-Xb32I: 8861 subtitle words (yt_auto, ar)
06:27:04 INFO    yt2ds.stages.diarize: diarizing _rShL-Xb32I
06:28:47 INFO    yt2ds.stages.diarize: diarizer: 745 turns, 1 speakers, 0 overlap regions
06:28:47 INFO    yt2ds.pipeline: _rShL-Xb32I: 1 speakers, 745 turns
06:29:19 INFO    yt2ds.stages.vad: _rShL-Xb32I.16k: 343 speech regions, 3644.6s speech of 3726.4s (98%)
06:29:19 INFO    yt2ds.pipeline: _rShL-Xb32I: 570 candidate chunks
06:32:04 INFO    yt2ds.stages.speakers: _rShL-Xb32I_SPK1: dropped 3/569 chunks as off-centroid
/home/ai2/saudi-youtube-data/youtube-to-dataset/src/yt2ds/stages/align.py:223: UserWarning: torchaudio.functional._alignment.forced_align has been deprecated. This deprecation is part of a large refactoring effort to transition TorchAudio into a maintenance phase. Please see https://github.com/pytorch/audio/issues/3902 for more information. It will be removed from the 2.9 release. 
  paths, scores = AF.forced_align(emissions, targets, blank=blank_id)
06:33:02 INFO    yt2ds.pipeline: _rShL-Xb32I: aligned 8861/8861 subtitle words
06:33:10 INFO    yt2ds.pipeline: _rShL-Xb32I: kept 485, rejected 85, 51.8 min of audio in 387s
06:33:10 INFO    yt2ds.pipeline: _rShL-Xb32I: freed 529 MB
06:33:10 INFO    yt2ds.pipeline: [168/1130] 9H6ejVBMmNc -- امي وزوجها ../ عقده بحياتي ماتنمحي..😭💔🔥..؟
Deprecated Feature: Support for Python version 3.10 has been deprecated. Please update to Python 3.11 or above
Deprecated Feature: Support for Python version 3.10 has been deprecated. Please update to Python 3.11 or above
06:33:17 INFO    yt2ds.pipeline: 9H6ejVBMmNc: 965.9s of audio, -16.6 LUFS
06:33:17 INFO    yt2ds.pipeline: 9H6ejVBMmNc: 2246 subtitle words (yt_auto, ar)
06:33:17 INFO    yt2ds.stages.diarize: diarizing 9H6ejVBMmNc
06:33:48 INFO    yt2ds.stages.diarize: diarizer: 198 turns, 1 speakers, 0 overlap regions
06:33:48 INFO    yt2ds.pipeline: 9H6ejVBMmNc: 1 speakers, 198 turns
06:33:56 INFO    yt2ds.stages.vad: 9H6ejVBMmNc.16k: 63 speech regions, 948.8s speech of 965.9s (98%)
06:33:56 INFO    yt2ds.pipeline: 9H6ejVBMmNc: 151 candidate chunks
/home/ai2/saudi-youtube-data/youtube-to-dataset/src/yt2ds/stages/align.py:223: UserWarning: torchaudio.functional._alignment.forced_align has been deprecated. This deprecation is part of a large refactoring effort to transition TorchAudio into a maintenance phase. Please see https://github.com/pytorch/audio/issues/3902 for more information. It will be removed from the 2.9 release. 
  paths, scores = AF.forced_align(emissions, targets, blank=blank_id)
06:34:56 INFO    yt2ds.pipeline: 9H6ejVBMmNc: aligned 2246/2246 subtitle words
06:34:58 INFO    yt2ds.pipeline: 9H6ejVBMmNc: kept 120, rejected 31, 12.3 min of audio in 107s
06:34:58 INFO    yt2ds.pipeline: 9H6ejVBMmNc: freed 138 MB
06:34:58 INFO    yt2ds.pipeline: [169/1130] Xjw9HV79hmQ -- هو اختارني بين الكل.. وأنا اخترت وجعي بيدي....؟😭💔🔥
Deprecated Feature: Support for Python version 3.10 has been deprecated. Please update to Python 3.11 or above
Deprecated Feature: Support for Python version 3.10 has been deprecated. Please update to Python 3.11 or above
06:35:06 INFO    yt2ds.pipeline: Xjw9HV79hmQ: 1285.7s of audio, -16.6 LUFS
06:35:06 INFO    yt2ds.pipeline: Xjw9HV79hmQ: 3103 subtitle words (yt_auto, ar)
06:35:06 INFO    yt2ds.stages.diarize: diarizing Xjw9HV79hmQ
06:35:45 INFO    yt2ds.stages.diarize: diarizer: 271 turns, 1 speakers, 0 overlap regions
06:35:45 INFO    yt2ds.pipeline: Xjw9HV79hmQ: 1 speakers, 271 turns
06:35:56 INFO    yt2ds.stages.vad: Xjw9HV79hmQ.16k: 122 speech regions, 1254.6s speech of 1285.7s (98%)
06:35:56 INFO    yt2ds.pipeline: Xjw9HV79hmQ: 206 candidate chunks
/home/ai2/saudi-youtube-data/youtube-to-dataset/src/yt2ds/stages/align.py:223: UserWarning: torchaudio.functional._alignment.forced_align has been deprecated. This deprecation is part of a large refactoring effort to transition TorchAudio into a maintenance phase. Please see https://github.com/pytorch/audio/issues/3902 for more information. It will be removed from the 2.9 release. 
  paths, scores = AF.forced_align(emissions, targets, blank=blank_id)
06:37:10 INFO    yt2ds.pipeline: Xjw9HV79hmQ: aligned 3103/3103 subtitle words
06:37:13 INFO    yt2ds.pipeline: Xjw9HV79hmQ: kept 192, rejected 14, 19.3 min of audio in 134s
06:37:13 INFO    yt2ds.pipeline: Xjw9HV79hmQ: freed 183 MB
06:37:13 INFO    yt2ds.pipeline: [170/1130] QMckrztCpuM -- بدأت بقهوه بين صديقات.. وانتهت بشي ما كنت أتخيله!"😭💔🔥
Deprecated Feature: Support for Python version 3.10 has been deprecated. Please update to Python 3.11 or above
Deprecated Feature: Support for Python version 3.10 has been deprecated. Please update to Python 3.11 or above
06:37:22 INFO    yt2ds.pipeline: QMckrztCpuM: 1239.1s of audio, -17.2 LUFS
06:37:22 INFO    yt2ds.pipeline: QMckrztCpuM: 2845 subtitle words (yt_auto, ar)
06:37:22 INFO    yt2ds.stages.diarize: diarizing QMckrztCpuM
06:38:00 INFO    yt2ds.stages.diarize: diarizer: 265 turns, 1 speakers, 0 overlap regions
06:38:00 INFO    yt2ds.pipeline: QMckrztCpuM: 1 speakers, 265 turns
06:38:11 INFO    yt2ds.stages.vad: QMckrztCpuM.16k: 83 speech regions, 1216.4s speech of 1239.1s (98%)
06:38:11 INFO    yt2ds.pipeline: QMckrztCpuM: 202 candidate chunks
06:39:11 INFO    yt2ds.stages.speakers: QMckrztCpuM_SPK1: dropped 1/201 chunks as off-centroid
/home/ai2/saudi-youtube-data/youtube-to-dataset/src/yt2ds/stages/align.py:223: UserWarning: torchaudio.functional._alignment.forced_align has been deprecated. This deprecation is part of a large refactoring effort to transition TorchAudio into a maintenance phase. Please see https://github.com/pytorch/audio/issues/3902 for more information. It will be removed from the 2.9 release. 
  paths, scores = AF.forced_align(emissions, targets, blank=blank_id)
06:39:27 INFO    yt2ds.pipeline: QMckrztCpuM: aligned 2845/2845 subtitle words
06:39:30 INFO    yt2ds.pipeline: QMckrztCpuM: kept 184, rejected 18, 18.4 min of audio in 136s
06:39:30 INFO    yt2ds.pipeline: QMckrztCpuM: freed 176 MB
06:39:30 INFO    yt2ds.pipeline: [171/1130] 97Dxc4RjtnQ -- ابوي نسى بس حنا مانسينا...💔/ مابقى من ابوي الا الاسم..؟🔥😭.
Deprecated Feature: Support for Python version 3.10 has been deprecated. Please update to Python 3.11 or above
Deprecated Feature: Support for Python version 3.10 has been deprecated. Please update to Python 3.11 or above
06:39:52 INFO    yt2ds.pipeline: 97Dxc4RjtnQ: 3395.2s of audio, -16.8 LUFS
06:39:52 INFO    yt2ds.pipeline: 97Dxc4RjtnQ: 7902 subtitle words (yt_auto, ar)
06:39:52 INFO    yt2ds.stages.diarize: diarizing 97Dxc4RjtnQ
06:41:27 INFO    yt2ds.stages.diarize: diarizer: 638 turns, 1 speakers, 0 overlap regions
06:41:27 INFO    yt2ds.pipeline: 97Dxc4RjtnQ: 1 speakers, 638 turns
06:41:55 INFO    yt2ds.stages.vad: 97Dxc4RjtnQ.16k: 274 speech regions, 3332.7s speech of 3395.2s (98%)
06:41:55 INFO    yt2ds.pipeline: 97Dxc4RjtnQ: 507 candidate chunks
/home/ai2/saudi-youtube-data/youtube-to-dataset/src/yt2ds/stages/align.py:223: UserWarning: torchaudio.functional._alignment.forced_align has been deprecated. This deprecation is part of a large refactoring effort to transition TorchAudio into a maintenance phase. Please see https://github.com/pytorch/audio/issues/3902 for more information. It will be removed from the 2.9 release. 
  paths, scores = AF.forced_align(emissions, targets, blank=blank_id)
06:45:20 INFO    yt2ds.pipeline: 97Dxc4RjtnQ: aligned 7902/7902 subtitle words
06:45:27 INFO    yt2ds.pipeline: 97Dxc4RjtnQ: kept 457, rejected 50, 49.9 min of audio in 356s
06:45:27 INFO    yt2ds.pipeline: 97Dxc4RjtnQ: freed 483 MB
06:45:27 INFO    yt2ds.pipeline: [172/1130] V3257qMbDJk -- كلهم لي.. بس ما جمعني فيهم بيت..؟😭💔🔥
Deprecated Feature: Support for Python version 3.10 has been deprecated. Please update to Python 3.11 or above
Deprecated Feature: Support for Python version 3.10 has been deprecated. Please update to Python 3.11 or above
06:45:37 INFO    yt2ds.pipeline: V3257qMbDJk: 1646.3s of audio, -16.9 LUFS
06:45:37 INFO    yt2ds.pipeline: V3257qMbDJk: 4141 subtitle words (yt_auto, ar)
06:45:37 INFO    yt2ds.stages.diarize: diarizing V3257qMbDJk
06:46:26 INFO    yt2ds.stages.diarize: diarizer: 360 turns, 1 speakers, 0 overlap regions
06:46:26 INFO    yt2ds.pipeline: V3257qMbDJk: 1 speakers, 360 turns
06:46:40 INFO    yt2ds.stages.vad: V3257qMbDJk.16k: 120 speech regions, 1618.8s speech of 1646.3s (98%)
06:46:40 INFO    yt2ds.pipeline: V3257qMbDJk: 260 candidate chunks
/home/ai2/saudi-youtube-data/youtube-to-dataset/src/yt2ds/stages/align.py:223: UserWarning: torchaudio.functional._alignment.forced_align has been deprecated. This deprecation is part of a large refactoring effort to transition TorchAudio into a maintenance phase. Please see https://github.com/pytorch/audio/issues/3902 for more information. It will be removed from the 2.9 release. 
  paths, scores = AF.forced_align(emissions, targets, blank=blank_id)
06:48:22 INFO    yt2ds.pipeline: V3257qMbDJk: aligned 4141/4141 subtitle words
06:48:25 INFO    yt2ds.pipeline: V3257qMbDJk: kept 236, rejected 24, 24.2 min of audio in 177s
06:48:25 INFO    yt2ds.pipeline: V3257qMbDJk: freed 234 MB
06:48:25 INFO    yt2ds.pipeline: [173/1130] WN75OZMmV24 -- غدرت فيني..😱.؟  ونست إن الطيبة إذا انقلبت تصير نار ..🔥💔#كيد_النساء
Deprecated Feature: Support for Python version 3.10 has been deprecated. Please update to Python 3.11 or above
Deprecated Feature: Support for Python version 3.10 has been deprecated. Please update to Python 3.11 or above
06:48:39 INFO    yt2ds.pipeline: WN75OZMmV24: 1920.4s of audio, -17.1 LUFS
06:48:39 INFO    yt2ds.pipeline: WN75OZMmV24: 4512 subtitle words (yt_auto, ar)
06:48:39 INFO    yt2ds.stages.diarize: diarizing WN75OZMmV24
06:49:35 INFO    yt2ds.stages.diarize: diarizer: 418 turns, 1 speakers, 0 overlap regions
06:49:35 INFO    yt2ds.pipeline: WN75OZMmV24: 1 speakers, 418 turns
06:49:51 INFO    yt2ds.stages.vad: WN75OZMmV24.16k: 229 speech regions, 1849.9s speech of 1920.4s (96%)
06:49:51 INFO    yt2ds.pipeline: WN75OZMmV24: 306 candidate chunks
06:51:20 INFO    yt2ds.stages.speakers: WN75OZMmV24_SPK1: dropped 2/306 chunks as off-centroid
/home/ai2/saudi-youtube-data/youtube-to-dataset/src/yt2ds/stages/align.py:223: UserWarning: torchaudio.functional._alignment.forced_align has been deprecated. This deprecation is part of a large refactoring effort to transition TorchAudio into a maintenance phase. Please see https://github.com/pytorch/audio/issues/3902 for more information. It will be removed from the 2.9 release. 
  paths, scores = AF.forced_align(emissions, targets, blank=blank_id)
06:51:49 INFO    yt2ds.pipeline: WN75OZMmV24: aligned 4512/4512 subtitle words
06:51:53 INFO    yt2ds.pipeline: WN75OZMmV24: kept 278, rejected 28, 27.4 min of audio in 206s
06:51:53 INFO    yt2ds.pipeline: WN75OZMmV24: freed 274 MB
06:51:53 INFO    yt2ds.pipeline: [174/1130] jDlKCN_IMs4 -- بين مشرط ودعاء كبرت معجزة .. / كنت اظنها غلطه وطلعت رساله؟😭💔🔥
Deprecated Feature: Support for Python version 3.10 has been deprecated. Please update to Python 3.11 or above
Deprecated Feature: Support for Python version 3.10 has been deprecated. Please update to Python 3.11 or above
ERROR: unable to download video data: HTTP Error 403: Forbidden
06:51:58 WARNING yt2ds.stages.download: https://www.youtube.com/watch?v=X-PNPBzF084: attempt 1/6 failed (client=default): ERROR: unable to download video data: HTTP Error 403: Forbidden -- retrying in 4s
06:52:01 INFO    yt2ds.pipeline: jDlKCN_IMs4: 998.0s of audio, -16.8 LUFS
06:52:01 INFO    yt2ds.pipeline: jDlKCN_IMs4: 2337 subtitle words (yt_auto, ar)
06:52:01 INFO    yt2ds.stages.diarize: diarizing jDlKCN_IMs4
Deprecated Feature: Support for Python version 3.10 has been deprecated. Please update to Python 3.11 or above
ERROR: [youtube] X-PNPBzF084: Requested format is not available. Use --list-formats for a list of available formats
06:52:05 WARNING yt2ds.stages.download: https://www.youtube.com/watch?v=X-PNPBzF084: attempt 2/6 failed (client=tv_simply): ERROR: [youtube] X-PNPBzF084: Requested format is not available. Use --list-formats for a list of available formats -- retrying in 8s
Deprecated Feature: Support for Python version 3.10 has been deprecated. Please update to Python 3.11 or above
ERROR: [youtube] X-PNPBzF084: Requested format is not available. Use --list-formats for a list of available formats
06:52:14 WARNING yt2ds.stages.download: https://www.youtube.com/watch?v=X-PNPBzF084: attempt 3/6 failed (client=web_safari): ERROR: [youtube] X-PNPBzF084: Requested format is not available. Use --list-formats for a list of available formats -- retrying in 12s
Deprecated Feature: Support for Python version 3.10 has been deprecated. Please update to Python 3.11 or above
06:52:32 INFO    yt2ds.stages.download: https://www.youtube.com/watch?v=X-PNPBzF084: succeeded on attempt 4 (client=android_vr)
06:52:33 INFO    yt2ds.stages.diarize: diarizer: 220 turns, 1 speakers, 0 overlap regions
06:52:33 INFO    yt2ds.pipeline: jDlKCN_IMs4: 1 speakers, 220 turns
06:52:41 INFO    yt2ds.stages.vad: jDlKCN_IMs4.16k: 72 speech regions, 982.2s speech of 998.0s (98%)
06:52:41 INFO    yt2ds.pipeline: jDlKCN_IMs4: 156 candidate chunks
/home/ai2/saudi-youtube-data/youtube-to-dataset/src/yt2ds/stages/align.py:223: UserWarning: torchaudio.functional._alignment.forced_align has been deprecated. This deprecation is part of a large refactoring effort to transition TorchAudio into a maintenance phase. Please see https://github.com/pytorch/audio/issues/3902 for more information. It will be removed from the 2.9 release. 
  paths, scores = AF.forced_align(emissions, targets, blank=blank_id)
06:53:41 INFO    yt2ds.pipeline: jDlKCN_IMs4: aligned 2337/2337 subtitle words
06:53:43 INFO    yt2ds.pipeline: jDlKCN_IMs4: kept 111, rejected 45, 10.0 min of audio in 109s
06:53:43 INFO    yt2ds.pipeline: jDlKCN_IMs4: freed 142 MB
06:53:43 INFO    yt2ds.pipeline: [175/1130] 6KZXO3IB_eA -- حبي الاول صار سلفي 😱..؟ اللي صار عمري ماتوقعته..😭🔥💔..؟
Deprecated Feature: Support for Python version 3.10 has been deprecated. Please update to Python 3.11 or above
Deprecated Feature: Support for Python version 3.10 has been deprecated. Please update to Python 3.11 or above
06:53:52 INFO    yt2ds.pipeline: 6KZXO3IB_eA: 1200.5s of audio, -16.3 LUFS
06:53:52 INFO    yt2ds.pipeline: 6KZXO3IB_eA: 2811 subtitle words (yt_auto, ar)
06:53:52 INFO    yt2ds.stages.diarize: diarizing 6KZXO3IB_eA
06:54:29 INFO    yt2ds.stages.diarize: diarizer: 237 turns, 1 speakers, 0 overlap regions
06:54:29 INFO    yt2ds.pipeline: 6KZXO3IB_eA: 1 speakers, 237 turns
06:54:39 INFO    yt2ds.stages.vad: 6KZXO3IB_eA.16k: 91 speech regions, 1171.6s speech of 1200.5s (98%)
06:54:39 INFO    yt2ds.pipeline: 6KZXO3IB_eA: 171 candidate chunks
/home/ai2/saudi-youtube-data/youtube-to-dataset/src/yt2ds/stages/align.py:223: UserWarning: torchaudio.functional._alignment.forced_align has been deprecated. This deprecation is part of a large refactoring effort to transition TorchAudio into a maintenance phase. Please see https://github.com/pytorch/audio/issues/3902 for more information. It will be removed from the 2.9 release. 
  paths, scores = AF.forced_align(emissions, targets, blank=blank_id)
06:55:52 INFO    yt2ds.pipeline: 6KZXO3IB_eA: aligned 2811/2811 subtitle words
06:55:54 INFO    yt2ds.pipeline: 6KZXO3IB_eA: kept 128, rejected 43, 14.0 min of audio in 130s
06:55:54 INFO    yt2ds.pipeline: 6KZXO3IB_eA: freed 171 MB
06:55:54 INFO    yt2ds.pipeline: [176/1130] Dt5DEhgpmCs -- السحر اللي ما انقطع. ../طلقني وماطلقني سحره ..😱🔥💔....؟
Deprecated Feature: Support for Python version 3.10 has been deprecated. Please update to Python 3.11 or above
Deprecated Feature: Support for Python version 3.10 has been deprecated. Please update to Python 3.11 or above
06:56:03 INFO    yt2ds.pipeline: Dt5DEhgpmCs: 1408.0s of audio, -16.6 LUFS
06:56:03 INFO    yt2ds.pipeline: Dt5DEhgpmCs: 3416 subtitle words (yt_auto, ar)
06:56:03 INFO    yt2ds.stages.diarize: diarizing Dt5DEhgpmCs
06:56:46 INFO    yt2ds.stages.diarize: diarizer: 319 turns, 1 speakers, 0 overlap regions
06:56:46 INFO    yt2ds.pipeline: Dt5DEhgpmCs: 1 speakers, 319 turns
06:56:58 INFO    yt2ds.stages.vad: Dt5DEhgpmCs.16k: 164 speech regions, 1363.7s speech of 1408.0s (97%)
06:56:58 INFO    yt2ds.pipeline: Dt5DEhgpmCs: 235 candidate chunks
/home/ai2/saudi-youtube-data/youtube-to-dataset/src/yt2ds/stages/align.py:223: UserWarning: torchaudio.functional._alignment.forced_align has been deprecated. This deprecation is part of a large refactoring effort to transition TorchAudio into a maintenance phase. Please see https://github.com/pytorch/audio/issues/3902 for more information. It will be removed from the 2.9 release. 
  paths, scores = AF.forced_align(emissions, targets, blank=blank_id)
06:58:26 INFO    yt2ds.pipeline: Dt5DEhgpmCs: aligned 3416/3416 subtitle words
06:58:29 INFO    yt2ds.pipeline: Dt5DEhgpmCs: kept 189, rejected 46, 18.3 min of audio in 154s
06:58:29 INFO    yt2ds.pipeline: Dt5DEhgpmCs: freed 200 MB
06:58:29 INFO    yt2ds.pipeline: [177/1130] 2Ub2940xdqY -- اختي تسرق عطور امي للمتزوجات..🙆‍♀️💔..؟ /اللي صار لها عمري ما اتخطاه..😭🔥.؟
Deprecated Feature: Support for Python version 3.10 has been deprecated. Please update to Python 3.11 or above
Deprecated Feature: Support for Python version 3.10 has been deprecated. Please update to Python 3.11 or above
06:58:38 INFO    yt2ds.pipeline: 2Ub2940xdqY: 1330.2s of audio, -16.9 LUFS
06:58:38 INFO    yt2ds.pipeline: 2Ub2940xdqY: 3181 subtitle words (yt_auto, ar)
06:58:38 INFO    yt2ds.stages.diarize: diarizing 2Ub2940xdqY
06:59:19 INFO    yt2ds.stages.diarize: diarizer: 255 turns, 1 speakers, 0 overlap regions
06:59:19 INFO    yt2ds.pipeline: 2Ub2940xdqY: 1 speakers, 255 turns
06:59:30 INFO    yt2ds.stages.vad: 2Ub2940xdqY.16k: 110 speech regions, 1298.4s speech of 1330.2s (98%)
06:59:30 INFO    yt2ds.pipeline: 2Ub2940xdqY: 194 candidate chunks
/home/ai2/saudi-youtube-data/youtube-to-dataset/src/yt2ds/stages/align.py:223: UserWarning: torchaudio.functional._alignment.forced_align has been deprecated. This deprecation is part of a large refactoring effort to transition TorchAudio into a maintenance phase. Please see https://github.com/pytorch/audio/issues/3902 for more information. It will be removed from the 2.9 release. 
  paths, scores = AF.forced_align(emissions, targets, blank=blank_id)
07:00:51 INFO    yt2ds.pipeline: 2Ub2940xdqY: aligned 3181/3181 subtitle words
07:00:54 INFO    yt2ds.pipeline: 2Ub2940xdqY: kept 171, rejected 23, 18.6 min of audio in 144s
07:00:54 INFO    yt2ds.pipeline: 2Ub2940xdqY: freed 189 MB
07:00:54 INFO    yt2ds.pipeline: [178/1130] X-PNPBzF084 -- شيخ راقي يقول لاهلي بنتكم مو بنت والسبب من الجن😱..؟ اللي صار أغرب من الخيال😭💔🔥
Deprecated Feature: Support for Python version 3.10 has been deprecated. Please update to Python 3.11 or above
Deprecated Feature: Support for Python version 3.10 has been deprecated. Please update to Python 3.11 or above
07:01:06 INFO    yt2ds.pipeline: X-PNPBzF084: 1800.9s of audio, -16.4 LUFS
07:01:06 INFO    yt2ds.pipeline: X-PNPBzF084: 4483 subtitle words (yt_auto, ar)
07:01:06 INFO    yt2ds.stages.diarize: diarizing X-PNPBzF084
07:01:59 INFO    yt2ds.stages.diarize: diarizer: 345 turns, 2 speakers, 0 overlap regions
07:01:59 INFO    yt2ds.pipeline: X-PNPBzF084: 2 speakers, 345 turns
07:01:59 INFO    yt2ds.stages.diarize: collapsing 2 speakers to 1 (100% of speech)
07:02:14 INFO    yt2ds.stages.vad: X-PNPBzF084.16k: 116 speech regions, 1739.3s speech of 1800.9s (97%)
07:02:14 INFO    yt2ds.pipeline: X-PNPBzF084: 258 candidate chunks
/home/ai2/saudi-youtube-data/youtube-to-dataset/src/yt2ds/stages/align.py:223: UserWarning: torchaudio.functional._alignment.forced_align has been deprecated. This deprecation is part of a large refactoring effort to transition TorchAudio into a maintenance phase. Please see https://github.com/pytorch/audio/issues/3902 for more information. It will be removed from the 2.9 release. 
  paths, scores = AF.forced_align(emissions, targets, blank=blank_id)
07:04:01 INFO    yt2ds.pipeline: X-PNPBzF084: aligned 4483/4483 subtitle words
07:04:04 INFO    yt2ds.pipeline: X-PNPBzF084: kept 197, rejected 61, 21.9 min of audio in 189s
07:04:04 INFO    yt2ds.pipeline: X-PNPBzF084: freed 256 MB
07:04:04 INFO    yt2ds.pipeline: [179/1130] uTaMTHwAVko -- شافوا اختي وطلعت لاخوهم انا 😱/... زواج بالخطأ واللي صار ..؟😭💔🔥
Deprecated Feature: Support for Python version 3.10 has been deprecated. Please update to Python 3.11 or above
Deprecated Feature: Support for Python version 3.10 has been deprecated. Please update to Python 3.11 or above
07:04:12 INFO    yt2ds.pipeline: uTaMTHwAVko: 1021.6s of audio, -16.4 LUFS
07:04:12 INFO    yt2ds.pipeline: uTaMTHwAVko: 2487 subtitle words (yt_auto, ar)
07:04:12 INFO    yt2ds.stages.diarize: diarizing uTaMTHwAVko
07:04:45 INFO    yt2ds.stages.diarize: diarizer: 202 turns, 2 speakers, 0 overlap regions
07:04:45 INFO    yt2ds.pipeline: uTaMTHwAVko: 2 speakers, 202 turns
07:04:45 INFO    yt2ds.stages.diarize: collapsing 2 speakers to 2 (100% of speech)
07:04:53 INFO    yt2ds.stages.vad: uTaMTHwAVko.16k: 101 speech regions, 992.0s speech of 1021.6s (97%)
07:04:53 INFO    yt2ds.pipeline: uTaMTHwAVko: 159 candidate chunks
/home/ai2/saudi-youtube-data/youtube-to-dataset/src/yt2ds/stages/align.py:223: UserWarning: torchaudio.functional._alignment.forced_align has been deprecated. This deprecation is part of a large refactoring effort to transition TorchAudio into a maintenance phase. Please see https://github.com/pytorch/audio/issues/3902 for more information. It will be removed from the 2.9 release. 
  paths, scores = AF.forced_align(emissions, targets, blank=blank_id)
07:05:55 INFO    yt2ds.pipeline: uTaMTHwAVko: aligned 2487/2487 subtitle words
07:05:57 INFO    yt2ds.pipeline: uTaMTHwAVko: kept 111, rejected 48, 10.8 min of audio in 112s
07:05:57 INFO    yt2ds.pipeline: uTaMTHwAVko: freed 146 MB
07:05:57 INFO    yt2ds.pipeline: [180/1130] bX441pXxh9g -- رفضت زواج ابوي حزنا على امي 😭.. / مادريت اني بكون مكانها بس وانا حيه😱😭💔🔥..؟
Deprecated Feature: Support for Python version 3.10 has been deprecated. Please update to Python 3.11 or above
Deprecated Feature: Support for Python version 3.10 has been deprecated. Please update to Python 3.11 or above
07:06:11 INFO    yt2ds.pipeline: bX441pXxh9g: 2163.9s of audio, -16.3 LUFS
07:06:11 INFO    yt2ds.pipeline: bX441pXxh9g: 5010 subtitle words (yt_auto, ar)
07:06:11 INFO    yt2ds.stages.diarize: diarizing bX441pXxh9g
07:07:13 INFO    yt2ds.stages.diarize: diarizer: 469 turns, 1 speakers, 0 overlap regions
07:07:14 INFO    yt2ds.pipeline: bX441pXxh9g: 1 speakers, 469 turns
07:07:32 INFO    yt2ds.stages.vad: bX441pXxh9g.16k: 227 speech regions, 2109.3s speech of 2163.9s (97%)
07:07:32 INFO    yt2ds.pipeline: bX441pXxh9g: 335 candidate chunks
07:09:16 INFO    yt2ds.stages.speakers: bX441pXxh9g_SPK1: dropped 3/333 chunks as off-centroid
/home/ai2/saudi-youtube-data/youtube-to-dataset/src/yt2ds/stages/align.py:223: UserWarning: torchaudio.functional._alignment.forced_align has been deprecated. This deprecation is part of a large refactoring effort to transition TorchAudio into a maintenance phase. Please see https://github.com/pytorch/audio/issues/3902 for more information. It will be removed from the 2.9 release. 
  paths, scores = AF.forced_align(emissions, targets, blank=blank_id)
07:09:47 INFO    yt2ds.pipeline: bX441pXxh9g: aligned 5010/5010 subtitle words
07:09:51 INFO    yt2ds.pipeline: bX441pXxh9g: kept 258, rejected 77, 27.6 min of audio in 233s
07:09:51 INFO    yt2ds.pipeline: bX441pXxh9g: freed 308 MB
07:09:51 INFO    yt2ds.pipeline: [181/1130] vlfKvJ1uUI4 -- بين غيرة امي اللي ربتني وجفاء امي اللي ولدتني .../صدمه كبيره💔🔥😭..؟
Deprecated Feature: Support for Python version 3.10 has been deprecated. Please update to Python 3.11 or above
Deprecated Feature: Support for Python version 3.10 has been deprecated. Please update to Python 3.11 or above
07:09:58 INFO    yt2ds.pipeline: vlfKvJ1uUI4: 965.9s of audio, -17.2 LUFS
07:09:59 INFO    yt2ds.pipeline: vlfKvJ1uUI4: 2042 subtitle words (yt_auto, ar)
07:09:59 INFO    yt2ds.stages.diarize: diarizing vlfKvJ1uUI4
07:10:29 INFO    yt2ds.stages.diarize: diarizer: 215 turns, 2 speakers, 0 overlap regions
07:10:29 INFO    yt2ds.pipeline: vlfKvJ1uUI4: 2 speakers, 215 turns
07:10:29 INFO    yt2ds.stages.diarize: collapsing 2 speakers to 1 (100% of speech)
07:10:38 INFO    yt2ds.stages.vad: vlfKvJ1uUI4.16k: 68 speech regions, 929.4s speech of 965.9s (96%)
07:10:38 INFO    yt2ds.pipeline: vlfKvJ1uUI4: 151 candidate chunks
/home/ai2/saudi-youtube-data/youtube-to-dataset/src/yt2ds/stages/align.py:223: UserWarning: torchaudio.functional._alignment.forced_align has been deprecated. This deprecation is part of a large refactoring effort to transition TorchAudio into a maintenance phase. Please see https://github.com/pytorch/audio/issues/3902 for more information. It will be removed from the 2.9 release. 
  paths, scores = AF.forced_align(emissions, targets, blank=blank_id)
07:11:36 INFO    yt2ds.pipeline: vlfKvJ1uUI4: aligned 2042/2042 subtitle words
07:11:38 INFO    yt2ds.pipeline: vlfKvJ1uUI4: kept 121, rejected 30, 12.4 min of audio in 106s
07:11:38 INFO    yt2ds.pipeline: vlfKvJ1uUI4: freed 137 MB
07:11:38 INFO    yt2ds.pipeline: [182/1130] e8x89H1sY58 -- سلفتي وولدي  اللي صار  صدمه..😱💔. ؟
Deprecated Feature: Support for Python version 3.10 has been deprecated. Please update to Python 3.11 or above
Deprecated Feature: Support for Python version 3.10 has been deprecated. Please update to Python 3.11 or above
07:11:45 INFO    yt2ds.pipeline: e8x89H1sY58: 976.9s of audio, -16.6 LUFS
07:11:45 INFO    yt2ds.pipeline: e8x89H1sY58: 2327 subtitle words (yt_auto, ar)
07:11:45 INFO    yt2ds.stages.diarize: diarizing e8x89H1sY58
07:12:17 INFO    yt2ds.stages.diarize: diarizer: 168 turns, 1 speakers, 0 overlap regions
07:12:17 INFO    yt2ds.pipeline: e8x89H1sY58: 1 speakers, 168 turns
07:12:25 INFO    yt2ds.stages.vad: e8x89H1sY58.16k: 52 speech regions, 963.5s speech of 976.9s (99%)
07:12:25 INFO    yt2ds.pipeline: e8x89H1sY58: 132 candidate chunks
/home/ai2/saudi-youtube-data/youtube-to-dataset/src/yt2ds/stages/align.py:223: UserWarning: torchaudio.functional._alignment.forced_align has been deprecated. This deprecation is part of a large refactoring effort to transition TorchAudio into a maintenance phase. Please see https://github.com/pytorch/audio/issues/3902 for more information. It will be removed from the 2.9 release. 
  paths, scores = AF.forced_align(emissions, targets, blank=blank_id)
07:13:24 INFO    yt2ds.pipeline: e8x89H1sY58: aligned 2327/2327 subtitle words
07:13:25 INFO    yt2ds.pipeline: e8x89H1sY58: kept 104, rejected 28, 12.4 min of audio in 106s
07:13:25 INFO    yt2ds.pipeline: e8x89H1sY58: freed 139 MB
07:13:25 INFO    yt2ds.pipeline: [183/1130] ilM-eQOo2Rc -- دخلت لبيتي حرمه غريبه وقالت لي  سر  هدد حياتي😱/ ....اللي قالته ماتوقعته💔🔥😭..؟
Deprecated Feature: Support for Python version 3.10 has been deprecated. Please update to Python 3.11 or above
ERROR: [youtube] FI6fotBpo7A: Private video. Sign in if you've been granted access to this video. Use --cookies-from-browser or --cookies for the authentication. See  https://github.com/yt-dlp/yt-dlp/wiki/FAQ#how-do-i-pass-cookies-to-yt-dlp  for how to manually pass cookies. Also see  https://github.com/yt-dlp/yt-dlp/wiki/Extractors#exporting-youtube-cookies  for tips on effectively exporting YouTube cookies
07:13:27 WARNING yt2ds.stages.download: https://www.youtube.com/watch?v=FI6fotBpo7A: ERROR: [youtube] FI6fotBpo7A: Private video. Sign in if you've been granted access to this video. Use --cookies-from-browser or --cookies for the authentication. See  https://github.com/yt-dlp/yt-dlp/wiki/FAQ#how-do-i-pass-cookies-to-yt-dlp  for how to manually pass cookies. Also see  https://github.com/yt-dlp/yt-dlp/wiki/Extractors#exporting-youtube-cookies  for tips on effectively exporting YouTube cookies (not retrying)
07:13:27 ERROR   yt2ds.pipeline: https://www.youtube.com/watch?v=FI6fotBpo7A: probe failed: ERROR: [youtube] FI6fotBpo7A: Private video. Sign in if you've been granted access to this video. Use --cookies-from-browser or --cookies for the authentication. See  https://github.com/yt-dlp/yt-dlp/wiki/FAQ#how-do-i-pass-cookies-to-yt-dlp  for how to manually pass cookies. Also see  https://github.com/yt-dlp/yt-dlp/wiki/Extractors#exporting-youtube-cookies  for tips on effectively exporting YouTube cookies
07:13:34 INFO    yt2ds.pipeline: ilM-eQOo2Rc: 1244.6s of audio, -16.4 LUFS
07:13:34 INFO    yt2ds.pipeline: ilM-eQOo2Rc: 3054 subtitle words (yt_auto, ar)
07:13:34 INFO    yt2ds.stages.diarize: diarizing ilM-eQOo2Rc
07:14:12 INFO    yt2ds.stages.diarize: diarizer: 261 turns, 1 speakers, 0 overlap regions
07:14:12 INFO    yt2ds.pipeline: ilM-eQOo2Rc: 1 speakers, 261 turns
07:14:23 INFO    yt2ds.stages.vad: ilM-eQOo2Rc.16k: 116 speech regions, 1215.5s speech of 1244.6s (98%)
07:14:23 INFO    yt2ds.pipeline: ilM-eQOo2Rc: 197 candidate chunks
/home/ai2/saudi-youtube-data/youtube-to-dataset/src/yt2ds/stages/align.py:223: UserWarning: torchaudio.functional._alignment.forced_align has been deprecated. This deprecation is part of a large refactoring effort to transition TorchAudio into a maintenance phase. Please see https://github.com/pytorch/audio/issues/3902 for more information. It will be removed from the 2.9 release. 
  paths, scores = AF.forced_align(emissions, targets, blank=blank_id)
07:15:39 INFO    yt2ds.pipeline: ilM-eQOo2Rc: aligned 3054/3054 subtitle words
07:15:41 INFO    yt2ds.pipeline: ilM-eQOo2Rc: kept 146, rejected 51, 15.1 min of audio in 134s
07:15:41 INFO    yt2ds.pipeline: ilM-eQOo2Rc: freed 177 MB
07:15:41 INFO    yt2ds.pipeline: [184/1130] qpP9lYXuKlM -- شرطت على اهلي اني مادخل بيتهم واختي موجوده .😪😭/.والسبب ولدها واللي سواه مع ولدي..😱🔥💔؟
Deprecated Feature: Support for Python version 3.10 has been deprecated. Please update to Python 3.11 or above
Deprecated Feature: Support for Python version 3.10 has been deprecated. Please update to Python 3.11 or above
07:15:52 INFO    yt2ds.pipeline: qpP9lYXuKlM: 1523.4s of audio, -16.4 LUFS
07:15:52 INFO    yt2ds.pipeline: qpP9lYXuKlM: 3490 subtitle words (yt_auto, ar)
07:15:52 INFO    yt2ds.stages.diarize: diarizing qpP9lYXuKlM
07:16:37 INFO    yt2ds.stages.diarize: diarizer: 279 turns, 1 speakers, 0 overlap regions
07:16:37 INFO    yt2ds.pipeline: qpP9lYXuKlM: 1 speakers, 279 turns
07:16:50 INFO    yt2ds.stages.vad: qpP9lYXuKlM.16k: 143 speech regions, 1490.4s speech of 1523.4s (98%)
07:16:50 INFO    yt2ds.pipeline: qpP9lYXuKlM: 220 candidate chunks
/home/ai2/saudi-youtube-data/youtube-to-dataset/src/yt2ds/stages/align.py:223: UserWarning: torchaudio.functional._alignment.forced_align has been deprecated. This deprecation is part of a large refactoring effort to transition TorchAudio into a maintenance phase. Please see https://github.com/pytorch/audio/issues/3902 for more information. It will be removed from the 2.9 release. 
  paths, scores = AF.forced_align(emissions, targets, blank=blank_id)
07:18:24 INFO    yt2ds.pipeline: qpP9lYXuKlM: aligned 3490/3490 subtitle words
07:18:27 INFO    yt2ds.pipeline: qpP9lYXuKlM: kept 174, rejected 46, 19.2 min of audio in 165s
07:18:27 INFO    yt2ds.pipeline: qpP9lYXuKlM: freed 217 MB
07:18:27 INFO    yt2ds.pipeline: [185/1130] b8IzMl1E4q8 -- جدتي حرمتني من امي والسبب ..😭/ ماتوقعت ان خالي بينصفني..؟ اللي صار 💔🔥
Deprecated Feature: Support for Python version 3.10 has been deprecated. Please update to Python 3.11 or above
Deprecated Feature: Support for Python version 3.10 has been deprecated. Please update to Python 3.11 or above
07:18:37 INFO    yt2ds.pipeline: b8IzMl1E4q8: 1700.9s of audio, -16.4 LUFS
07:18:37 INFO    yt2ds.pipeline: b8IzMl1E4q8: 4067 subtitle words (yt_auto, ar)
07:18:37 INFO    yt2ds.stages.diarize: diarizing b8IzMl1E4q8
07:19:27 INFO    yt2ds.stages.diarize: diarizer: 352 turns, 1 speakers, 0 overlap regions
07:19:27 INFO    yt2ds.pipeline: b8IzMl1E4q8: 1 speakers, 352 turns
07:19:41 INFO    yt2ds.stages.vad: b8IzMl1E4q8.16k: 119 speech regions, 1670.8s speech of 1700.9s (98%)
07:19:41 INFO    yt2ds.pipeline: b8IzMl1E4q8: 264 candidate chunks
07:21:02 INFO    yt2ds.stages.speakers: b8IzMl1E4q8_SPK1: dropped 1/262 chunks as off-centroid
/home/ai2/saudi-youtube-data/youtube-to-dataset/src/yt2ds/stages/align.py:223: UserWarning: torchaudio.functional._alignment.forced_align has been deprecated. This deprecation is part of a large refactoring effort to transition TorchAudio into a maintenance phase. Please see https://github.com/pytorch/audio/issues/3902 for more information. It will be removed from the 2.9 release. 
  paths, scores = AF.forced_align(emissions, targets, blank=blank_id)
07:21:28 INFO    yt2ds.pipeline: b8IzMl1E4q8: aligned 4067/4067 subtitle words
07:21:31 INFO    yt2ds.pipeline: b8IzMl1E4q8: kept 217, rejected 47, 22.5 min of audio in 183s
07:21:31 INFO    yt2ds.pipeline: b8IzMl1E4q8: freed 242 MB
07:21:31 INFO    yt2ds.pipeline: [186/1130] ODY0HzyfDgs -- بنتي كانت سبب في اني اكشف خيانه زوجي ..😭.../ واللي يخوني معاها صدمه؟💔🔥؟#كيد_النساء
Deprecated Feature: Support for Python version 3.10 has been deprecated. Please update to Python 3.11 or above
Deprecated Feature: Support for Python version 3.10 has been deprecated. Please update to Python 3.11 or above
07:21:40 INFO    yt2ds.pipeline: ODY0HzyfDgs: 1321.8s of audio, -16.4 LUFS
07:21:40 INFO    yt2ds.pipeline: ODY0HzyfDgs: 3055 subtitle words (yt_auto, ar)
07:21:40 INFO    yt2ds.stages.diarize: diarizing ODY0HzyfDgs
07:22:21 INFO    yt2ds.stages.diarize: diarizer: 250 turns, 2 speakers, 0 overlap regions
07:22:21 INFO    yt2ds.pipeline: ODY0HzyfDgs: 2 speakers, 250 turns
07:22:21 INFO    yt2ds.stages.diarize: collapsing 2 speakers to 2 (100% of speech)
07:22:32 INFO    yt2ds.stages.vad: ODY0HzyfDgs.16k: 104 speech regions, 1264.7s speech of 1321.8s (96%)
07:22:32 INFO    yt2ds.pipeline: ODY0HzyfDgs: 200 candidate chunks
/home/ai2/saudi-youtube-data/youtube-to-dataset/src/yt2ds/stages/align.py:223: UserWarning: torchaudio.functional._alignment.forced_align has been deprecated. This deprecation is part of a large refactoring effort to transition TorchAudio into a maintenance phase. Please see https://github.com/pytorch/audio/issues/3902 for more information. It will be removed from the 2.9 release. 
  paths, scores = AF.forced_align(emissions, targets, blank=blank_id)
07:23:46 INFO    yt2ds.pipeline: ODY0HzyfDgs: aligned 3055/3055 subtitle words
07:23:49 INFO    yt2ds.pipeline: ODY0HzyfDgs: kept 160, rejected 40, 16.8 min of audio in 136s
07:23:49 INFO    yt2ds.pipeline: ODY0HzyfDgs: freed 188 MB
Deprecated Feature: Support for Python version 3.10 has been deprecated. Please update to Python 3.11 or above
07:23:49 INFO    yt2ds.pipeline: [188/1130] T3g23kxqzQE -- ضرتي تسب اهل زوجي معاي ..؟ والصدمه انها خلت ام زوجي عندي عشان..؟اللي صار..🔥😭💔🔥
Deprecated Feature: Support for Python version 3.10 has been deprecated. Please update to Python 3.11 or above
Deprecated Feature: Support for Python version 3.10 has been deprecated. Please update to Python 3.11 or above
Deprecated Feature: Support for Python version 3.10 has been deprecated. Please update to Python 3.11 or above
07:23:58 INFO    yt2ds.pipeline: T3g23kxqzQE: 1215.5s of audio, -16.7 LUFS
07:23:58 INFO    yt2ds.pipeline: T3g23kxqzQE: 2803 subtitle words (yt_auto, ar)
07:23:58 INFO    yt2ds.stages.diarize: diarizing T3g23kxqzQE
07:24:37 INFO    yt2ds.stages.diarize: diarizer: 238 turns, 1 speakers, 0 overlap regions
07:24:37 INFO    yt2ds.pipeline: T3g23kxqzQE: 1 speakers, 238 turns
07:24:47 INFO    yt2ds.stages.vad: T3g23kxqzQE.16k: 94 speech regions, 1193.0s speech of 1215.5s (98%)
07:24:47 INFO    yt2ds.pipeline: T3g23kxqzQE: 180 candidate chunks
/home/ai2/saudi-youtube-data/youtube-to-dataset/src/yt2ds/stages/align.py:223: UserWarning: torchaudio.functional._alignment.forced_align has been deprecated. This deprecation is part of a large refactoring effort to transition TorchAudio into a maintenance phase. Please see https://github.com/pytorch/audio/issues/3902 for more information. It will be removed from the 2.9 release. 
  paths, scores = AF.forced_align(emissions, targets, blank=blank_id)
07:25:58 INFO    yt2ds.pipeline: T3g23kxqzQE: aligned 2803/2803 subtitle words
07:26:00 INFO    yt2ds.pipeline: T3g23kxqzQE: kept 164, rejected 16, 17.5 min of audio in 130s
07:26:00 INFO    yt2ds.pipeline: T3g23kxqzQE: freed 173 MB
07:26:00 INFO    yt2ds.pipeline: [189/1130] 1BO1LJlQG68 -- اخواني قاطعوا ابوي عشان شخص قلهم ان عنده ...😭💔.؟؟ اللي صار مأساه..🔥
Deprecated Feature: Support for Python version 3.10 has been deprecated. Please update to Python 3.11 or above
Deprecated Feature: Support for Python version 3.10 has been deprecated. Please update to Python 3.11 or above
07:26:08 INFO    yt2ds.pipeline: 1BO1LJlQG68: 1080.8s of audio, -16.1 LUFS
07:26:08 INFO    yt2ds.pipeline: 1BO1LJlQG68: 2527 subtitle words (yt_auto, ar)
07:26:08 INFO    yt2ds.stages.diarize: diarizing 1BO1LJlQG68
07:26:42 INFO    yt2ds.stages.diarize: diarizer: 207 turns, 2 speakers, 0 overlap regions
07:26:42 INFO    yt2ds.pipeline: 1BO1LJlQG68: 2 speakers, 207 turns
07:26:42 INFO    yt2ds.stages.diarize: collapsing 2 speakers to 2 (100% of speech)
07:26:51 INFO    yt2ds.stages.vad: 1BO1LJlQG68.16k: 123 speech regions, 1039.5s speech of 1080.8s (96%)
07:26:51 INFO    yt2ds.pipeline: 1BO1LJlQG68: 169 candidate chunks
/home/ai2/saudi-youtube-data/youtube-to-dataset/src/yt2ds/stages/align.py:223: UserWarning: torchaudio.functional._alignment.forced_align has been deprecated. This deprecation is part of a large refactoring effort to transition TorchAudio into a maintenance phase. Please see https://github.com/pytorch/audio/issues/3902 for more information. It will be removed from the 2.9 release. 
  paths, scores = AF.forced_align(emissions, targets, blank=blank_id)
07:27:59 INFO    yt2ds.pipeline: 1BO1LJlQG68: aligned 2527/2527 subtitle words
07:28:01 INFO    yt2ds.pipeline: 1BO1LJlQG68: kept 136, rejected 33, 13.6 min of audio in 120s
07:28:01 INFO    yt2ds.pipeline: 1BO1LJlQG68: freed 154 MB
07:28:01 INFO    yt2ds.pipeline: [190/1130] STQjngR1SIA -- زوجة عمي عشان أوافق على ولدها .. خلت بنتها تخدع المملك..😱🔥/ اللي صار مأساة..😭💔..؟
Deprecated Feature: Support for Python version 3.10 has been deprecated. Please update to Python 3.11 or above
Deprecated Feature: Support for Python version 3.10 has been deprecated. Please update to Python 3.11 or above
07:28:14 INFO    yt2ds.pipeline: STQjngR1SIA: 1800.3s of audio, -16.4 LUFS
07:28:14 INFO    yt2ds.pipeline: STQjngR1SIA: 4264 subtitle words (yt_auto, ar)
07:28:14 INFO    yt2ds.stages.diarize: diarizing STQjngR1SIA
07:29:08 INFO    yt2ds.stages.diarize: diarizer: 360 turns, 2 speakers, 0 overlap regions
07:29:08 INFO    yt2ds.pipeline: STQjngR1SIA: 2 speakers, 360 turns
07:29:08 INFO    yt2ds.stages.diarize: collapsing 2 speakers to 2 (100% of speech)
07:29:23 INFO    yt2ds.stages.vad: STQjngR1SIA.16k: 214 speech regions, 1696.2s speech of 1800.3s (94%)
07:29:23 INFO    yt2ds.pipeline: STQjngR1SIA: 279 candidate chunks
07:30:51 INFO    yt2ds.stages.speakers: STQjngR1SIA_SPK2: dropped 1/277 chunks as off-centroid
/home/ai2/saudi-youtube-data/youtube-to-dataset/src/yt2ds/stages/align.py:223: UserWarning: torchaudio.functional._alignment.forced_align has been deprecated. This deprecation is part of a large refactoring effort to transition TorchAudio into a maintenance phase. Please see https://github.com/pytorch/audio/issues/3902 for more information. It will be removed from the 2.9 release. 
  paths, scores = AF.forced_align(emissions, targets, blank=blank_id)
07:31:19 INFO    yt2ds.pipeline: STQjngR1SIA: aligned 4264/4264 subtitle words
07:31:23 INFO    yt2ds.pipeline: STQjngR1SIA: kept 225, rejected 54, 22.6 min of audio in 200s
07:31:23 INFO    yt2ds.pipeline: STQjngR1SIA: freed 255 MB
07:31:23 INFO    yt2ds.pipeline: [191/1130] cPQh4I7SAyM -- بعد مانجبرت اني ارجع زوجتي تفاجئت من اللي سواه ابوي وصديقه لي...🫣💔🔥..؟
Deprecated Feature: Support for Python version 3.10 has been deprecated. Please update to Python 3.11 or above
Deprecated Feature: Support for Python version 3.10 has been deprecated. Please update to Python 3.11 or above
07:31:33 INFO    yt2ds.pipeline: cPQh4I7SAyM: 1629.4s of audio, -16.6 LUFS
07:31:33 INFO    yt2ds.pipeline: cPQh4I7SAyM: 3752 subtitle words (yt_auto, ar)
07:31:33 INFO    yt2ds.stages.diarize: diarizing cPQh4I7SAyM
07:32:22 INFO    yt2ds.stages.diarize: diarizer: 331 turns, 1 speakers, 0 overlap regions
07:32:22 INFO    yt2ds.pipeline: cPQh4I7SAyM: 1 speakers, 331 turns
07:32:35 INFO    yt2ds.stages.vad: cPQh4I7SAyM.16k: 142 speech regions, 1595.9s speech of 1629.4s (98%)
07:32:35 INFO    yt2ds.pipeline: cPQh4I7SAyM: 243 candidate chunks
07:33:54 INFO    yt2ds.stages.speakers: cPQh4I7SAyM_SPK1: dropped 1/243 chunks as off-centroid
/home/ai2/saudi-youtube-data/youtube-to-dataset/src/yt2ds/stages/align.py:223: UserWarning: torchaudio.functional._alignment.forced_align has been deprecated. This deprecation is part of a large refactoring effort to transition TorchAudio into a maintenance phase. Please see https://github.com/pytorch/audio/issues/3902 for more information. It will be removed from the 2.9 release. 
  paths, scores = AF.forced_align(emissions, targets, blank=blank_id)
07:34:18 INFO    yt2ds.pipeline: cPQh4I7SAyM: aligned 3752/3752 subtitle words
07:34:21 INFO    yt2ds.pipeline: cPQh4I7SAyM: kept 210, rejected 33, 22.9 min of audio in 177s
07:34:21 INFO    yt2ds.pipeline: cPQh4I7SAyM: freed 232 MB
07:34:21 INFO    yt2ds.pipeline: [192/1130] aDS0xhKwdnI -- بنتي تهددني تنهي حياتها والسبب ابوها...😱؟ / اللي صار محد يتحمله..💔🔥😭..؟
Deprecated Feature: Support for Python version 3.10 has been deprecated. Please update to Python 3.11 or above
Deprecated Feature: Support for Python version 3.10 has been deprecated. Please update to Python 3.11 or above
07:34:45 INFO    yt2ds.pipeline: aDS0xhKwdnI: 3512.1s of audio, -16.4 LUFS
07:34:45 INFO    yt2ds.pipeline: aDS0xhKwdnI: 8488 subtitle words (yt_auto, ar)
07:34:45 INFO    yt2ds.stages.diarize: diarizing aDS0xhKwdnI
07:36:22 INFO    yt2ds.stages.diarize: diarizer: 735 turns, 2 speakers, 0 overlap regions
07:36:22 INFO    yt2ds.pipeline: aDS0xhKwdnI: 2 speakers, 735 turns
07:36:22 INFO    yt2ds.stages.diarize: collapsing 2 speakers to 1 (100% of speech)
07:36:51 INFO    yt2ds.stages.vad: aDS0xhKwdnI.16k: 312 speech regions, 3440.1s speech of 3512.1s (98%)
07:36:51 INFO    yt2ds.pipeline: aDS0xhKwdnI: 563 candidate chunks
07:39:48 INFO    yt2ds.stages.speakers: aDS0xhKwdnI_SPK1: dropped 2/563 chunks as off-centroid
/home/ai2/saudi-youtube-data/youtube-to-dataset/src/yt2ds/stages/align.py:223: UserWarning: torchaudio.functional._alignment.forced_align has been deprecated. This deprecation is part of a large refactoring effort to transition TorchAudio into a maintenance phase. Please see https://github.com/pytorch/audio/issues/3902 for more information. It will be removed from the 2.9 release. 
  paths, scores = AF.forced_align(emissions, targets, blank=blank_id)
07:40:43 INFO    yt2ds.pipeline: aDS0xhKwdnI: aligned 8488/8488 subtitle words
07:40:50 INFO    yt2ds.pipeline: aDS0xhKwdnI: kept 494, rejected 69, 49.0 min of audio in 387s
07:40:50 INFO    yt2ds.pipeline: aDS0xhKwdnI: freed 499 MB
07:40:50 INFO    yt2ds.pipeline: [193/1130] KCvsmyKPZNQ -- جدتي والشي اللي سوته فيني انا وزوجة ابوي   😱💔🔥..،؟ صدمه عمري ماتوقعتها
Deprecated Feature: Support for Python version 3.10 has been deprecated. Please update to Python 3.11 or above
Deprecated Feature: Support for Python version 3.10 has been deprecated. Please update to Python 3.11 or above
07:41:00 INFO    yt2ds.pipeline: KCvsmyKPZNQ: 1568.5s of audio, -16.5 LUFS
07:41:00 INFO    yt2ds.pipeline: KCvsmyKPZNQ: 3661 subtitle words (yt_auto, ar)
07:41:00 INFO    yt2ds.stages.diarize: diarizing KCvsmyKPZNQ
07:41:47 INFO    yt2ds.stages.diarize: diarizer: 353 turns, 1 speakers, 0 overlap regions
07:41:47 INFO    yt2ds.pipeline: KCvsmyKPZNQ: 1 speakers, 353 turns
07:42:00 INFO    yt2ds.stages.vad: KCvsmyKPZNQ.16k: 138 speech regions, 1536.8s speech of 1568.5s (98%)
07:42:00 INFO    yt2ds.pipeline: KCvsmyKPZNQ: 258 candidate chunks
/home/ai2/saudi-youtube-data/youtube-to-dataset/src/yt2ds/stages/align.py:223: UserWarning: torchaudio.functional._alignment.forced_align has been deprecated. This deprecation is part of a large refactoring effort to transition TorchAudio into a maintenance phase. Please see https://github.com/pytorch/audio/issues/3902 for more information. It will be removed from the 2.9 release. 
  paths, scores = AF.forced_align(emissions, targets, blank=blank_id)
07:43:39 INFO    yt2ds.pipeline: KCvsmyKPZNQ: aligned 3661/3661 subtitle words
07:43:42 INFO    yt2ds.pipeline: KCvsmyKPZNQ: kept 228, rejected 30, 22.1 min of audio in 171s
07:43:42 INFO    yt2ds.pipeline: KCvsmyKPZNQ: freed 223 MB
07:43:42 INFO    yt2ds.pipeline: [194/1130] l_nmowwpUeE -- زوجة اخوي وخواتها كادوا لابوي 😱../وصلت للمحاكم اللي صار..؟💔😭🔥
Deprecated Feature: Support for Python version 3.10 has been deprecated. Please update to Python 3.11 or above
Deprecated Feature: Support for Python version 3.10 has been deprecated. Please update to Python 3.11 or above
07:43:52 INFO    yt2ds.pipeline: l_nmowwpUeE: 1443.3s of audio, -16.2 LUFS
07:43:52 INFO    yt2ds.pipeline: l_nmowwpUeE: 3450 subtitle words (yt_auto, ar)
07:43:52 INFO    yt2ds.stages.diarize: diarizing l_nmowwpUeE
07:44:36 INFO    yt2ds.stages.diarize: diarizer: 297 turns, 1 speakers, 0 overlap regions
07:44:36 INFO    yt2ds.pipeline: l_nmowwpUeE: 1 speakers, 297 turns
07:44:48 INFO    yt2ds.stages.vad: l_nmowwpUeE.16k: 146 speech regions, 1410.7s speech of 1443.3s (98%)
07:44:48 INFO    yt2ds.pipeline: l_nmowwpUeE: 221 candidate chunks
07:45:57 INFO    yt2ds.stages.speakers: l_nmowwpUeE_SPK1: dropped 1/220 chunks as off-centroid
/home/ai2/saudi-youtube-data/youtube-to-dataset/src/yt2ds/stages/align.py:223: UserWarning: torchaudio.functional._alignment.forced_align has been deprecated. This deprecation is part of a large refactoring effort to transition TorchAudio into a maintenance phase. Please see https://github.com/pytorch/audio/issues/3902 for more information. It will be removed from the 2.9 release. 
  paths, scores = AF.forced_align(emissions, targets, blank=blank_id)
07:46:16 INFO    yt2ds.pipeline: l_nmowwpUeE: aligned 3450/3450 subtitle words
07:46:19 INFO    yt2ds.pipeline: l_nmowwpUeE: kept 189, rejected 32, 19.7 min of audio in 156s
07:46:19 INFO    yt2ds.pipeline: l_nmowwpUeE: freed 206 MB
07:46:19 INFO    yt2ds.pipeline: [195/1130] XiMMOoPD6Hc -- ابوي عقدني بالزواج..😔💔..#فضفضه
Deprecated Feature: Support for Python version 3.10 has been deprecated. Please update to Python 3.11 or above
Deprecated Feature: Support for Python version 3.10 has been deprecated. Please update to Python 3.11 or above
07:46:29 INFO    yt2ds.pipeline: XiMMOoPD6Hc: 1370.7s of audio, -16.4 LUFS
07:46:29 INFO    yt2ds.pipeline: XiMMOoPD6Hc: 3296 subtitle words (yt_auto, ar)
07:46:29 INFO    yt2ds.stages.diarize: diarizing XiMMOoPD6Hc
07:47:11 INFO    yt2ds.stages.diarize: diarizer: 279 turns, 1 speakers, 0 overlap regions
07:47:11 INFO    yt2ds.pipeline: XiMMOoPD6Hc: 1 speakers, 279 turns
07:47:23 INFO    yt2ds.stages.vad: XiMMOoPD6Hc.16k: 121 speech regions, 1343.5s speech of 1370.7s (98%)
07:47:23 INFO    yt2ds.pipeline: XiMMOoPD6Hc: 214 candidate chunks
/home/ai2/saudi-youtube-data/youtube-to-dataset/src/yt2ds/stages/align.py:223: UserWarning: torchaudio.functional._alignment.forced_align has been deprecated. This deprecation is part of a large refactoring effort to transition TorchAudio into a maintenance phase. Please see https://github.com/pytorch/audio/issues/3902 for more information. It will be removed from the 2.9 release. 
  paths, scores = AF.forced_align(emissions, targets, blank=blank_id)
07:48:45 INFO    yt2ds.pipeline: XiMMOoPD6Hc: aligned 3296/3296 subtitle words
07:48:47 INFO    yt2ds.pipeline: XiMMOoPD6Hc: kept 164, rejected 50, 17.1 min of audio in 147s
07:48:47 INFO    yt2ds.pipeline: XiMMOoPD6Hc: freed 195 MB
07:48:47 INFO    yt2ds.pipeline: [196/1130] lqHQvx0N0Aw -- صديقاتي  دبروا لي خطه عشان اهرب من بيت ابوي ..😱../اللي صار عمري ماتخطاه..؟🔥😭💔
Deprecated Feature: Support for Python version 3.10 has been deprecated. Please update to Python 3.11 or above
Deprecated Feature: Support for Python version 3.10 has been deprecated. Please update to Python 3.11 or above
07:49:00 INFO    yt2ds.pipeline: lqHQvx0N0Aw: 1821.0s of audio, -16.7 LUFS
07:49:00 INFO    yt2ds.pipeline: lqHQvx0N0Aw: 4278 subtitle words (yt_auto, ar)
07:49:00 INFO    yt2ds.stages.diarize: diarizing lqHQvx0N0Aw
07:49:53 INFO    yt2ds.stages.diarize: diarizer: 384 turns, 1 speakers, 0 overlap regions
07:49:53 INFO    yt2ds.pipeline: lqHQvx0N0Aw: 1 speakers, 384 turns
07:50:08 INFO    yt2ds.stages.vad: lqHQvx0N0Aw.16k: 186 speech regions, 1771.0s speech of 1821.0s (97%)
07:50:08 INFO    yt2ds.pipeline: lqHQvx0N0Aw: 285 candidate chunks
07:51:39 INFO    yt2ds.stages.speakers: lqHQvx0N0Aw_SPK1: dropped 3/284 chunks as off-centroid
/home/ai2/saudi-youtube-data/youtube-to-dataset/src/yt2ds/stages/align.py:223: UserWarning: torchaudio.functional._alignment.forced_align has been deprecated. This deprecation is part of a large refactoring effort to transition TorchAudio into a maintenance phase. Please see https://github.com/pytorch/audio/issues/3902 for more information. It will be removed from the 2.9 release. 
  paths, scores = AF.forced_align(emissions, targets, blank=blank_id)
07:52:07 INFO    yt2ds.pipeline: lqHQvx0N0Aw: aligned 4278/4278 subtitle words
07:52:11 INFO    yt2ds.pipeline: lqHQvx0N0Aw: kept 254, rejected 31, 26.1 min of audio in 202s
07:52:11 INFO    yt2ds.pipeline: lqHQvx0N0Aw: freed 259 MB
07:52:11 INFO    yt2ds.pipeline: [197/1130] APYk52sxrl8 -- بنات اخوي يهددوني عشان رساله صوتيه..؟😱/ وزوجة اخوي تاخذ راتب امي ..😭💔🔥..؟
Deprecated Feature: Support for Python version 3.10 has been deprecated. Please update to Python 3.11 or above
Deprecated Feature: Support for Python version 3.10 has been deprecated. Please update to Python 3.11 or above
07:52:31 INFO    yt2ds.pipeline: APYk52sxrl8: 3326.5s of audio, -16.6 LUFS
07:52:31 INFO    yt2ds.pipeline: APYk52sxrl8: 8179 subtitle words (yt_auto, ar)
07:52:31 INFO    yt2ds.stages.diarize: diarizing APYk52sxrl8
07:54:04 INFO    yt2ds.stages.diarize: diarizer: 613 turns, 1 speakers, 0 overlap regions
07:54:04 INFO    yt2ds.pipeline: APYk52sxrl8: 1 speakers, 613 turns
07:54:31 INFO    yt2ds.stages.vad: APYk52sxrl8.16k: 199 speech regions, 3276.9s speech of 3326.5s (99%)
07:54:32 INFO    yt2ds.pipeline: APYk52sxrl8: 474 candidate chunks
07:57:09 INFO    yt2ds.stages.speakers: APYk52sxrl8_SPK1: dropped 3/474 chunks as off-centroid
/home/ai2/saudi-youtube-data/youtube-to-dataset/src/yt2ds/stages/align.py:223: UserWarning: torchaudio.functional._alignment.forced_align has been deprecated. This deprecation is part of a large refactoring effort to transition TorchAudio into a maintenance phase. Please see https://github.com/pytorch/audio/issues/3902 for more information. It will be removed from the 2.9 release. 
  paths, scores = AF.forced_align(emissions, targets, blank=blank_id)
07:58:00 INFO    yt2ds.pipeline: APYk52sxrl8: aligned 8179/8179 subtitle words
07:58:07 INFO    yt2ds.pipeline: APYk52sxrl8: kept 398, rejected 76, 45.2 min of audio in 354s
07:58:07 INFO    yt2ds.pipeline: APYk52sxrl8: freed 473 MB
07:58:07 INFO    yt2ds.pipeline: [198/1130] UvFkN0MDHWs -- ام زوجتي اجبرتني اني انفذ طلبها بدون مايدري زوجها..😱..؟ وانصدمت من زوجتي انها.. 😭🔥💔...؟
Deprecated Feature: Support for Python version 3.10 has been deprecated. Please update to Python 3.11 or above
Deprecated Feature: Support for Python version 3.10 has been deprecated. Please update to Python 3.11 or above
07:58:18 INFO    yt2ds.pipeline: UvFkN0MDHWs: 1680.4s of audio, -16.8 LUFS
07:58:18 INFO    yt2ds.pipeline: UvFkN0MDHWs: 4047 subtitle words (yt_auto, ar)
07:58:18 INFO    yt2ds.stages.diarize: diarizing UvFkN0MDHWs
07:59:08 INFO    yt2ds.stages.diarize: diarizer: 327 turns, 3 speakers, 1 overlap regions
07:59:08 INFO    yt2ds.pipeline: UvFkN0MDHWs: 3 speakers, 327 turns
07:59:08 INFO    yt2ds.stages.diarize: collapsing 3 speakers to 2 (100% of speech)
07:59:22 INFO    yt2ds.stages.vad: UvFkN0MDHWs.16k: 140 speech regions, 1628.0s speech of 1680.4s (97%)
07:59:22 INFO    yt2ds.stages.segment: overlap removal dropped 0.4s of speech
07:59:22 INFO    yt2ds.pipeline: UvFkN0MDHWs: 249 candidate chunks
/home/ai2/saudi-youtube-data/youtube-to-dataset/src/yt2ds/stages/align.py:223: UserWarning: torchaudio.functional._alignment.forced_align has been deprecated. This deprecation is part of a large refactoring effort to transition TorchAudio into a maintenance phase. Please see https://github.com/pytorch/audio/issues/3902 for more information. It will be removed from the 2.9 release. 
  paths, scores = AF.forced_align(emissions, targets, blank=blank_id)
08:01:07 INFO    yt2ds.pipeline: UvFkN0MDHWs: aligned 4047/4047 subtitle words
08:01:11 INFO    yt2ds.pipeline: UvFkN0MDHWs: kept 235, rejected 14, 25.3 min of audio in 183s
08:01:11 INFO    yt2ds.pipeline: UvFkN0MDHWs: freed 240 MB
08:01:11 INFO    yt2ds.pipeline: [199/1130] VVi1H6QdAE4 -- خبيت جدتي عندي ولا توقعت اللي صار من أعمامي وابوي..😱🔥💔..؟
Deprecated Feature: Support for Python version 3.10 has been deprecated. Please update to Python 3.11 or above
Deprecated Feature: Support for Python version 3.10 has been deprecated. Please update to Python 3.11 or above
08:01:19 INFO    yt2ds.pipeline: VVi1H6QdAE4: 1080.9s of audio, -16.4 LUFS
08:01:19 INFO    yt2ds.pipeline: VVi1H6QdAE4: 2539 subtitle words (yt_auto, ar)
08:01:19 INFO    yt2ds.stages.diarize: diarizing VVi1H6QdAE4
08:01:53 INFO    yt2ds.stages.diarize: diarizer: 219 turns, 3 speakers, 0 overlap regions
08:01:53 INFO    yt2ds.pipeline: VVi1H6QdAE4: 3 speakers, 219 turns
08:01:53 INFO    yt2ds.stages.diarize: collapsing 3 speakers to 2 (100% of speech)
08:02:03 INFO    yt2ds.stages.vad: VVi1H6QdAE4.16k: 74 speech regions, 1043.0s speech of 1080.9s (96%)
08:02:03 INFO    yt2ds.pipeline: VVi1H6QdAE4: 158 candidate chunks
/home/ai2/saudi-youtube-data/youtube-to-dataset/src/yt2ds/stages/align.py:223: UserWarning: torchaudio.functional._alignment.forced_align has been deprecated. This deprecation is part of a large refactoring effort to transition TorchAudio into a maintenance phase. Please see https://github.com/pytorch/audio/issues/3902 for more information. It will be removed from the 2.9 release. 
  paths, scores = AF.forced_align(emissions, targets, blank=blank_id)
08:03:11 INFO    yt2ds.pipeline: VVi1H6QdAE4: aligned 2539/2539 subtitle words
08:03:13 INFO    yt2ds.pipeline: VVi1H6QdAE4: kept 132, rejected 26, 14.5 min of audio in 121s
08:03:13 INFO    yt2ds.pipeline: VVi1H6QdAE4: freed 154 MB
08:03:13 INFO    yt2ds.pipeline: [200/1130] qSBAIrnVby0 -- استخدمت كيدي مع امي وياليتني ماسويت كذا..😭🔥.؟ اللي صار ..😱.؟
Deprecated Feature: Support for Python version 3.10 has been deprecated. Please update to Python 3.11 or above
Deprecated Feature: Support for Python version 3.10 has been deprecated. Please update to Python 3.11 or above
08:03:22 INFO    yt2ds.pipeline: qSBAIrnVby0: 1275.1s of audio, -16.6 LUFS
08:03:22 INFO    yt2ds.pipeline: qSBAIrnVby0: 3030 subtitle words (yt_auto, ar)
08:03:22 INFO    yt2ds.stages.diarize: diarizing qSBAIrnVby0
08:04:01 INFO    yt2ds.stages.diarize: diarizer: 222 turns, 1 speakers, 0 overlap regions
08:04:01 INFO    yt2ds.pipeline: qSBAIrnVby0: 1 speakers, 222 turns
08:04:12 INFO    yt2ds.stages.vad: qSBAIrnVby0.16k: 100 speech regions, 1247.0s speech of 1275.1s (98%)
08:04:12 INFO    yt2ds.pipeline: qSBAIrnVby0: 187 candidate chunks
/home/ai2/saudi-youtube-data/youtube-to-dataset/src/yt2ds/stages/align.py:223: UserWarning: torchaudio.functional._alignment.forced_align has been deprecated. This deprecation is part of a large refactoring effort to transition TorchAudio into a maintenance phase. Please see https://github.com/pytorch/audio/issues/3902 for more information. It will be removed from the 2.9 release. 
  paths, scores = AF.forced_align(emissions, targets, blank=blank_id)
08:05:28 INFO    yt2ds.pipeline: qSBAIrnVby0: aligned 3030/3030 subtitle words
08:05:31 INFO    yt2ds.pipeline: qSBAIrnVby0: kept 164, rejected 23, 18.3 min of audio in 137s
08:05:31 INFO    yt2ds.pipeline: qSBAIrnVby0: freed 182 MB
08:05:31 INFO    yt2ds.pipeline: [201/1130] vg1gG9NkGw8 -- سمعت صوت بكاء  من المقبره  ..😭/ تفاجئت باللي شفته..😱💔🔥..؟
Deprecated Feature: Support for Python version 3.10 has been deprecated. Please update to Python 3.11 or above
Deprecated Feature: Support for Python version 3.10 has been deprecated. Please update to Python 3.11 or above
08:05:39 INFO    yt2ds.pipeline: vg1gG9NkGw8: 1143.9s of audio, -16.6 LUFS
08:05:39 INFO    yt2ds.pipeline: vg1gG9NkGw8: 2587 subtitle words (yt_auto, ar)
08:05:39 INFO    yt2ds.stages.diarize: diarizing vg1gG9NkGw8
08:06:15 INFO    yt2ds.stages.diarize: diarizer: 235 turns, 2 speakers, 0 overlap regions
08:06:15 INFO    yt2ds.pipeline: vg1gG9NkGw8: 2 speakers, 235 turns
08:06:15 INFO    yt2ds.stages.diarize: collapsing 2 speakers to 1 (100% of speech)
08:06:24 INFO    yt2ds.stages.vad: vg1gG9NkGw8.16k: 102 speech regions, 1090.8s speech of 1143.9s (95%)
08:06:24 INFO    yt2ds.pipeline: vg1gG9NkGw8: 177 candidate chunks
/home/ai2/saudi-youtube-data/youtube-to-dataset/src/yt2ds/stages/align.py:223: UserWarning: torchaudio.functional._alignment.forced_align has been deprecated. This deprecation is part of a large refactoring effort to transition TorchAudio into a maintenance phase. Please see https://github.com/pytorch/audio/issues/3902 for more information. It will be removed from the 2.9 release. 
  paths, scores = AF.forced_align(emissions, targets, blank=blank_id)
08:07:31 INFO    yt2ds.pipeline: vg1gG9NkGw8: aligned 2587/2587 subtitle words
08:07:34 INFO    yt2ds.pipeline: vg1gG9NkGw8: kept 162, rejected 15, 16.5 min of audio in 122s
08:07:34 INFO    yt2ds.pipeline: vg1gG9NkGw8: freed 163 MB
08:07:34 INFO    yt2ds.pipeline: [202/1130] LnBNBAKoK98 -- مرض جدتي كشف لنا خبث خالي وزوجته.. 😩/ و الصدمه موقف خالي وامي بالعياده ..🔥😭💔..؟
Deprecated Feature: Support for Python version 3.10 has been deprecated. Please update to Python 3.11 or above
Deprecated Feature: Support for Python version 3.10 has been deprecated. Please update to Python 3.11 or above
08:07:44 INFO    yt2ds.pipeline: LnBNBAKoK98: 1501.1s of audio, -16.2 LUFS
08:07:44 INFO    yt2ds.pipeline: LnBNBAKoK98: 3597 subtitle words (yt_auto, ar)
08:07:44 INFO    yt2ds.stages.diarize: diarizing LnBNBAKoK98
08:08:29 INFO    yt2ds.stages.diarize: diarizer: 325 turns, 1 speakers, 0 overlap regions
08:08:29 INFO    yt2ds.pipeline: LnBNBAKoK98: 1 speakers, 325 turns
08:08:41 INFO    yt2ds.stages.vad: LnBNBAKoK98.16k: 139 speech regions, 1459.0s speech of 1501.1s (97%)
08:08:41 INFO    yt2ds.pipeline: LnBNBAKoK98: 240 candidate chunks
08:09:54 INFO    yt2ds.stages.speakers: LnBNBAKoK98_SPK1: dropped 1/240 chunks as off-centroid
/home/ai2/saudi-youtube-data/youtube-to-dataset/src/yt2ds/stages/align.py:223: UserWarning: torchaudio.functional._alignment.forced_align has been deprecated. This deprecation is part of a large refactoring effort to transition TorchAudio into a maintenance phase. Please see https://github.com/pytorch/audio/issues/3902 for more information. It will be removed from the 2.9 release. 
  paths, scores = AF.forced_align(emissions, targets, blank=blank_id)
08:10:15 INFO    yt2ds.pipeline: LnBNBAKoK98: aligned 3597/3597 subtitle words
08:10:18 INFO    yt2ds.pipeline: LnBNBAKoK98: kept 214, rejected 26, 20.8 min of audio in 163s
08:10:18 INFO    yt2ds.pipeline: LnBNBAKoK98: freed 214 MB
08:10:18 INFO    yt2ds.pipeline: [203/1130] eaZWDNrVR_8 -- اتفقت مع صديقي وسويت لزوجتي مفاجأه بيوم زواجها../انصدمت منها بعد اللي سوته..؟😭💔🔥
Deprecated Feature: Support for Python version 3.10 has been deprecated. Please update to Python 3.11 or above
Deprecated Feature: Support for Python version 3.10 has been deprecated. Please update to Python 3.11 or above
08:10:28 INFO    yt2ds.pipeline: eaZWDNrVR_8: 1308.1s of audio, -16.5 LUFS
08:10:28 INFO    yt2ds.pipeline: eaZWDNrVR_8: 3180 subtitle words (yt_auto, ar)
08:10:28 INFO    yt2ds.stages.diarize: diarizing eaZWDNrVR_8
08:11:08 INFO    yt2ds.stages.diarize: diarizer: 264 turns, 1 speakers, 0 overlap regions
08:11:08 INFO    yt2ds.pipeline: eaZWDNrVR_8: 1 speakers, 264 turns
08:11:19 INFO    yt2ds.stages.vad: eaZWDNrVR_8.16k: 90 speech regions, 1283.2s speech of 1308.1s (98%)
08:11:19 INFO    yt2ds.pipeline: eaZWDNrVR_8: 198 candidate chunks
08:12:18 INFO    yt2ds.stages.speakers: eaZWDNrVR_8_SPK1: dropped 1/196 chunks as off-centroid
/home/ai2/saudi-youtube-data/youtube-to-dataset/src/yt2ds/stages/align.py:223: UserWarning: torchaudio.functional._alignment.forced_align has been deprecated. This deprecation is part of a large refactoring effort to transition TorchAudio into a maintenance phase. Please see https://github.com/pytorch/audio/issues/3902 for more information. It will be removed from the 2.9 release. 
  paths, scores = AF.forced_align(emissions, targets, blank=blank_id)
08:12:36 INFO    yt2ds.pipeline: eaZWDNrVR_8: aligned 3180/3180 subtitle words
08:12:38 INFO    yt2ds.pipeline: eaZWDNrVR_8: kept 168, rejected 30, 18.0 min of audio in 139s
08:12:38 INFO    yt2ds.pipeline: eaZWDNrVR_8: freed 186 MB
08:12:38 INFO    yt2ds.pipeline: [204/1130] yp460J5Y8Is -- امي أجبرت بنت عمي تتزوج اخوي عشان ..😱.؟ / والصدمه انها صارت زوجة .....😱😭🔥؟؟
Deprecated Feature: Support for Python version 3.10 has been deprecated. Please update to Python 3.11 or above
Deprecated Feature: Support for Python version 3.10 has been deprecated. Please update to Python 3.11 or above
08:12:48 INFO    yt2ds.pipeline: yp460J5Y8Is: 1381.7s of audio, -16.5 LUFS
08:12:48 INFO    yt2ds.pipeline: yp460J5Y8Is: 3358 subtitle words (yt_auto, ar)
08:12:48 INFO    yt2ds.stages.diarize: diarizing yp460J5Y8Is
08:13:30 INFO    yt2ds.stages.diarize: diarizer: 262 turns, 2 speakers, 0 overlap regions
08:13:30 INFO    yt2ds.pipeline: yp460J5Y8Is: 2 speakers, 262 turns
08:13:30 INFO    yt2ds.stages.diarize: collapsing 2 speakers to 1 (100% of speech)
08:13:42 INFO    yt2ds.stages.vad: yp460J5Y8Is.16k: 123 speech regions, 1351.2s speech of 1381.7s (98%)
08:13:42 INFO    yt2ds.pipeline: yp460J5Y8Is: 208 candidate chunks
/home/ai2/saudi-youtube-data/youtube-to-dataset/src/yt2ds/stages/align.py:223: UserWarning: torchaudio.functional._alignment.forced_align has been deprecated. This deprecation is part of a large refactoring effort to transition TorchAudio into a maintenance phase. Please see https://github.com/pytorch/audio/issues/3902 for more information. It will be removed from the 2.9 release. 
  paths, scores = AF.forced_align(emissions, targets, blank=blank_id)
08:15:05 INFO    yt2ds.pipeline: yp460J5Y8Is: aligned 3358/3358 subtitle words
08:15:08 INFO    yt2ds.pipeline: yp460J5Y8Is: kept 178, rejected 30, 19.4 min of audio in 148s
08:15:08 INFO    yt2ds.pipeline: yp460J5Y8Is: freed 197 MB
08:15:08 INFO    yt2ds.pipeline: [205/1130] 6WPamzYyM2o -- زوجي يشتكي لي من سلفتي ولما رحت كلمتها ..؟ انصدمت ان الطاوله انقلبت علي ..😭💔🔥
Deprecated Feature: Support for Python version 3.10 has been deprecated. Please update to Python 3.11 or above
Deprecated Feature: Support for Python version 3.10 has been deprecated. Please update to Python 3.11 or above
08:15:21 INFO    yt2ds.pipeline: 6WPamzYyM2o: 2165.7s of audio, -16.5 LUFS
08:15:21 INFO    yt2ds.pipeline: 6WPamzYyM2o: 5537 subtitle words (yt_auto, ar)
08:15:21 INFO    yt2ds.stages.diarize: diarizing 6WPamzYyM2o
08:16:24 INFO    yt2ds.stages.diarize: diarizer: 453 turns, 1 speakers, 0 overlap regions
08:16:24 INFO    yt2ds.pipeline: 6WPamzYyM2o: 1 speakers, 453 turns
08:16:42 INFO    yt2ds.stages.vad: 6WPamzYyM2o.16k: 216 speech regions, 2110.0s speech of 2165.7s (97%)
08:16:42 INFO    yt2ds.pipeline: 6WPamzYyM2o: 340 candidate chunks
/home/ai2/saudi-youtube-data/youtube-to-dataset/src/yt2ds/stages/align.py:223: UserWarning: torchaudio.functional._alignment.forced_align has been deprecated. This deprecation is part of a large refactoring effort to transition TorchAudio into a maintenance phase. Please see https://github.com/pytorch/audio/issues/3902 for more information. It will be removed from the 2.9 release. 
  paths, scores = AF.forced_align(emissions, targets, blank=blank_id)
08:18:58 INFO    yt2ds.pipeline: 6WPamzYyM2o: aligned 5537/5537 subtitle words
08:19:02 INFO    yt2ds.pipeline: 6WPamzYyM2o: kept 302, rejected 38, 30.4 min of audio in 234s
08:19:02 INFO    yt2ds.pipeline: 6WPamzYyM2o: freed 308 MB
08:19:02 INFO    yt2ds.pipeline: [206/1130] LOUSXBWy-wo -- نقالة العلوم بمدرستنا اخذت رقم ابو صديقتي 😱./ اللي سوته شي فضيع..😭💔..؟
Deprecated Feature: Support for Python version 3.10 has been deprecated. Please update to Python 3.11 or above
Deprecated Feature: Support for Python version 3.10 has been deprecated. Please update to Python 3.11 or above
08:19:13 INFO    yt2ds.pipeline: LOUSXBWy-wo: 1534.0s of audio, -17.3 LUFS
08:19:13 INFO    yt2ds.pipeline: LOUSXBWy-wo: 3628 subtitle words (yt_auto, ar)
08:19:13 INFO    yt2ds.stages.diarize: diarizing LOUSXBWy-wo
08:20:00 INFO    yt2ds.stages.diarize: diarizer: 301 turns, 2 speakers, 0 overlap regions
08:20:00 INFO    yt2ds.pipeline: LOUSXBWy-wo: 2 speakers, 301 turns
08:20:00 INFO    yt2ds.stages.diarize: collapsing 2 speakers to 2 (100% of speech)
08:20:13 INFO    yt2ds.stages.vad: LOUSXBWy-wo.16k: 121 speech regions, 1466.7s speech of 1534.0s (96%)
08:20:13 INFO    yt2ds.pipeline: LOUSXBWy-wo: 230 candidate chunks
08:21:22 INFO    yt2ds.stages.speakers: LOUSXBWy-wo_SPK2: dropped 1/229 chunks as off-centroid
/home/ai2/saudi-youtube-data/youtube-to-dataset/src/yt2ds/stages/align.py:223: UserWarning: torchaudio.functional._alignment.forced_align has been deprecated. This deprecation is part of a large refactoring effort to transition TorchAudio into a maintenance phase. Please see https://github.com/pytorch/audio/issues/3902 for more information. It will be removed from the 2.9 release. 
  paths, scores = AF.forced_align(emissions, targets, blank=blank_id)
08:21:43 INFO    yt2ds.pipeline: LOUSXBWy-wo: aligned 3628/3628 subtitle words
08:21:46 INFO    yt2ds.pipeline: LOUSXBWy-wo: kept 203, rejected 27, 21.2 min of audio in 163s
08:21:46 INFO    yt2ds.pipeline: LOUSXBWy-wo: freed 218 MB
08:21:46 INFO    yt2ds.pipeline: [207/1130] pV6CCvMtRKQ -- طلعني من بيتي عشان يسكنها فيه ..😱.؟/ اللي صار يغبن الواحد..😭💔🔥.؟
Deprecated Feature: Support for Python version 3.10 has been deprecated. Please update to Python 3.11 or above
Deprecated Feature: Support for Python version 3.10 has been deprecated. Please update to Python 3.11 or above
08:21:56 INFO    yt2ds.pipeline: pV6CCvMtRKQ: 1321.2s of audio, -16.6 LUFS
08:21:56 INFO    yt2ds.pipeline: pV6CCvMtRKQ: 2965 subtitle words (yt_auto, ar)
08:21:56 INFO    yt2ds.stages.diarize: diarizing pV6CCvMtRKQ
08:22:37 INFO    yt2ds.stages.diarize: diarizer: 258 turns, 2 speakers, 0 overlap regions
08:22:37 INFO    yt2ds.pipeline: pV6CCvMtRKQ: 2 speakers, 258 turns
08:22:37 INFO    yt2ds.stages.diarize: collapsing 2 speakers to 2 (100% of speech)
08:22:48 INFO    yt2ds.stages.vad: pV6CCvMtRKQ.16k: 117 speech regions, 1260.9s speech of 1321.2s (95%)
08:22:48 INFO    yt2ds.pipeline: pV6CCvMtRKQ: 198 candidate chunks
/home/ai2/saudi-youtube-data/youtube-to-dataset/src/yt2ds/stages/align.py:223: UserWarning: torchaudio.functional._alignment.forced_align has been deprecated. This deprecation is part of a large refactoring effort to transition TorchAudio into a maintenance phase. Please see https://github.com/pytorch/audio/issues/3902 for more information. It will be removed from the 2.9 release. 
  paths, scores = AF.forced_align(emissions, targets, blank=blank_id)
08:24:04 INFO    yt2ds.pipeline: pV6CCvMtRKQ: aligned 2965/2965 subtitle words
08:24:06 INFO    yt2ds.pipeline: pV6CCvMtRKQ: kept 174, rejected 24, 18.6 min of audio in 138s
08:24:06 INFO    yt2ds.pipeline: pV6CCvMtRKQ: freed 187 MB
08:24:06 INFO    yt2ds.pipeline: [208/1130] PE8NunSF1cM -- اخو زوجتي يدخل شباب في بيتي ..؟😱/ وتهديدي لابوه انقلب ضدي ...اللي صار فاجعه....🔥😭💔..،؟
Deprecated Feature: Support for Python version 3.10 has been deprecated. Please update to Python 3.11 or above
Deprecated Feature: Support for Python version 3.10 has been deprecated. Please update to Python 3.11 or above
08:24:21 INFO    yt2ds.pipeline: PE8NunSF1cM: 2174.8s of audio, -16.4 LUFS
08:24:21 INFO    yt2ds.pipeline: PE8NunSF1cM: 5211 subtitle words (yt_auto, ar)
08:24:21 INFO    yt2ds.stages.diarize: diarizing PE8NunSF1cM
08:25:24 INFO    yt2ds.stages.diarize: diarizer: 452 turns, 2 speakers, 1 overlap regions
08:25:24 INFO    yt2ds.pipeline: PE8NunSF1cM: 2 speakers, 452 turns
08:25:24 INFO    yt2ds.stages.diarize: collapsing 2 speakers to 1 (100% of speech)
08:25:42 INFO    yt2ds.stages.vad: PE8NunSF1cM.16k: 246 speech regions, 2114.6s speech of 2174.8s (97%)
08:25:42 INFO    yt2ds.stages.segment: overlap removal dropped 0.1s of speech
08:25:42 INFO    yt2ds.pipeline: PE8NunSF1cM: 337 candidate chunks
08:27:24 INFO    yt2ds.stages.speakers: PE8NunSF1cM_SPK1: dropped 1/337 chunks as off-centroid
/home/ai2/saudi-youtube-data/youtube-to-dataset/src/yt2ds/stages/align.py:223: UserWarning: torchaudio.functional._alignment.forced_align has been deprecated. This deprecation is part of a large refactoring effort to transition TorchAudio into a maintenance phase. Please see https://github.com/pytorch/audio/issues/3902 for more information. It will be removed from the 2.9 release. 
  paths, scores = AF.forced_align(emissions, targets, blank=blank_id)
08:27:55 INFO    yt2ds.pipeline: PE8NunSF1cM: aligned 5211/5211 subtitle words
08:27:59 INFO    yt2ds.pipeline: PE8NunSF1cM: kept 243, rejected 94, 23.0 min of audio in 232s
08:27:59 INFO    yt2ds.pipeline: PE8NunSF1cM: freed 309 MB
08:27:59 INFO    yt2ds.pipeline: [209/1130] NbMo19xt9cw -- سمعنا صوت بنت تنادي من بيت مهجور😱.. ؟ ماتوقعنا توصل المسأله لمحاكم.../ اللي صار...😭🔥..؟
Deprecated Feature: Support for Python version 3.10 has been deprecated. Please update to Python 3.11 or above
Deprecated Feature: Support for Python version 3.10 has been deprecated. Please update to Python 3.11 or above
08:28:13 INFO    yt2ds.pipeline: NbMo19xt9cw: 1868.0s of audio, -16.7 LUFS
08:28:13 INFO    yt2ds.pipeline: NbMo19xt9cw: 4490 subtitle words (yt_auto, ar)
08:28:13 INFO    yt2ds.stages.diarize: diarizing NbMo19xt9cw
08:29:07 INFO    yt2ds.stages.diarize: diarizer: 397 turns, 1 speakers, 0 overlap regions
08:29:07 INFO    yt2ds.pipeline: NbMo19xt9cw: 1 speakers, 397 turns
08:29:23 INFO    yt2ds.stages.vad: NbMo19xt9cw.16k: 232 speech regions, 1808.2s speech of 1868.0s (97%)
08:29:23 INFO    yt2ds.pipeline: NbMo19xt9cw: 313 candidate chunks
/home/ai2/saudi-youtube-data/youtube-to-dataset/src/yt2ds/stages/align.py:223: UserWarning: torchaudio.functional._alignment.forced_align has been deprecated. This deprecation is part of a large refactoring effort to transition TorchAudio into a maintenance phase. Please see https://github.com/pytorch/audio/issues/3902 for more information. It will be removed from the 2.9 release. 
  paths, scores = AF.forced_align(emissions, targets, blank=blank_id)
08:31:21 INFO    yt2ds.pipeline: NbMo19xt9cw: aligned 4490/4490 subtitle words
08:31:25 INFO    yt2ds.pipeline: NbMo19xt9cw: kept 251, rejected 62, 24.0 min of audio in 204s
08:31:25 INFO    yt2ds.pipeline: NbMo19xt9cw: freed 266 MB
08:31:25 INFO    yt2ds.pipeline: [210/1130] fz4FvQ1O8Gk -- جارتنا صارت حماتي ..🔥 ؟ وعلمت عمي وسلفتي درس ماينسونه ..😱💔..؟
Deprecated Feature: Support for Python version 3.10 has been deprecated. Please update to Python 3.11 or above
Deprecated Feature: Support for Python version 3.10 has been deprecated. Please update to Python 3.11 or above
08:31:38 INFO    yt2ds.pipeline: fz4FvQ1O8Gk: 2025.5s of audio, -16.5 LUFS
08:31:38 INFO    yt2ds.pipeline: fz4FvQ1O8Gk: 4914 subtitle words (yt_auto, ar)
08:31:38 INFO    yt2ds.stages.diarize: diarizing fz4FvQ1O8Gk
08:32:37 INFO    yt2ds.stages.diarize: diarizer: 399 turns, 1 speakers, 0 overlap regions
08:32:37 INFO    yt2ds.pipeline: fz4FvQ1O8Gk: 1 speakers, 399 turns
08:32:54 INFO    yt2ds.stages.vad: fz4FvQ1O8Gk.16k: 180 speech regions, 1977.9s speech of 2025.5s (98%)
08:32:54 INFO    yt2ds.pipeline: fz4FvQ1O8Gk: 302 candidate chunks
08:34:35 INFO    yt2ds.stages.speakers: fz4FvQ1O8Gk_SPK1: dropped 1/302 chunks as off-centroid
/home/ai2/saudi-youtube-data/youtube-to-dataset/src/yt2ds/stages/align.py:223: UserWarning: torchaudio.functional._alignment.forced_align has been deprecated. This deprecation is part of a large refactoring effort to transition TorchAudio into a maintenance phase. Please see https://github.com/pytorch/audio/issues/3902 for more information. It will be removed from the 2.9 release. 
  paths, scores = AF.forced_align(emissions, targets, blank=blank_id)
08:35:04 INFO    yt2ds.pipeline: fz4FvQ1O8Gk: aligned 4914/4914 subtitle words
08:35:08 INFO    yt2ds.pipeline: fz4FvQ1O8Gk: kept 222, rejected 80, 23.6 min of audio in 222s
08:35:08 INFO    yt2ds.pipeline: fz4FvQ1O8Gk: freed 288 MB
08:35:08 INFO    yt2ds.pipeline: [211/1130] D28MrUcAJrE -- بعد اللي سوته باولادي..😱..؟ جاني ابوها يترجاني اني اعالجها /وانصدمت انها تطلب مني...😭🔥💔؟
Deprecated Feature: Support for Python version 3.10 has been deprecated. Please update to Python 3.11 or above
Deprecated Feature: Support for Python version 3.10 has been deprecated. Please update to Python 3.11 or above
08:35:19 INFO    yt2ds.pipeline: D28MrUcAJrE: 1443.8s of audio, -16.3 LUFS
08:35:19 INFO    yt2ds.pipeline: D28MrUcAJrE: 3378 subtitle words (yt_auto, ar)
08:35:19 INFO    yt2ds.stages.diarize: diarizing D28MrUcAJrE
08:36:02 INFO    yt2ds.stages.diarize: diarizer: 299 turns, 1 speakers, 0 overlap regions
08:36:02 INFO    yt2ds.pipeline: D28MrUcAJrE: 1 speakers, 299 turns
08:36:14 INFO    yt2ds.stages.vad: D28MrUcAJrE.16k: 152 speech regions, 1392.1s speech of 1443.8s (96%)
08:36:14 INFO    yt2ds.pipeline: D28MrUcAJrE: 227 candidate chunks
/home/ai2/saudi-youtube-data/youtube-to-dataset/src/yt2ds/stages/align.py:223: UserWarning: torchaudio.functional._alignment.forced_align has been deprecated. This deprecation is part of a large refactoring effort to transition TorchAudio into a maintenance phase. Please see https://github.com/pytorch/audio/issues/3902 for more information. It will be removed from the 2.9 release. 
  paths, scores = AF.forced_align(emissions, targets, blank=blank_id)
08:37:41 INFO    yt2ds.pipeline: D28MrUcAJrE: aligned 3378/3378 subtitle words
08:37:44 INFO    yt2ds.pipeline: D28MrUcAJrE: kept 195, rejected 32, 19.9 min of audio in 154s
08:37:44 INFO    yt2ds.pipeline: D28MrUcAJrE: freed 205 MB
08:37:44 INFO    yt2ds.pipeline: [212/1130] Q_YfMYncsMg -- ثم يأتيك بها الله ...❤️😔#فضفضه
Deprecated Feature: Support for Python version 3.10 has been deprecated. Please update to Python 3.11 or above
Deprecated Feature: Support for Python version 3.10 has been deprecated. Please update to Python 3.11 or above
08:37:54 INFO    yt2ds.pipeline: Q_YfMYncsMg: 1387.1s of audio, -16.4 LUFS
08:37:54 INFO    yt2ds.pipeline: Q_YfMYncsMg: 3130 subtitle words (yt_auto, ar)
08:37:54 INFO    yt2ds.stages.diarize: diarizing Q_YfMYncsMg
08:38:36 INFO    yt2ds.stages.diarize: diarizer: 273 turns, 1 speakers, 0 overlap regions
08:38:36 INFO    yt2ds.pipeline: Q_YfMYncsMg: 1 speakers, 273 turns
08:38:48 INFO    yt2ds.stages.vad: Q_YfMYncsMg.16k: 121 speech regions, 1356.4s speech of 1387.1s (98%)
08:38:48 INFO    yt2ds.pipeline: Q_YfMYncsMg: 205 candidate chunks
08:39:51 INFO    yt2ds.stages.speakers: Q_YfMYncsMg_SPK1: dropped 1/203 chunks as off-centroid
/home/ai2/saudi-youtube-data/youtube-to-dataset/src/yt2ds/stages/align.py:223: UserWarning: torchaudio.functional._alignment.forced_align has been deprecated. This deprecation is part of a large refactoring effort to transition TorchAudio into a maintenance phase. Please see https://github.com/pytorch/audio/issues/3902 for more information. It will be removed from the 2.9 release. 
  paths, scores = AF.forced_align(emissions, targets, blank=blank_id)
08:40:10 INFO    yt2ds.pipeline: Q_YfMYncsMg: aligned 3130/3130 subtitle words
08:40:12 INFO    yt2ds.pipeline: Q_YfMYncsMg: kept 183, rejected 22, 20.3 min of audio in 147s
08:40:12 INFO    yt2ds.pipeline: Q_YfMYncsMg: freed 198 MB
08:40:12 INFO    yt2ds.pipeline: [213/1130] RUGZweQk5BE -- خليت صديقتي تتجسس على زوجي ..😱💔..؟ انصدمت من اللي اكتشفته..😭🔥..؟
Deprecated Feature: Support for Python version 3.10 has been deprecated. Please update to Python 3.11 or above
Deprecated Feature: Support for Python version 3.10 has been deprecated. Please update to Python 3.11 or above
08:40:30 INFO    yt2ds.pipeline: RUGZweQk5BE: 2883.2s of audio, -16.5 LUFS
08:40:30 INFO    yt2ds.pipeline: RUGZweQk5BE: 7288 subtitle words (yt_auto, ar)
08:40:30 INFO    yt2ds.stages.diarize: diarizing RUGZweQk5BE
08:41:52 INFO    yt2ds.stages.diarize: diarizer: 536 turns, 2 speakers, 0 overlap regions
08:41:52 INFO    yt2ds.pipeline: RUGZweQk5BE: 2 speakers, 536 turns
08:41:52 INFO    yt2ds.stages.diarize: collapsing 2 speakers to 1 (100% of speech)
08:42:16 INFO    yt2ds.stages.vad: RUGZweQk5BE.16k: 244 speech regions, 2801.6s speech of 2883.2s (97%)
08:42:16 INFO    yt2ds.pipeline: RUGZweQk5BE: 429 candidate chunks
/home/ai2/saudi-youtube-data/youtube-to-dataset/src/yt2ds/stages/align.py:223: UserWarning: torchaudio.functional._alignment.forced_align has been deprecated. This deprecation is part of a large refactoring effort to transition TorchAudio into a maintenance phase. Please see https://github.com/pytorch/audio/issues/3902 for more information. It will be removed from the 2.9 release. 
  paths, scores = AF.forced_align(emissions, targets, blank=blank_id)
08:45:26 INFO    yt2ds.pipeline: RUGZweQk5BE: aligned 7288/7288 subtitle words
08:45:32 INFO    yt2ds.pipeline: RUGZweQk5BE: kept 365, rejected 64, 39.1 min of audio in 318s
08:45:32 INFO    yt2ds.pipeline: RUGZweQk5BE: freed 410 MB
08:45:32 INFO    yt2ds.pipeline: [214/1130] KJRklDfb8g0 -- طمع اعمامي في ورث ابوي خلاهم يتمادون الى .. 😱..؟ اللي صار قمة القهر .،!!.💔🔥😭
Deprecated Feature: Support for Python version 3.10 has been deprecated. Please update to Python 3.11 or above
Deprecated Feature: Support for Python version 3.10 has been deprecated. Please update to Python 3.11 or above
08:45:44 INFO    yt2ds.pipeline: KJRklDfb8g0: 1750.9s of audio, -16.8 LUFS
08:45:44 INFO    yt2ds.pipeline: KJRklDfb8g0: 4279 subtitle words (yt_auto, ar)
08:45:44 INFO    yt2ds.stages.diarize: diarizing KJRklDfb8g0
08:46:36 INFO    yt2ds.stages.diarize: diarizer: 344 turns, 1 speakers, 0 overlap regions
08:46:36 INFO    yt2ds.pipeline: KJRklDfb8g0: 1 speakers, 344 turns
08:46:51 INFO    yt2ds.stages.vad: KJRklDfb8g0.16k: 180 speech regions, 1700.8s speech of 1750.9s (97%)
08:46:51 INFO    yt2ds.pipeline: KJRklDfb8g0: 262 candidate chunks
/home/ai2/saudi-youtube-data/youtube-to-dataset/src/yt2ds/stages/align.py:223: UserWarning: torchaudio.functional._alignment.forced_align has been deprecated. This deprecation is part of a large refactoring effort to transition TorchAudio into a maintenance phase. Please see https://github.com/pytorch/audio/issues/3902 for more information. It will be removed from the 2.9 release. 
  paths, scores = AF.forced_align(emissions, targets, blank=blank_id)
08:48:41 INFO    yt2ds.pipeline: KJRklDfb8g0: aligned 4279/4279 subtitle words
08:48:45 INFO    yt2ds.pipeline: KJRklDfb8g0: kept 236, rejected 26, 25.0 min of audio in 192s
08:48:45 INFO    yt2ds.pipeline: KJRklDfb8g0: freed 249 MB
08:48:45 INFO    yt2ds.pipeline: [215/1130] 4obuBcR8p2o -- مخ تجاري من الطفوله ... 👍🏻😁.#فضفضه
Deprecated Feature: Support for Python version 3.10 has been deprecated. Please update to Python 3.11 or above
Deprecated Feature: Support for Python version 3.10 has been deprecated. Please update to Python 3.11 or above
08:48:56 INFO    yt2ds.pipeline: 4obuBcR8p2o: 1572.4s of audio, -16.5 LUFS
08:48:56 INFO    yt2ds.pipeline: 4obuBcR8p2o: 3794 subtitle words (yt_auto, ar)
08:48:56 INFO    yt2ds.stages.diarize: diarizing 4obuBcR8p2o
08:49:43 INFO    yt2ds.stages.diarize: diarizer: 313 turns, 1 speakers, 0 overlap regions
08:49:43 INFO    yt2ds.pipeline: 4obuBcR8p2o: 1 speakers, 313 turns
08:49:57 INFO    yt2ds.stages.vad: 4obuBcR8p2o.16k: 119 speech regions, 1547.3s speech of 1572.4s (98%)
08:49:57 INFO    yt2ds.pipeline: 4obuBcR8p2o: 234 candidate chunks
/home/ai2/saudi-youtube-data/youtube-to-dataset/src/yt2ds/stages/align.py:223: UserWarning: torchaudio.functional._alignment.forced_align has been deprecated. This deprecation is part of a large refactoring effort to transition TorchAudio into a maintenance phase. Please see https://github.com/pytorch/audio/issues/3902 for more information. It will be removed from the 2.9 release. 
  paths, scores = AF.forced_align(emissions, targets, blank=blank_id)
08:51:33 INFO    yt2ds.pipeline: 4obuBcR8p2o: aligned 3794/3794 subtitle words
08:51:37 INFO    yt2ds.pipeline: 4obuBcR8p2o: kept 197, rejected 37, 21.3 min of audio in 170s
08:51:37 INFO    yt2ds.pipeline: 4obuBcR8p2o: freed 224 MB
08:51:37 INFO    yt2ds.pipeline: [216/1130] ZSA3xWq0_jM -- اتهموه انه حط زوجته  بمستشفى المجانين..🔥./ اللي صار محد يتحمله.😱.😭💔؟
Deprecated Feature: Support for Python version 3.10 has been deprecated. Please update to Python 3.11 or above
Deprecated Feature: Support for Python version 3.10 has been deprecated. Please update to Python 3.11 or above
08:51:47 INFO    yt2ds.pipeline: ZSA3xWq0_jM: 1578.5s of audio, -16.4 LUFS
08:51:47 INFO    yt2ds.pipeline: ZSA3xWq0_jM: 3864 subtitle words (yt_auto, ar)
08:51:47 INFO    yt2ds.stages.diarize: diarizing ZSA3xWq0_jM
08:52:34 INFO    yt2ds.stages.diarize: diarizer: 305 turns, 1 speakers, 0 overlap regions
08:52:34 INFO    yt2ds.pipeline: ZSA3xWq0_jM: 1 speakers, 305 turns
08:52:47 INFO    yt2ds.stages.vad: ZSA3xWq0_jM.16k: 117 speech regions, 1547.4s speech of 1578.5s (98%)
08:52:47 INFO    yt2ds.pipeline: ZSA3xWq0_jM: 240 candidate chunks
/home/ai2/saudi-youtube-data/youtube-to-dataset/src/yt2ds/stages/align.py:223: UserWarning: torchaudio.functional._alignment.forced_align has been deprecated. This deprecation is part of a large refactoring effort to transition TorchAudio into a maintenance phase. Please see https://github.com/pytorch/audio/issues/3902 for more information. It will be removed from the 2.9 release. 
  paths, scores = AF.forced_align(emissions, targets, blank=blank_id)
08:54:25 INFO    yt2ds.pipeline: ZSA3xWq0_jM: aligned 3864/3864 subtitle words
08:54:28 INFO    yt2ds.pipeline: ZSA3xWq0_jM: kept 204, rejected 36, 21.4 min of audio in 170s
08:54:28 INFO    yt2ds.pipeline: ZSA3xWq0_jM: freed 225 MB
08:54:28 INFO    yt2ds.pipeline: [217/1130] aIg8qW5uaEo -- هوشة اطفال كانت بتسبب طلاق ثلاث عوايل..😱😭🔥..؟
Deprecated Feature: Support for Python version 3.10 has been deprecated. Please update to Python 3.11 or above
Deprecated Feature: Support for Python version 3.10 has been deprecated. Please update to Python 3.11 or above
08:54:37 INFO    yt2ds.pipeline: aIg8qW5uaEo: 1200.7s of audio, -16.1 LUFS
08:54:37 INFO    yt2ds.pipeline: aIg8qW5uaEo: 2981 subtitle words (yt_auto, ar)
08:54:37 INFO    yt2ds.stages.diarize: diarizing aIg8qW5uaEo
08:55:15 INFO    yt2ds.stages.diarize: diarizer: 227 turns, 2 speakers, 0 overlap regions
08:55:15 INFO    yt2ds.pipeline: aIg8qW5uaEo: 2 speakers, 227 turns
08:55:15 INFO    yt2ds.stages.diarize: collapsing 2 speakers to 1 (100% of speech)
08:55:25 INFO    yt2ds.stages.vad: aIg8qW5uaEo.16k: 129 speech regions, 1145.4s speech of 1200.7s (95%)
08:55:25 INFO    yt2ds.pipeline: aIg8qW5uaEo: 185 candidate chunks
08:56:23 INFO    yt2ds.stages.speakers: aIg8qW5uaEo_SPK1: dropped 1/185 chunks as off-centroid
/home/ai2/saudi-youtube-data/youtube-to-dataset/src/yt2ds/stages/align.py:223: UserWarning: torchaudio.functional._alignment.forced_align has been deprecated. This deprecation is part of a large refactoring effort to transition TorchAudio into a maintenance phase. Please see https://github.com/pytorch/audio/issues/3902 for more information. It will be removed from the 2.9 release. 
  paths, scores = AF.forced_align(emissions, targets, blank=blank_id)
08:56:39 INFO    yt2ds.pipeline: aIg8qW5uaEo: aligned 2981/2981 subtitle words
08:56:42 INFO    yt2ds.pipeline: aIg8qW5uaEo: kept 152, rejected 33, 15.8 min of audio in 132s
08:56:42 INFO    yt2ds.pipeline: aIg8qW5uaEo: freed 171 MB
08:56:42 INFO    yt2ds.pipeline: [218/1130] 4D7ukhpjSrc -- زوجوني اخوي من الرضاعه.. 😭💔/ اللي صار كارثه ..🔥😱..؟؟
Deprecated Feature: Support for Python version 3.10 has been deprecated. Please update to Python 3.11 or above
Deprecated Feature: Support for Python version 3.10 has been deprecated. Please update to Python 3.11 or above
08:56:56 INFO    yt2ds.pipeline: 4D7ukhpjSrc: 2100.8s of audio, -16.6 LUFS
08:56:56 INFO    yt2ds.pipeline: 4D7ukhpjSrc: 4853 subtitle words (yt_auto, ar)
08:56:56 INFO    yt2ds.stages.diarize: diarizing 4D7ukhpjSrc
08:57:57 INFO    yt2ds.stages.diarize: diarizer: 389 turns, 2 speakers, 0 overlap regions
08:57:57 INFO    yt2ds.pipeline: 4D7ukhpjSrc: 2 speakers, 389 turns
08:57:57 INFO    yt2ds.stages.diarize: collapsing 2 speakers to 2 (100% of speech)
08:58:14 INFO    yt2ds.stages.vad: 4D7ukhpjSrc.16k: 177 speech regions, 2020.0s speech of 2100.8s (96%)
08:58:14 INFO    yt2ds.pipeline: 4D7ukhpjSrc: 301 candidate chunks
/home/ai2/saudi-youtube-data/youtube-to-dataset/src/yt2ds/stages/align.py:223: UserWarning: torchaudio.functional._alignment.forced_align has been deprecated. This deprecation is part of a large refactoring effort to transition TorchAudio into a maintenance phase. Please see https://github.com/pytorch/audio/issues/3902 for more information. It will be removed from the 2.9 release. 
  paths, scores = AF.forced_align(emissions, targets, blank=blank_id)
09:00:20 INFO    yt2ds.pipeline: 4D7ukhpjSrc: aligned 4853/4853 subtitle words
09:00:24 INFO    yt2ds.pipeline: 4D7ukhpjSrc: kept 253, rejected 48, 27.9 min of audio in 221s
09:00:24 INFO    yt2ds.pipeline: 4D7ukhpjSrc: freed 299 MB
09:00:24 INFO    yt2ds.pipeline: [219/1130] -BmS2nJeWAY -- اعلنت الحرب على اهلي عشان اتزوج من.؟...😱🔥../ اللي صار ..😭💔
Deprecated Feature: Support for Python version 3.10 has been deprecated. Please update to Python 3.11 or above
Deprecated Feature: Support for Python version 3.10 has been deprecated. Please update to Python 3.11 or above
09:00:41 INFO    yt2ds.pipeline: -BmS2nJeWAY: 3040.8s of audio, -16.3 LUFS
09:00:41 INFO    yt2ds.pipeline: -BmS2nJeWAY: 7518 subtitle words (yt_auto, ar)
09:00:41 INFO    yt2ds.stages.diarize: diarizing -BmS2nJeWAY
09:02:07 INFO    yt2ds.stages.diarize: diarizer: 596 turns, 2 speakers, 1 overlap regions
09:02:07 INFO    yt2ds.pipeline: -BmS2nJeWAY: 2 speakers, 596 turns
09:02:07 INFO    yt2ds.stages.diarize: collapsing 2 speakers to 1 (100% of speech)
09:02:33 INFO    yt2ds.stages.vad: -BmS2nJeWAY.16k: 257 speech regions, 2974.0s speech of 3040.8s (98%)
09:02:33 INFO    yt2ds.stages.segment: overlap removal dropped 0.4s of speech
09:02:33 INFO    yt2ds.pipeline: -BmS2nJeWAY: 443 candidate chunks
/home/ai2/saudi-youtube-data/youtube-to-dataset/src/yt2ds/stages/align.py:223: UserWarning: torchaudio.functional._alignment.forced_align has been deprecated. This deprecation is part of a large refactoring effort to transition TorchAudio into a maintenance phase. Please see https://github.com/pytorch/audio/issues/3902 for more information. It will be removed from the 2.9 release. 
  paths, scores = AF.forced_align(emissions, targets, blank=blank_id)
09:05:41 INFO    yt2ds.pipeline: -BmS2nJeWAY: aligned 7518/7518 subtitle words
09:05:47 INFO    yt2ds.pipeline: -BmS2nJeWAY: kept 357, rejected 86, 40.6 min of audio in 322s
09:05:47 INFO    yt2ds.pipeline: -BmS2nJeWAY: freed 432 MB
09:05:47 INFO    yt2ds.pipeline: [220/1130] iRCG4YkQiG8 -- امي شافت زوجة اخوي تطلع عماتي عند الزبايل والسبب..؟😱 اللي صار ..🔥💔😭
Deprecated Feature: Support for Python version 3.10 has been deprecated. Please update to Python 3.11 or above
Deprecated Feature: Support for Python version 3.10 has been deprecated. Please update to Python 3.11 or above
09:06:01 INFO    yt2ds.pipeline: iRCG4YkQiG8: 2171.0s of audio, -16.6 LUFS
09:06:01 INFO    yt2ds.pipeline: iRCG4YkQiG8: 5302 subtitle words (yt_auto, ar)
09:06:01 INFO    yt2ds.stages.diarize: diarizing iRCG4YkQiG8
09:07:04 INFO    yt2ds.stages.diarize: diarizer: 391 turns, 1 speakers, 0 overlap regions
09:07:04 INFO    yt2ds.pipeline: iRCG4YkQiG8: 1 speakers, 391 turns
09:07:22 INFO    yt2ds.stages.vad: iRCG4YkQiG8.16k: 173 speech regions, 2125.6s speech of 2171.0s (98%)
09:07:22 INFO    yt2ds.pipeline: iRCG4YkQiG8: 307 candidate chunks
/home/ai2/saudi-youtube-data/youtube-to-dataset/src/yt2ds/stages/align.py:223: UserWarning: torchaudio.functional._alignment.forced_align has been deprecated. This deprecation is part of a large refactoring effort to transition TorchAudio into a maintenance phase. Please see https://github.com/pytorch/audio/issues/3902 for more information. It will be removed from the 2.9 release. 
  paths, scores = AF.forced_align(emissions, targets, blank=blank_id)
09:09:32 INFO    yt2ds.pipeline: iRCG4YkQiG8: aligned 5302/5302 subtitle words
09:09:36 INFO    yt2ds.pipeline: iRCG4YkQiG8: kept 267, rejected 40, 30.8 min of audio in 228s
09:09:36 INFO    yt2ds.pipeline: iRCG4YkQiG8: freed 309 MB
09:09:36 INFO    yt2ds.pipeline: [221/1130] ncAVt2tl9dY -- عزمتني ببيتها عشان اطبخ لها..😭💔../ اللي صار عمري مانساه.. 😱🔥.؟
Deprecated Feature: Support for Python version 3.10 has been deprecated. Please update to Python 3.11 or above
Deprecated Feature: Support for Python version 3.10 has been deprecated. Please update to Python 3.11 or above
09:09:45 INFO    yt2ds.pipeline: ncAVt2tl9dY: 1267.6s of audio, -16.6 LUFS
09:09:45 INFO    yt2ds.pipeline: ncAVt2tl9dY: 3074 subtitle words (yt_auto, ar)
09:09:45 INFO    yt2ds.stages.diarize: diarizing ncAVt2tl9dY
09:10:24 INFO    yt2ds.stages.diarize: diarizer: 257 turns, 1 speakers, 0 overlap regions
09:10:24 INFO    yt2ds.pipeline: ncAVt2tl9dY: 1 speakers, 257 turns
09:10:34 INFO    yt2ds.stages.vad: ncAVt2tl9dY.16k: 113 speech regions, 1237.7s speech of 1267.6s (98%)
09:10:34 INFO    yt2ds.pipeline: ncAVt2tl9dY: 195 candidate chunks
09:11:36 INFO    yt2ds.stages.speakers: ncAVt2tl9dY_SPK1: dropped 1/190 chunks as off-centroid
/home/ai2/saudi-youtube-data/youtube-to-dataset/src/yt2ds/stages/align.py:223: UserWarning: torchaudio.functional._alignment.forced_align has been deprecated. This deprecation is part of a large refactoring effort to transition TorchAudio into a maintenance phase. Please see https://github.com/pytorch/audio/issues/3902 for more information. It will be removed from the 2.9 release. 
  paths, scores = AF.forced_align(emissions, targets, blank=blank_id)
09:11:53 INFO    yt2ds.pipeline: ncAVt2tl9dY: aligned 3074/3074 subtitle words
09:11:56 INFO    yt2ds.pipeline: ncAVt2tl9dY: kept 153, rejected 42, 16.2 min of audio in 139s
09:11:56 INFO    yt2ds.pipeline: ncAVt2tl9dY: freed 180 MB
09:11:56 INFO    yt2ds.pipeline: [222/1130] DrhUmoM6nDg -- عمري مارح اتخطى ان زوجتي خبت علي وفاة ابوي..💔/ ومحرضه اقاربي مايعلموني والسبب صاأااادم....؟ 😭😱🔥
Deprecated Feature: Support for Python version 3.10 has been deprecated. Please update to Python 3.11 or above
Deprecated Feature: Support for Python version 3.10 has been deprecated. Please update to Python 3.11 or above
09:12:08 INFO    yt2ds.pipeline: DrhUmoM6nDg: 1846.9s of audio, -16.3 LUFS
09:12:08 INFO    yt2ds.pipeline: DrhUmoM6nDg: 4470 subtitle words (yt_auto, ar)
09:12:08 INFO    yt2ds.stages.diarize: diarizing DrhUmoM6nDg
09:13:02 INFO    yt2ds.stages.diarize: diarizer: 346 turns, 1 speakers, 0 overlap regions
09:13:02 INFO    yt2ds.pipeline: DrhUmoM6nDg: 1 speakers, 346 turns
09:13:17 INFO    yt2ds.stages.vad: DrhUmoM6nDg.16k: 146 speech regions, 1804.4s speech of 1846.9s (98%)
09:13:17 INFO    yt2ds.pipeline: DrhUmoM6nDg: 271 candidate chunks
/home/ai2/saudi-youtube-data/youtube-to-dataset/src/yt2ds/stages/align.py:223: UserWarning: torchaudio.functional._alignment.forced_align has been deprecated. This deprecation is part of a large refactoring effort to transition TorchAudio into a maintenance phase. Please see https://github.com/pytorch/audio/issues/3902 for more information. It will be removed from the 2.9 release. 
  paths, scores = AF.forced_align(emissions, targets, blank=blank_id)
09:15:13 INFO    yt2ds.pipeline: DrhUmoM6nDg: aligned 4470/4470 subtitle words
09:15:17 INFO    yt2ds.pipeline: DrhUmoM6nDg: kept 234, rejected 37, 25.5 min of audio in 200s
09:15:17 INFO    yt2ds.pipeline: DrhUmoM6nDg: freed 263 MB
09:15:17 INFO    yt2ds.pipeline: [223/1130] or5CK9TNHlA -- عرض علي اتزوج بنته ورفضتها...!!/ ماتوقعت انه بيسوي فيني كذا..😭💔🔥..؟
Deprecated Feature: Support for Python version 3.10 has been deprecated. Please update to Python 3.11 or above
Deprecated Feature: Support for Python version 3.10 has been deprecated. Please update to Python 3.11 or above
09:15:32 INFO    yt2ds.pipeline: or5CK9TNHlA: 2047.5s of audio, -16.7 LUFS
09:15:32 INFO    yt2ds.pipeline: or5CK9TNHlA: 4954 subtitle words (yt_auto, ar)
09:15:32 INFO    yt2ds.stages.diarize: diarizing or5CK9TNHlA
09:16:31 INFO    yt2ds.stages.diarize: diarizer: 360 turns, 2 speakers, 1 overlap regions
09:16:31 INFO    yt2ds.pipeline: or5CK9TNHlA: 2 speakers, 360 turns
09:16:31 INFO    yt2ds.stages.diarize: collapsing 2 speakers to 1 (100% of speech)
09:16:48 INFO    yt2ds.stages.vad: or5CK9TNHlA.16k: 187 speech regions, 1995.3s speech of 2047.5s (97%)
09:16:48 INFO    yt2ds.stages.segment: overlap removal dropped 0.2s of speech
09:16:49 INFO    yt2ds.pipeline: or5CK9TNHlA: 299 candidate chunks
/home/ai2/saudi-youtube-data/youtube-to-dataset/src/yt2ds/stages/align.py:223: UserWarning: torchaudio.functional._alignment.forced_align has been deprecated. This deprecation is part of a large refactoring effort to transition TorchAudio into a maintenance phase. Please see https://github.com/pytorch/audio/issues/3902 for more information. It will be removed from the 2.9 release. 
  paths, scores = AF.forced_align(emissions, targets, blank=blank_id)
09:18:51 INFO    yt2ds.pipeline: or5CK9TNHlA: aligned 4954/4954 subtitle words
09:18:55 INFO    yt2ds.pipeline: or5CK9TNHlA: kept 247, rejected 52, 27.7 min of audio in 216s
09:18:55 INFO    yt2ds.pipeline: or5CK9TNHlA: freed 291 MB
09:18:55 INFO    yt2ds.pipeline: [224/1130] mYUpGpaJ-_0 -- صور كشفت لي الغاز خفيه عن امي وصديقتها ضد عماتي...😱/اللي صار مأساه..😭💔🔥
Deprecated Feature: Support for Python version 3.10 has been deprecated. Please update to Python 3.11 or above
Deprecated Feature: Support for Python version 3.10 has been deprecated. Please update to Python 3.11 or above
09:19:22 INFO    yt2ds.pipeline: mYUpGpaJ-_0: 4386.6s of audio, -16.3 LUFS
09:19:22 INFO    yt2ds.pipeline: mYUpGpaJ-_0: 10420 subtitle words (yt_auto, ar)
09:19:22 INFO    yt2ds.stages.diarize: diarizing mYUpGpaJ-_0
09:21:23 INFO    yt2ds.stages.diarize: diarizer: 756 turns, 1 speakers, 0 overlap regions
09:21:23 INFO    yt2ds.pipeline: mYUpGpaJ-_0: 1 speakers, 756 turns
09:22:00 INFO    yt2ds.stages.vad: mYUpGpaJ-_0.16k: 405 speech regions, 4278.0s speech of 4386.6s (98%)
09:22:00 INFO    yt2ds.pipeline: mYUpGpaJ-_0: 616 candidate chunks
/home/ai2/saudi-youtube-data/youtube-to-dataset/src/yt2ds/stages/align.py:223: UserWarning: torchaudio.functional._alignment.forced_align has been deprecated. This deprecation is part of a large refactoring effort to transition TorchAudio into a maintenance phase. Please see https://github.com/pytorch/audio/issues/3902 for more information. It will be removed from the 2.9 release. 
  paths, scores = AF.forced_align(emissions, targets, blank=blank_id)
09:26:40 INFO    yt2ds.pipeline: mYUpGpaJ-_0: aligned 10420/10420 subtitle words
09:26:47 INFO    yt2ds.pipeline: mYUpGpaJ-_0: kept 440, rejected 176, 49.6 min of audio in 470s
09:26:47 INFO    yt2ds.pipeline: mYUpGpaJ-_0: freed 623 MB
09:26:47 INFO    yt2ds.pipeline: [225/1130] v6w2R2mjElU -- عازم اهلي بعرسه.. 😫💔..؟
Deprecated Feature: Support for Python version 3.10 has been deprecated. Please update to Python 3.11 or above
Deprecated Feature: Support for Python version 3.10 has been deprecated. Please update to Python 3.11 or above
09:26:55 INFO    yt2ds.pipeline: v6w2R2mjElU: 969.3s of audio, -16.2 LUFS
09:26:55 INFO    yt2ds.pipeline: v6w2R2mjElU: 2211 subtitle words (yt_auto, ar)
09:26:55 INFO    yt2ds.stages.diarize: diarizing v6w2R2mjElU
09:27:26 INFO    yt2ds.stages.diarize: diarizer: 199 turns, 1 speakers, 0 overlap regions
09:27:26 INFO    yt2ds.pipeline: v6w2R2mjElU: 1 speakers, 199 turns
09:27:34 INFO    yt2ds.stages.vad: v6w2R2mjElU.16k: 88 speech regions, 950.0s speech of 969.3s (98%)
09:27:34 INFO    yt2ds.pipeline: v6w2R2mjElU: 144 candidate chunks
/home/ai2/saudi-youtube-data/youtube-to-dataset/src/yt2ds/stages/align.py:223: UserWarning: torchaudio.functional._alignment.forced_align has been deprecated. This deprecation is part of a large refactoring effort to transition TorchAudio into a maintenance phase. Please see https://github.com/pytorch/audio/issues/3902 for more information. It will be removed from the 2.9 release. 
  paths, scores = AF.forced_align(emissions, targets, blank=blank_id)
09:28:34 INFO    yt2ds.pipeline: v6w2R2mjElU: aligned 2211/2211 subtitle words
09:28:36 INFO    yt2ds.pipeline: v6w2R2mjElU: kept 123, rejected 21, 13.5 min of audio in 107s
09:28:36 INFO    yt2ds.pipeline: v6w2R2mjElU: freed 138 MB
09:28:36 INFO    yt2ds.pipeline: [226/1130] icIMRr-w2c4 -- ماتوقعت  ان هديه من زوجي تغير حياتي للأسوء../ اللي صار ماكان بالحسبان ٠٠؟💔🔥😭
Deprecated Feature: Support for Python version 3.10 has been deprecated. Please update to Python 3.11 or above
ERROR: [youtube] LQFdMUw-m18: Private video. Sign in if you've been granted access to this video. Use --cookies-from-browser or --cookies for the authentication. See  https://github.com/yt-dlp/yt-dlp/wiki/FAQ#how-do-i-pass-cookies-to-yt-dlp  for how to manually pass cookies. Also see  https://github.com/yt-dlp/yt-dlp/wiki/Extractors#exporting-youtube-cookies  for tips on effectively exporting YouTube cookies
09:28:39 WARNING yt2ds.stages.download: https://www.youtube.com/watch?v=LQFdMUw-m18: ERROR: [youtube] LQFdMUw-m18: Private video. Sign in if you've been granted access to this video. Use --cookies-from-browser or --cookies for the authentication. See  https://github.com/yt-dlp/yt-dlp/wiki/FAQ#how-do-i-pass-cookies-to-yt-dlp  for how to manually pass cookies. Also see  https://github.com/yt-dlp/yt-dlp/wiki/Extractors#exporting-youtube-cookies  for tips on effectively exporting YouTube cookies (not retrying)
09:28:39 ERROR   yt2ds.pipeline: https://www.youtube.com/watch?v=LQFdMUw-m18: probe failed: ERROR: [youtube] LQFdMUw-m18: Private video. Sign in if you've been granted access to this video. Use --cookies-from-browser or --cookies for the authentication. See  https://github.com/yt-dlp/yt-dlp/wiki/FAQ#how-do-i-pass-cookies-to-yt-dlp  for how to manually pass cookies. Also see  https://github.com/yt-dlp/yt-dlp/wiki/Extractors#exporting-youtube-cookies  for tips on effectively exporting YouTube cookies
09:28:49 INFO    yt2ds.pipeline: icIMRr-w2c4: 1923.6s of audio, -16.6 LUFS
09:28:49 INFO    yt2ds.pipeline: icIMRr-w2c4: 4630 subtitle words (yt_auto, ar)
09:28:49 INFO    yt2ds.stages.diarize: diarizing icIMRr-w2c4
09:29:45 INFO    yt2ds.stages.diarize: diarizer: 378 turns, 1 speakers, 0 overlap regions
09:29:45 INFO    yt2ds.pipeline: icIMRr-w2c4: 1 speakers, 378 turns
09:30:01 INFO    yt2ds.stages.vad: icIMRr-w2c4.16k: 191 speech regions, 1876.3s speech of 1923.6s (98%)
09:30:01 INFO    yt2ds.pipeline: icIMRr-w2c4: 287 candidate chunks
09:31:35 INFO    yt2ds.stages.speakers: icIMRr-w2c4_SPK1: dropped 1/286 chunks as off-centroid
/home/ai2/saudi-youtube-data/youtube-to-dataset/src/yt2ds/stages/align.py:223: UserWarning: torchaudio.functional._alignment.forced_align has been deprecated. This deprecation is part of a large refactoring effort to transition TorchAudio into a maintenance phase. Please see https://github.com/pytorch/audio/issues/3902 for more information. It will be removed from the 2.9 release. 
  paths, scores = AF.forced_align(emissions, targets, blank=blank_id)
09:32:03 INFO    yt2ds.pipeline: icIMRr-w2c4: aligned 4630/4630 subtitle words
09:32:07 INFO    yt2ds.pipeline: icIMRr-w2c4: kept 253, rejected 34, 27.5 min of audio in 210s
09:32:07 INFO    yt2ds.pipeline: icIMRr-w2c4: freed 273 MB
09:32:08 INFO    yt2ds.pipeline: [227/1130] LuHwNHLwNTw -- ابوي وامي رابطين رضاهم علي اذا نفذت شرط خالتي او عمتي..😭🔥💔..؟
Deprecated Feature: Support for Python version 3.10 has been deprecated. Please update to Python 3.11 or above
Deprecated Feature: Support for Python version 3.10 has been deprecated. Please update to Python 3.11 or above
09:32:18 INFO    yt2ds.pipeline: LuHwNHLwNTw: 1445.4s of audio, -16.2 LUFS
09:32:18 INFO    yt2ds.pipeline: LuHwNHLwNTw: 3594 subtitle words (yt_auto, ar)
09:32:18 INFO    yt2ds.stages.diarize: diarizing LuHwNHLwNTw
09:33:02 INFO    yt2ds.stages.diarize: diarizer: 277 turns, 1 speakers, 0 overlap regions
09:33:02 INFO    yt2ds.pipeline: LuHwNHLwNTw: 1 speakers, 277 turns
09:33:14 INFO    yt2ds.stages.vad: LuHwNHLwNTw.16k: 152 speech regions, 1405.4s speech of 1445.4s (97%)
09:33:14 INFO    yt2ds.pipeline: LuHwNHLwNTw: 214 candidate chunks
09:34:24 INFO    yt2ds.stages.speakers: LuHwNHLwNTw_SPK1: dropped 1/214 chunks as off-centroid
/home/ai2/saudi-youtube-data/youtube-to-dataset/src/yt2ds/stages/align.py:223: UserWarning: torchaudio.functional._alignment.forced_align has been deprecated. This deprecation is part of a large refactoring effort to transition TorchAudio into a maintenance phase. Please see https://github.com/pytorch/audio/issues/3902 for more information. It will be removed from the 2.9 release. 
  paths, scores = AF.forced_align(emissions, targets, blank=blank_id)
09:34:44 INFO    yt2ds.pipeline: LuHwNHLwNTw: aligned 3594/3594 subtitle words
09:34:46 INFO    yt2ds.pipeline: LuHwNHLwNTw: kept 159, rejected 55, 17.1 min of audio in 157s
09:34:46 INFO    yt2ds.pipeline: LuHwNHLwNTw: freed 206 MB
09:34:47 INFO    yt2ds.pipeline: [228/1130] snCa-otEgwA -- هدية من زوجي تسببت في طلاق سلفتي ..؟😭💔🔥
Deprecated Feature: Support for Python version 3.10 has been deprecated. Please update to Python 3.11 or above
Deprecated Feature: Support for Python version 3.10 has been deprecated. Please update to Python 3.11 or above
09:34:54 INFO    yt2ds.pipeline: snCa-otEgwA: 904.8s of audio, -16.5 LUFS
09:34:54 INFO    yt2ds.pipeline: snCa-otEgwA: 2095 subtitle words (yt_auto, ar)
09:34:54 INFO    yt2ds.stages.diarize: diarizing snCa-otEgwA
09:35:24 INFO    yt2ds.stages.diarize: diarizer: 186 turns, 1 speakers, 0 overlap regions
09:35:24 INFO    yt2ds.pipeline: snCa-otEgwA: 1 speakers, 186 turns
09:35:31 INFO    yt2ds.stages.vad: snCa-otEgwA.16k: 83 speech regions, 875.5s speech of 904.8s (97%)
09:35:31 INFO    yt2ds.pipeline: snCa-otEgwA: 151 candidate chunks
/home/ai2/saudi-youtube-data/youtube-to-dataset/src/yt2ds/stages/align.py:223: UserWarning: torchaudio.functional._alignment.forced_align has been deprecated. This deprecation is part of a large refactoring effort to transition TorchAudio into a maintenance phase. Please see https://github.com/pytorch/audio/issues/3902 for more information. It will be removed from the 2.9 release. 
  paths, scores = AF.forced_align(emissions, targets, blank=blank_id)
09:36:31 INFO    yt2ds.pipeline: snCa-otEgwA: aligned 2095/2095 subtitle words
09:36:32 INFO    yt2ds.pipeline: snCa-otEgwA: kept 125, rejected 26, 11.8 min of audio in 104s
09:36:32 INFO    yt2ds.pipeline: snCa-otEgwA: freed 129 MB
09:36:32 INFO    yt2ds.pipeline: [229/1130] NSoHchfY9RU -- ابوي وزوجته جو بالمستشفى اللي انا موظفه فيه بدون مايدرون..😱 ../ ماتخطيت اللي صار ..🔥💔😭..؟
Deprecated Feature: Support for Python version 3.10 has been deprecated. Please update to Python 3.11 or above
Deprecated Feature: Support for Python version 3.10 has been deprecated. Please update to Python 3.11 or above
09:36:44 INFO    yt2ds.pipeline: NSoHchfY9RU: 1578.3s of audio, -16.2 LUFS
09:36:44 INFO    yt2ds.pipeline: NSoHchfY9RU: 3731 subtitle words (yt_auto, ar)
09:36:44 INFO    yt2ds.stages.diarize: diarizing NSoHchfY9RU
09:37:31 INFO    yt2ds.stages.diarize: diarizer: 320 turns, 1 speakers, 0 overlap regions
09:37:31 INFO    yt2ds.pipeline: NSoHchfY9RU: 1 speakers, 320 turns
09:37:44 INFO    yt2ds.stages.vad: NSoHchfY9RU.16k: 222 speech regions, 1513.4s speech of 1578.3s (96%)
09:37:44 INFO    yt2ds.pipeline: NSoHchfY9RU: 250 candidate chunks
09:39:01 INFO    yt2ds.stages.speakers: NSoHchfY9RU_SPK1: dropped 2/250 chunks as off-centroid
/home/ai2/saudi-youtube-data/youtube-to-dataset/src/yt2ds/stages/align.py:223: UserWarning: torchaudio.functional._alignment.forced_align has been deprecated. This deprecation is part of a large refactoring effort to transition TorchAudio into a maintenance phase. Please see https://github.com/pytorch/audio/issues/3902 for more information. It will be removed from the 2.9 release. 
  paths, scores = AF.forced_align(emissions, targets, blank=blank_id)
09:39:23 INFO    yt2ds.pipeline: NSoHchfY9RU: aligned 3731/3731 subtitle words
09:39:26 INFO    yt2ds.pipeline: NSoHchfY9RU: kept 208, rejected 42, 20.9 min of audio in 172s
09:39:26 INFO    yt2ds.pipeline: NSoHchfY9RU: freed 225 MB
Deprecated Feature: Support for Python version 3.10 has been deprecated. Please update to Python 3.11 or above
09:39:26 INFO    yt2ds.pipeline: [231/1130] NSgcLZko6gA -- زوج عمتي يهددها انها تبعد عن اخوي 🙄../ انصدمنا ان عمتي طلعت كذا .. اللي صار ..؟😭🔥
Deprecated Feature: Support for Python version 3.10 has been deprecated. Please update to Python 3.11 or above
Deprecated Feature: Support for Python version 3.10 has been deprecated. Please update to Python 3.11 or above
Deprecated Feature: Support for Python version 3.10 has been deprecated. Please update to Python 3.11 or above
09:39:37 INFO    yt2ds.pipeline: NSgcLZko6gA: 1718.5s of audio, -16.2 LUFS
09:39:37 INFO    yt2ds.pipeline: NSgcLZko6gA: 4055 subtitle words (yt_auto, ar)
09:39:37 INFO    yt2ds.stages.diarize: diarizing NSgcLZko6gA
09:40:28 INFO    yt2ds.stages.diarize: diarizer: 350 turns, 1 speakers, 0 overlap regions
09:40:28 INFO    yt2ds.pipeline: NSgcLZko6gA: 1 speakers, 350 turns
09:40:43 INFO    yt2ds.stages.vad: NSgcLZko6gA.16k: 202 speech regions, 1664.2s speech of 1718.5s (97%)
09:40:43 INFO    yt2ds.pipeline: NSgcLZko6gA: 254 candidate chunks
/home/ai2/saudi-youtube-data/youtube-to-dataset/src/yt2ds/stages/align.py:223: UserWarning: torchaudio.functional._alignment.forced_align has been deprecated. This deprecation is part of a large refactoring effort to transition TorchAudio into a maintenance phase. Please see https://github.com/pytorch/audio/issues/3902 for more information. It will be removed from the 2.9 release. 
  paths, scores = AF.forced_align(emissions, targets, blank=blank_id)
09:42:30 INFO    yt2ds.pipeline: NSgcLZko6gA: aligned 4055/4055 subtitle words
09:42:33 INFO    yt2ds.pipeline: NSgcLZko6gA: kept 203, rejected 51, 21.7 min of audio in 185s
09:42:33 INFO    yt2ds.pipeline: NSgcLZko6gA: freed 244 MB
09:42:33 INFO    yt2ds.pipeline: [232/1130] Iul1RwyrPZ4 -- بسبب هديه زوجي لابوي ./ ماتوقعت يصير كل هالشيء..🔥💔😭..؟
Deprecated Feature: Support for Python version 3.10 has been deprecated. Please update to Python 3.11 or above
Deprecated Feature: Support for Python version 3.10 has been deprecated. Please update to Python 3.11 or above
09:42:40 INFO    yt2ds.pipeline: Iul1RwyrPZ4: 1096.6s of audio, -16.4 LUFS
09:42:40 INFO    yt2ds.pipeline: Iul1RwyrPZ4: 2619 subtitle words (yt_auto, ar)
09:42:40 INFO    yt2ds.stages.diarize: diarizing Iul1RwyrPZ4
09:43:15 INFO    yt2ds.stages.diarize: diarizer: 228 turns, 1 speakers, 0 overlap regions
09:43:15 INFO    yt2ds.pipeline: Iul1RwyrPZ4: 1 speakers, 228 turns
09:43:24 INFO    yt2ds.stages.vad: Iul1RwyrPZ4.16k: 114 speech regions, 1066.8s speech of 1096.6s (97%)
09:43:24 INFO    yt2ds.pipeline: Iul1RwyrPZ4: 174 candidate chunks
09:44:14 INFO    yt2ds.stages.speakers: Iul1RwyrPZ4_SPK1: dropped 1/174 chunks as off-centroid
/home/ai2/saudi-youtube-data/youtube-to-dataset/src/yt2ds/stages/align.py:223: UserWarning: torchaudio.functional._alignment.forced_align has been deprecated. This deprecation is part of a large refactoring effort to transition TorchAudio into a maintenance phase. Please see https://github.com/pytorch/audio/issues/3902 for more information. It will be removed from the 2.9 release. 
  paths, scores = AF.forced_align(emissions, targets, blank=blank_id)
09:44:29 INFO    yt2ds.pipeline: Iul1RwyrPZ4: aligned 2619/2619 subtitle words
09:44:31 INFO    yt2ds.pipeline: Iul1RwyrPZ4: kept 150, rejected 24, 15.1 min of audio in 117s
09:44:32 INFO    yt2ds.pipeline: Iul1RwyrPZ4: freed 156 MB
09:44:32 INFO    yt2ds.pipeline: [233/1130] 1SwpAw-DgyM -- زوجي اتفق مع اخوي ان امي تسكن معاي 😱. / اللي سوته فيني ماقدر اتخطاه.😭💔🔥
Deprecated Feature: Support for Python version 3.10 has been deprecated. Please update to Python 3.11 or above
Deprecated Feature: Support for Python version 3.10 has been deprecated. Please update to Python 3.11 or above
09:44:42 INFO    yt2ds.pipeline: 1SwpAw-DgyM: 1501.0s of audio, -16.7 LUFS
09:44:42 INFO    yt2ds.pipeline: 1SwpAw-DgyM: 3478 subtitle words (yt_auto, ar)
09:44:42 INFO    yt2ds.stages.diarize: diarizing 1SwpAw-DgyM
09:45:27 INFO    yt2ds.stages.diarize: diarizer: 312 turns, 2 speakers, 0 overlap regions
09:45:27 INFO    yt2ds.pipeline: 1SwpAw-DgyM: 2 speakers, 312 turns
09:45:27 INFO    yt2ds.stages.diarize: collapsing 2 speakers to 2 (100% of speech)
09:45:40 INFO    yt2ds.stages.vad: 1SwpAw-DgyM.16k: 127 speech regions, 1426.3s speech of 1501.0s (95%)
09:45:40 INFO    yt2ds.pipeline: 1SwpAw-DgyM: 227 candidate chunks
/home/ai2/saudi-youtube-data/youtube-to-dataset/src/yt2ds/stages/align.py:223: UserWarning: torchaudio.functional._alignment.forced_align has been deprecated. This deprecation is part of a large refactoring effort to transition TorchAudio into a maintenance phase. Please see https://github.com/pytorch/audio/issues/3902 for more information. It will be removed from the 2.9 release. 
  paths, scores = AF.forced_align(emissions, targets, blank=blank_id)
09:47:10 INFO    yt2ds.pipeline: 1SwpAw-DgyM: aligned 3478/3478 subtitle words
09:47:13 INFO    yt2ds.pipeline: 1SwpAw-DgyM: kept 208, rejected 19, 21.5 min of audio in 160s
09:47:13 INFO    yt2ds.pipeline: 1SwpAw-DgyM: freed 213 MB
09:47:13 INFO    yt2ds.pipeline: [234/1130] lsifYZCYuRY -- امي حضرت عرس طليقي ../ ولا توقعت انها بتسوي كذا💔😱🔥..؟
Deprecated Feature: Support for Python version 3.10 has been deprecated. Please update to Python 3.11 or above
Deprecated Feature: Support for Python version 3.10 has been deprecated. Please update to Python 3.11 or above
09:47:24 INFO    yt2ds.pipeline: lsifYZCYuRY: 1622.3s of audio, -16.3 LUFS
09:47:24 INFO    yt2ds.pipeline: lsifYZCYuRY: 3896 subtitle words (yt_auto, ar)
09:47:24 INFO    yt2ds.stages.diarize: diarizing lsifYZCYuRY
09:48:13 INFO    yt2ds.stages.diarize: diarizer: 360 turns, 2 speakers, 1 overlap regions
09:48:13 INFO    yt2ds.pipeline: lsifYZCYuRY: 2 speakers, 360 turns
09:48:13 INFO    yt2ds.stages.diarize: collapsing 2 speakers to 1 (100% of speech)
09:48:26 INFO    yt2ds.stages.vad: lsifYZCYuRY.16k: 170 speech regions, 1576.3s speech of 1622.3s (97%)
09:48:26 INFO    yt2ds.stages.segment: overlap removal dropped 0.3s of speech
09:48:27 INFO    yt2ds.pipeline: lsifYZCYuRY: 278 candidate chunks
09:49:52 INFO    yt2ds.stages.speakers: lsifYZCYuRY_SPK1: dropped 1/277 chunks as off-centroid
/home/ai2/saudi-youtube-data/youtube-to-dataset/src/yt2ds/stages/align.py:223: UserWarning: torchaudio.functional._alignment.forced_align has been deprecated. This deprecation is part of a large refactoring effort to transition TorchAudio into a maintenance phase. Please see https://github.com/pytorch/audio/issues/3902 for more information. It will be removed from the 2.9 release. 
  paths, scores = AF.forced_align(emissions, targets, blank=blank_id)
09:50:15 INFO    yt2ds.pipeline: lsifYZCYuRY: aligned 3896/3896 subtitle words
09:50:18 INFO    yt2ds.pipeline: lsifYZCYuRY: kept 238, rejected 40, 22.5 min of audio in 184s
09:50:18 INFO    yt2ds.pipeline: lsifYZCYuRY: freed 231 MB
09:50:18 INFO    yt2ds.pipeline: [235/1130] wzqRUnU1O7Q -- بلكت حبيبتي السابقه ولاني ماعطيتها وجه.. /كادت لي قدام زوجتي بشي ماتوقعته..؟ 😱😭🔥
Deprecated Feature: Support for Python version 3.10 has been deprecated. Please update to Python 3.11 or above
Deprecated Feature: Support for Python version 3.10 has been deprecated. Please update to Python 3.11 or above
09:50:34 INFO    yt2ds.pipeline: wzqRUnU1O7Q: 2541.3s of audio, -16.5 LUFS
09:50:34 INFO    yt2ds.pipeline: wzqRUnU1O7Q: 6149 subtitle words (yt_auto, ar)
09:50:34 INFO    yt2ds.stages.diarize: diarizing wzqRUnU1O7Q
09:51:47 INFO    yt2ds.stages.diarize: diarizer: 498 turns, 1 speakers, 0 overlap regions
09:51:47 INFO    yt2ds.pipeline: wzqRUnU1O7Q: 1 speakers, 498 turns
09:52:08 INFO    yt2ds.stages.vad: wzqRUnU1O7Q.16k: 245 speech regions, 2476.5s speech of 2541.3s (97%)
09:52:08 INFO    yt2ds.pipeline: wzqRUnU1O7Q: 381 candidate chunks
/home/ai2/saudi-youtube-data/youtube-to-dataset/src/yt2ds/stages/align.py:223: UserWarning: torchaudio.functional._alignment.forced_align has been deprecated. This deprecation is part of a large refactoring effort to transition TorchAudio into a maintenance phase. Please see https://github.com/pytorch/audio/issues/3902 for more information. It will be removed from the 2.9 release. 
  paths, scores = AF.forced_align(emissions, targets, blank=blank_id)
09:54:52 INFO    yt2ds.pipeline: wzqRUnU1O7Q: aligned 6149/6149 subtitle words
09:54:57 INFO    yt2ds.pipeline: wzqRUnU1O7Q: kept 303, rejected 78, 32.5 min of audio in 277s
09:54:57 INFO    yt2ds.pipeline: wzqRUnU1O7Q: freed 361 MB
09:54:57 INFO    yt2ds.pipeline: [236/1130] X7dypeN9z3c -- استاذ اللغه العربيه طلب مني القي كلمة الخريجين بس شرط علي شرط ماتوقعته...اللي صار..؟💔😱🔥
Deprecated Feature: Support for Python version 3.10 has been deprecated. Please update to Python 3.11 or above
Deprecated Feature: Support for Python version 3.10 has been deprecated. Please update to Python 3.11 or above
09:55:19 INFO    yt2ds.pipeline: X7dypeN9z3c: 3180.9s of audio, -16.5 LUFS
09:55:19 INFO    yt2ds.pipeline: X7dypeN9z3c: 7354 subtitle words (yt_auto, ar)
09:55:19 INFO    yt2ds.stages.diarize: diarizing X7dypeN9z3c
09:56:48 INFO    yt2ds.stages.diarize: diarizer: 692 turns, 1 speakers, 0 overlap regions
09:56:48 INFO    yt2ds.pipeline: X7dypeN9z3c: 1 speakers, 692 turns
09:57:30 INFO    yt2ds.stages.vad: X7dypeN9z3c.16k: 228 speech regions, 3121.5s speech of 3180.9s (98%)
09:57:31 INFO    yt2ds.pipeline: X7dypeN9z3c: 499 candidate chunks
/home/ai2/saudi-youtube-data/youtube-to-dataset/src/yt2ds/stages/align.py:223: UserWarning: torchaudio.functional._alignment.forced_align has been deprecated. This deprecation is part of a large refactoring effort to transition TorchAudio into a maintenance phase. Please see https://github.com/pytorch/audio/issues/3902 for more information. It will be removed from the 2.9 release. 
  paths, scores = AF.forced_align(emissions, targets, blank=blank_id)
10:00:52 INFO    yt2ds.pipeline: X7dypeN9z3c: aligned 7354/7354 subtitle words
10:00:59 INFO    yt2ds.pipeline: X7dypeN9z3c: kept 426, rejected 73, 43.8 min of audio in 360s
10:00:59 INFO    yt2ds.pipeline: X7dypeN9z3c: freed 452 MB
10:00:59 INFO    yt2ds.pipeline: [237/1130] 9LS6ebTsiVw -- اخوي شرط علي اني اكون جاره والسبب بنات اختي..؟؟😱🔥💔
Deprecated Feature: Support for Python version 3.10 has been deprecated. Please update to Python 3.11 or above
Deprecated Feature: Support for Python version 3.10 has been deprecated. Please update to Python 3.11 or above
10:01:08 INFO    yt2ds.pipeline: 9LS6ebTsiVw: 972.5s of audio, -16.4 LUFS
10:01:08 INFO    yt2ds.pipeline: 9LS6ebTsiVw: 2277 subtitle words (yt_auto, ar)
10:01:08 INFO    yt2ds.stages.diarize: diarizing 9LS6ebTsiVw
10:01:41 INFO    yt2ds.stages.diarize: diarizer: 195 turns, 1 speakers, 0 overlap regions
10:01:41 INFO    yt2ds.pipeline: 9LS6ebTsiVw: 1 speakers, 195 turns
10:01:49 INFO    yt2ds.stages.vad: 9LS6ebTsiVw.16k: 71 speech regions, 946.9s speech of 972.5s (97%)
10:01:49 INFO    yt2ds.pipeline: 9LS6ebTsiVw: 148 candidate chunks
/home/ai2/saudi-youtube-data/youtube-to-dataset/src/yt2ds/stages/align.py:223: UserWarning: torchaudio.functional._alignment.forced_align has been deprecated. This deprecation is part of a large refactoring effort to transition TorchAudio into a maintenance phase. Please see https://github.com/pytorch/audio/issues/3902 for more information. It will be removed from the 2.9 release. 
  paths, scores = AF.forced_align(emissions, targets, blank=blank_id)
10:02:48 INFO    yt2ds.pipeline: 9LS6ebTsiVw: aligned 2277/2277 subtitle words
10:02:50 INFO    yt2ds.pipeline: 9LS6ebTsiVw: kept 118, rejected 30, 12.6 min of audio in 109s
10:02:50 INFO    yt2ds.pipeline: 9LS6ebTsiVw: freed 139 MB
10:02:50 INFO    yt2ds.pipeline: [238/1130] 6nFc7HIvmIA -- اخوي ضرب خدامتنا عشان زوجته..😱..؟ وكررت نفس الشي مع خدامة اختي..؟ اللي صار مو طبيعي 😭🔥
Deprecated Feature: Support for Python version 3.10 has been deprecated. Please update to Python 3.11 or above
Deprecated Feature: Support for Python version 3.10 has been deprecated. Please update to Python 3.11 or above
10:03:02 INFO    yt2ds.pipeline: 6nFc7HIvmIA: 1818.2s of audio, -16.5 LUFS
10:03:02 INFO    yt2ds.pipeline: 6nFc7HIvmIA: 4202 subtitle words (yt_auto, ar)
10:03:02 INFO    yt2ds.stages.diarize: diarizing 6nFc7HIvmIA
10:03:56 INFO    yt2ds.stages.diarize: diarizer: 356 turns, 1 speakers, 0 overlap regions
10:03:56 INFO    yt2ds.pipeline: 6nFc7HIvmIA: 1 speakers, 356 turns
10:04:12 INFO    yt2ds.stages.vad: 6nFc7HIvmIA.16k: 158 speech regions, 1778.8s speech of 1818.2s (98%)
10:04:12 INFO    yt2ds.pipeline: 6nFc7HIvmIA: 281 candidate chunks
/home/ai2/saudi-youtube-data/youtube-to-dataset/src/yt2ds/stages/align.py:223: UserWarning: torchaudio.functional._alignment.forced_align has been deprecated. This deprecation is part of a large refactoring effort to transition TorchAudio into a maintenance phase. Please see https://github.com/pytorch/audio/issues/3902 for more information. It will be removed from the 2.9 release. 
  paths, scores = AF.forced_align(emissions, targets, blank=blank_id)
10:06:05 INFO    yt2ds.pipeline: 6nFc7HIvmIA: aligned 4202/4202 subtitle words
10:06:08 INFO    yt2ds.pipeline: 6nFc7HIvmIA: kept 184, rejected 97, 18.8 min of audio in 197s
10:06:08 INFO    yt2ds.pipeline: 6nFc7HIvmIA: freed 258 MB
10:06:08 INFO    yt2ds.pipeline: [239/1130] kfwj4FSBG-Q -- عيلتي يمنعوني من اعراسهم ويخافون علي من بناتهم لاني...😭؟ اللي صار قلب كل الموازين...😱💔🔥
Deprecated Feature: Support for Python version 3.10 has been deprecated. Please update to Python 3.11 or above
Deprecated Feature: Support for Python version 3.10 has been deprecated. Please update to Python 3.11 or above
10:06:20 INFO    yt2ds.pipeline: kfwj4FSBG-Q: 1504.4s of audio, -16.3 LUFS
10:06:20 INFO    yt2ds.pipeline: kfwj4FSBG-Q: 3545 subtitle words (yt_auto, ar)
10:06:20 INFO    yt2ds.stages.diarize: diarizing kfwj4FSBG-Q
10:07:08 INFO    yt2ds.stages.diarize: diarizer: 286 turns, 1 speakers, 0 overlap regions
10:07:08 INFO    yt2ds.pipeline: kfwj4FSBG-Q: 1 speakers, 286 turns
10:07:21 INFO    yt2ds.stages.vad: kfwj4FSBG-Q.16k: 101 speech regions, 1472.0s speech of 1504.4s (98%)
10:07:21 INFO    yt2ds.pipeline: kfwj4FSBG-Q: 225 candidate chunks
10:08:31 INFO    yt2ds.stages.speakers: kfwj4FSBG-Q_SPK1: dropped 1/225 chunks as off-centroid
/home/ai2/saudi-youtube-data/youtube-to-dataset/src/yt2ds/stages/align.py:223: UserWarning: torchaudio.functional._alignment.forced_align has been deprecated. This deprecation is part of a large refactoring effort to transition TorchAudio into a maintenance phase. Please see https://github.com/pytorch/audio/issues/3902 for more information. It will be removed from the 2.9 release. 
  paths, scores = AF.forced_align(emissions, targets, blank=blank_id)
10:08:52 INFO    yt2ds.pipeline: kfwj4FSBG-Q: aligned 3545/3545 subtitle words
10:08:55 INFO    yt2ds.pipeline: kfwj4FSBG-Q: kept 202, rejected 23, 21.7 min of audio in 165s
10:08:55 INFO    yt2ds.pipeline: kfwj4FSBG-Q: freed 214 MB
10:08:55 INFO    yt2ds.pipeline: [240/1130] _1t017SSyq0 -- زوجي قرر يطلقني بعد اللي سووه اهله فيني وانا حامل 😱.. ؟ اللي صار  محد يتخيله .. 😭💔🔥
Deprecated Feature: Support for Python version 3.10 has been deprecated. Please update to Python 3.11 or above
Deprecated Feature: Support for Python version 3.10 has been deprecated. Please update to Python 3.11 or above
10:09:14 INFO    yt2ds.pipeline: _1t017SSyq0: 2700.3s of audio, -16.5 LUFS
10:09:14 INFO    yt2ds.pipeline: _1t017SSyq0: 6509 subtitle words (yt_auto, ar)
10:09:14 INFO    yt2ds.stages.diarize: diarizing _1t017SSyq0
10:10:31 INFO    yt2ds.stages.diarize: diarizer: 539 turns, 3 speakers, 0 overlap regions
10:10:31 INFO    yt2ds.pipeline: _1t017SSyq0: 3 speakers, 539 turns
10:10:31 INFO    yt2ds.stages.diarize: collapsing 3 speakers to 2 (100% of speech)
10:10:54 INFO    yt2ds.stages.vad: _1t017SSyq0.16k: 232 speech regions, 2636.2s speech of 2700.3s (98%)
10:10:54 INFO    yt2ds.pipeline: _1t017SSyq0: 430 candidate chunks
/home/ai2/saudi-youtube-data/youtube-to-dataset/src/yt2ds/stages/align.py:223: UserWarning: torchaudio.functional._alignment.forced_align has been deprecated. This deprecation is part of a large refactoring effort to transition TorchAudio into a maintenance phase. Please see https://github.com/pytorch/audio/issues/3902 for more information. It will be removed from the 2.9 release. 
  paths, scores = AF.forced_align(emissions, targets, blank=blank_id)
10:13:49 INFO    yt2ds.pipeline: _1t017SSyq0: aligned 6509/6509 subtitle words
10:13:54 INFO    yt2ds.pipeline: _1t017SSyq0: kept 384, rejected 46, 39.4 min of audio in 298s
10:13:54 INFO    yt2ds.pipeline: _1t017SSyq0: freed 384 MB
10:13:54 INFO    yt2ds.pipeline: [241/1130] yGE1ubt2MhU -- من الطفوله يبتزني انا واختي ويهددنا بالفضيحه...😱😭🔥..؟
Deprecated Feature: Support for Python version 3.10 has been deprecated. Please update to Python 3.11 or above
Deprecated Feature: Support for Python version 3.10 has been deprecated. Please update to Python 3.11 or above
10:14:02 INFO    yt2ds.pipeline: yGE1ubt2MhU: 987.4s of audio, -16.3 LUFS
10:14:02 INFO    yt2ds.pipeline: yGE1ubt2MhU: 2351 subtitle words (yt_auto, ar)
10:14:02 INFO    yt2ds.stages.diarize: diarizing yGE1ubt2MhU
10:14:34 INFO    yt2ds.stages.diarize: diarizer: 203 turns, 1 speakers, 0 overlap regions
10:14:34 INFO    yt2ds.pipeline: yGE1ubt2MhU: 1 speakers, 203 turns
10:14:42 INFO    yt2ds.stages.vad: yGE1ubt2MhU.16k: 67 speech regions, 968.8s speech of 987.4s (98%)
10:14:42 INFO    yt2ds.pipeline: yGE1ubt2MhU: 157 candidate chunks
10:15:30 INFO    yt2ds.stages.speakers: yGE1ubt2MhU_SPK1: dropped 2/157 chunks as off-centroid
/home/ai2/saudi-youtube-data/youtube-to-dataset/src/yt2ds/stages/align.py:223: UserWarning: torchaudio.functional._alignment.forced_align has been deprecated. This deprecation is part of a large refactoring effort to transition TorchAudio into a maintenance phase. Please see https://github.com/pytorch/audio/issues/3902 for more information. It will be removed from the 2.9 release. 
  paths, scores = AF.forced_align(emissions, targets, blank=blank_id)
10:15:44 INFO    yt2ds.pipeline: yGE1ubt2MhU: aligned 2351/2351 subtitle words
10:15:46 INFO    yt2ds.pipeline: yGE1ubt2MhU: kept 139, rejected 18, 14.3 min of audio in 110s
10:15:46 INFO    yt2ds.pipeline: yGE1ubt2MhU: freed 141 MB
10:15:46 INFO    yt2ds.pipeline: [242/1130] MCzVd8N7OjA -- اخت زوجي تقول بيتي يتعذرك ولي أسبابي الخاصه..😱..؟ ماتوقعت اللي سوته فيني صدمه٠٠٠😭🔥
Deprecated Feature: Support for Python version 3.10 has been deprecated. Please update to Python 3.11 or above
Deprecated Feature: Support for Python version 3.10 has been deprecated. Please update to Python 3.11 or above
10:15:57 INFO    yt2ds.pipeline: MCzVd8N7OjA: 1516.4s of audio, -16.1 LUFS
10:15:57 INFO    yt2ds.pipeline: MCzVd8N7OjA: 3689 subtitle words (yt_auto, ar)
10:15:57 INFO    yt2ds.stages.diarize: diarizing MCzVd8N7OjA
10:16:43 INFO    yt2ds.stages.diarize: diarizer: 289 turns, 1 speakers, 0 overlap regions
10:16:43 INFO    yt2ds.pipeline: MCzVd8N7OjA: 1 speakers, 289 turns
10:16:56 INFO    yt2ds.stages.vad: MCzVd8N7OjA.16k: 110 speech regions, 1491.0s speech of 1516.4s (98%)
10:16:56 INFO    yt2ds.pipeline: MCzVd8N7OjA: 230 candidate chunks
10:18:08 INFO    yt2ds.stages.speakers: MCzVd8N7OjA_SPK1: dropped 1/229 chunks as off-centroid
/home/ai2/saudi-youtube-data/youtube-to-dataset/src/yt2ds/stages/align.py:223: UserWarning: torchaudio.functional._alignment.forced_align has been deprecated. This deprecation is part of a large refactoring effort to transition TorchAudio into a maintenance phase. Please see https://github.com/pytorch/audio/issues/3902 for more information. It will be removed from the 2.9 release. 
  paths, scores = AF.forced_align(emissions, targets, blank=blank_id)
10:18:30 INFO    yt2ds.pipeline: MCzVd8N7OjA: aligned 3689/3689 subtitle words
10:18:32 INFO    yt2ds.pipeline: MCzVd8N7OjA: kept 169, rejected 61, 18.0 min of audio in 165s
10:18:32 INFO    yt2ds.pipeline: MCzVd8N7OjA: freed 216 MB
10:18:32 INFO    yt2ds.pipeline: [243/1130] j22Gw1zCdqo -- من نعيم جدتي ام امي إلى جحيم جدتي ام ابوي..؟؟🔥😭💔
Deprecated Feature: Support for Python version 3.10 has been deprecated. Please update to Python 3.11 or above
Deprecated Feature: Support for Python version 3.10 has been deprecated. Please update to Python 3.11 or above
10:18:44 INFO    yt2ds.pipeline: j22Gw1zCdqo: 1691.4s of audio, -16.1 LUFS
10:18:44 INFO    yt2ds.pipeline: j22Gw1zCdqo: 3934 subtitle words (yt_auto, ar)
10:18:44 INFO    yt2ds.stages.diarize: diarizing j22Gw1zCdqo
10:19:35 INFO    yt2ds.stages.diarize: diarizer: 346 turns, 1 speakers, 0 overlap regions
10:19:35 INFO    yt2ds.pipeline: j22Gw1zCdqo: 1 speakers, 346 turns
10:19:49 INFO    yt2ds.stages.vad: j22Gw1zCdqo.16k: 136 speech regions, 1649.8s speech of 1691.4s (98%)
10:19:49 INFO    yt2ds.pipeline: j22Gw1zCdqo: 270 candidate chunks
10:21:12 INFO    yt2ds.stages.speakers: j22Gw1zCdqo_SPK1: dropped 1/269 chunks as off-centroid
/home/ai2/saudi-youtube-data/youtube-to-dataset/src/yt2ds/stages/align.py:223: UserWarning: torchaudio.functional._alignment.forced_align has been deprecated. This deprecation is part of a large refactoring effort to transition TorchAudio into a maintenance phase. Please see https://github.com/pytorch/audio/issues/3902 for more information. It will be removed from the 2.9 release. 
  paths, scores = AF.forced_align(emissions, targets, blank=blank_id)
10:21:37 INFO    yt2ds.pipeline: j22Gw1zCdqo: aligned 3934/3934 subtitle words
10:21:40 INFO    yt2ds.pipeline: j22Gw1zCdqo: kept 215, rejected 55, 22.2 min of audio in 187s
10:21:40 INFO    yt2ds.pipeline: j22Gw1zCdqo: freed 240 MB
10:21:40 INFO    yt2ds.pipeline: [244/1130] DvN3yRr9VUQ -- جونا حريم يستنجدون بأمي انها تساعدهم ..😱..؟وانصدمنا من أعمامي انهم...؟.😭🔥💔
Deprecated Feature: Support for Python version 3.10 has been deprecated. Please update to Python 3.11 or above
Deprecated Feature: Support for Python version 3.10 has been deprecated. Please update to Python 3.11 or above
10:21:54 INFO    yt2ds.pipeline: DvN3yRr9VUQ: 1921.2s of audio, -16.5 LUFS
10:21:54 INFO    yt2ds.pipeline: DvN3yRr9VUQ: 4569 subtitle words (yt_auto, ar)
10:21:54 INFO    yt2ds.stages.diarize: diarizing DvN3yRr9VUQ
10:22:50 INFO    yt2ds.stages.diarize: diarizer: 399 turns, 2 speakers, 0 overlap regions
10:22:50 INFO    yt2ds.pipeline: DvN3yRr9VUQ: 2 speakers, 399 turns
10:22:50 INFO    yt2ds.stages.diarize: collapsing 2 speakers to 1 (100% of speech)
10:23:06 INFO    yt2ds.stages.vad: DvN3yRr9VUQ.16k: 207 speech regions, 1861.0s speech of 1921.2s (97%)
10:23:06 INFO    yt2ds.pipeline: DvN3yRr9VUQ: 299 candidate chunks
10:24:36 INFO    yt2ds.stages.speakers: DvN3yRr9VUQ_SPK1: dropped 1/299 chunks as off-centroid
/home/ai2/saudi-youtube-data/youtube-to-dataset/src/yt2ds/stages/align.py:223: UserWarning: torchaudio.functional._alignment.forced_align has been deprecated. This deprecation is part of a large refactoring effort to transition TorchAudio into a maintenance phase. Please see https://github.com/pytorch/audio/issues/3902 for more information. It will be removed from the 2.9 release. 
  paths, scores = AF.forced_align(emissions, targets, blank=blank_id)
10:25:05 INFO    yt2ds.pipeline: DvN3yRr9VUQ: aligned 4569/4569 subtitle words
10:25:09 INFO    yt2ds.pipeline: DvN3yRr9VUQ: kept 264, rejected 35, 26.6 min of audio in 207s
10:25:09 INFO    yt2ds.pipeline: DvN3yRr9VUQ: freed 273 MB
10:25:09 INFO    yt2ds.pipeline: [245/1130] ief1GGiN0Kw -- اخت زوجي تبي تزوج زوجي من..😱.؟ وكلهم ضاغطين علي بس لاني ..😭💔🔥
Deprecated Feature: Support for Python version 3.10 has been deprecated. Please update to Python 3.11 or above
Deprecated Feature: Support for Python version 3.10 has been deprecated. Please update to Python 3.11 or above
10:25:21 INFO    yt2ds.pipeline: ief1GGiN0Kw: 1804.1s of audio, -16.6 LUFS
10:25:21 INFO    yt2ds.pipeline: ief1GGiN0Kw: 4180 subtitle words (yt_auto, ar)
10:25:21 INFO    yt2ds.stages.diarize: diarizing ief1GGiN0Kw
10:26:14 INFO    yt2ds.stages.diarize: diarizer: 387 turns, 1 speakers, 0 overlap regions
10:26:14 INFO    yt2ds.pipeline: ief1GGiN0Kw: 1 speakers, 387 turns
10:26:29 INFO    yt2ds.stages.vad: ief1GGiN0Kw.16k: 176 speech regions, 1759.8s speech of 1804.1s (98%)
10:26:29 INFO    yt2ds.pipeline: ief1GGiN0Kw: 282 candidate chunks
10:27:52 INFO    yt2ds.stages.speakers: ief1GGiN0Kw_SPK1: dropped 2/282 chunks as off-centroid
/home/ai2/saudi-youtube-data/youtube-to-dataset/src/yt2ds/stages/align.py:223: UserWarning: torchaudio.functional._alignment.forced_align has been deprecated. This deprecation is part of a large refactoring effort to transition TorchAudio into a maintenance phase. Please see https://github.com/pytorch/audio/issues/3902 for more information. It will be removed from the 2.9 release. 
  paths, scores = AF.forced_align(emissions, targets, blank=blank_id)
10:28:20 INFO    yt2ds.pipeline: ief1GGiN0Kw: aligned 4180/4180 subtitle words
10:28:23 INFO    yt2ds.pipeline: ief1GGiN0Kw: kept 215, rejected 67, 22.9 min of audio in 193s
10:28:23 INFO    yt2ds.pipeline: ief1GGiN0Kw: freed 256 MB
10:28:23 INFO    yt2ds.pipeline: [246/1130] GfSTZTdH_5o -- رحله عائليه قلبت حياتي جحيم بسبب غلطه..😱؟/  حرموني من الجامعه بس لاني ...🔥💔😭..؟
Deprecated Feature: Support for Python version 3.10 has been deprecated. Please update to Python 3.11 or above
Deprecated Feature: Support for Python version 3.10 has been deprecated. Please update to Python 3.11 or above
10:28:34 INFO    yt2ds.pipeline: GfSTZTdH_5o: 1691.2s of audio, -16.7 LUFS
10:28:34 INFO    yt2ds.pipeline: GfSTZTdH_5o: 3953 subtitle words (yt_auto, ar)
10:28:34 INFO    yt2ds.stages.diarize: diarizing GfSTZTdH_5o
10:29:25 INFO    yt2ds.stages.diarize: diarizer: 331 turns, 2 speakers, 0 overlap regions
10:29:25 INFO    yt2ds.pipeline: GfSTZTdH_5o: 2 speakers, 331 turns
10:29:25 INFO    yt2ds.stages.diarize: collapsing 2 speakers to 1 (100% of speech)
10:29:39 INFO    yt2ds.stages.vad: GfSTZTdH_5o.16k: 145 speech regions, 1656.3s speech of 1691.2s (98%)
10:29:39 INFO    yt2ds.pipeline: GfSTZTdH_5o: 247 candidate chunks
/home/ai2/saudi-youtube-data/youtube-to-dataset/src/yt2ds/stages/align.py:223: UserWarning: torchaudio.functional._alignment.forced_align has been deprecated. This deprecation is part of a large refactoring effort to transition TorchAudio into a maintenance phase. Please see https://github.com/pytorch/audio/issues/3902 for more information. It will be removed from the 2.9 release. 
  paths, scores = AF.forced_align(emissions, targets, blank=blank_id)
10:31:21 INFO    yt2ds.pipeline: GfSTZTdH_5o: aligned 3953/3953 subtitle words
10:31:24 INFO    yt2ds.pipeline: GfSTZTdH_5o: kept 205, rejected 42, 22.0 min of audio in 179s
10:31:24 INFO    yt2ds.pipeline: GfSTZTdH_5o: freed 241 MB
10:31:24 INFO    yt2ds.pipeline: [247/1130] jYJfZR92WvM -- اخت زوجتي تراسلني بدون محد يعرف ..😱🔥.؟ ماتوقعت انها تسوي فيني كذا..💔😭
Deprecated Feature: Support for Python version 3.10 has been deprecated. Please update to Python 3.11 or above
Deprecated Feature: Support for Python version 3.10 has been deprecated. Please update to Python 3.11 or above
10:31:35 INFO    yt2ds.pipeline: jYJfZR92WvM: 1440.2s of audio, -16.7 LUFS
10:31:35 INFO    yt2ds.pipeline: jYJfZR92WvM: 3379 subtitle words (yt_auto, ar)
10:31:35 INFO    yt2ds.stages.diarize: diarizing jYJfZR92WvM
10:32:19 INFO    yt2ds.stages.diarize: diarizer: 281 turns, 2 speakers, 0 overlap regions
10:32:19 INFO    yt2ds.pipeline: jYJfZR92WvM: 2 speakers, 281 turns
10:32:19 INFO    yt2ds.stages.diarize: collapsing 2 speakers to 2 (100% of speech)
10:32:31 INFO    yt2ds.stages.vad: jYJfZR92WvM.16k: 125 speech regions, 1376.7s speech of 1440.2s (96%)
10:32:31 INFO    yt2ds.pipeline: jYJfZR92WvM: 216 candidate chunks
/home/ai2/saudi-youtube-data/youtube-to-dataset/src/yt2ds/stages/align.py:223: UserWarning: torchaudio.functional._alignment.forced_align has been deprecated. This deprecation is part of a large refactoring effort to transition TorchAudio into a maintenance phase. Please see https://github.com/pytorch/audio/issues/3902 for more information. It will be removed from the 2.9 release. 
  paths, scores = AF.forced_align(emissions, targets, blank=blank_id)
10:33:50 INFO    yt2ds.pipeline: jYJfZR92WvM: aligned 3379/3379 subtitle words
10:33:53 INFO    yt2ds.pipeline: jYJfZR92WvM: kept 160, rejected 56, 17.2 min of audio in 147s
10:33:53 INFO    yt2ds.pipeline: jYJfZR92WvM: freed 204 MB
10:33:53 INFO    yt2ds.pipeline: [248/1130] GGGbQKbM-f8 -- اكتشفت ان اخوي يفرح  اذا تزاعلنا انا وزوجي ... ؟والسبب صادم 😭😱🔥
Deprecated Feature: Support for Python version 3.10 has been deprecated. Please update to Python 3.11 or above
Deprecated Feature: Support for Python version 3.10 has been deprecated. Please update to Python 3.11 or above
10:34:00 INFO    yt2ds.pipeline: GGGbQKbM-f8: 1020.6s of audio, -16.2 LUFS
10:34:00 INFO    yt2ds.pipeline: GGGbQKbM-f8: 2458 subtitle words (yt_auto, ar)
10:34:00 INFO    yt2ds.stages.diarize: diarizing GGGbQKbM-f8
10:34:33 INFO    yt2ds.stages.diarize: diarizer: 196 turns, 2 speakers, 0 overlap regions
10:34:33 INFO    yt2ds.pipeline: GGGbQKbM-f8: 2 speakers, 196 turns
10:34:33 INFO    yt2ds.stages.diarize: collapsing 2 speakers to 2 (100% of speech)
10:34:41 INFO    yt2ds.stages.vad: GGGbQKbM-f8.16k: 78 speech regions, 985.8s speech of 1020.6s (97%)
10:34:41 INFO    yt2ds.pipeline: GGGbQKbM-f8: 156 candidate chunks
/home/ai2/saudi-youtube-data/youtube-to-dataset/src/yt2ds/stages/align.py:223: UserWarning: torchaudio.functional._alignment.forced_align has been deprecated. This deprecation is part of a large refactoring effort to transition TorchAudio into a maintenance phase. Please see https://github.com/pytorch/audio/issues/3902 for more information. It will be removed from the 2.9 release. 
  paths, scores = AF.forced_align(emissions, targets, blank=blank_id)
10:35:44 INFO    yt2ds.pipeline: GGGbQKbM-f8: aligned 2458/2458 subtitle words
10:35:45 INFO    yt2ds.pipeline: GGGbQKbM-f8: kept 41, rejected 115, 3.2 min of audio in 110s
10:35:45 INFO    yt2ds.pipeline: GGGbQKbM-f8: freed 145 MB
10:35:45 INFO    yt2ds.pipeline: [249/1130] u3w7v2GUhfY -- كل عيلتي يبوني اطلق زوجتي والسبب كذبه قالتها اختي..😱💔🔥.؟
Deprecated Feature: Support for Python version 3.10 has been deprecated. Please update to Python 3.11 or above
Deprecated Feature: Support for Python version 3.10 has been deprecated. Please update to Python 3.11 or above
10:36:01 INFO    yt2ds.pipeline: u3w7v2GUhfY: 2280.6s of audio, -16.5 LUFS
10:36:01 INFO    yt2ds.pipeline: u3w7v2GUhfY: 5596 subtitle words (yt_auto, ar)
10:36:01 INFO    yt2ds.stages.diarize: diarizing u3w7v2GUhfY
10:37:06 INFO    yt2ds.stages.diarize: diarizer: 431 turns, 2 speakers, 0 overlap regions
10:37:06 INFO    yt2ds.pipeline: u3w7v2GUhfY: 2 speakers, 431 turns
10:37:06 INFO    yt2ds.stages.diarize: collapsing 2 speakers to 2 (100% of speech)
10:37:26 INFO    yt2ds.stages.vad: u3w7v2GUhfY.16k: 164 speech regions, 2208.0s speech of 2280.6s (97%)
10:37:26 INFO    yt2ds.pipeline: u3w7v2GUhfY: 343 candidate chunks
/home/ai2/saudi-youtube-data/youtube-to-dataset/src/yt2ds/stages/align.py:223: UserWarning: torchaudio.functional._alignment.forced_align has been deprecated. This deprecation is part of a large refactoring effort to transition TorchAudio into a maintenance phase. Please see https://github.com/pytorch/audio/issues/3902 for more information. It will be removed from the 2.9 release. 
  paths, scores = AF.forced_align(emissions, targets, blank=blank_id)
10:39:43 INFO    yt2ds.pipeline: u3w7v2GUhfY: aligned 5596/5596 subtitle words
10:39:47 INFO    yt2ds.pipeline: u3w7v2GUhfY: kept 289, rejected 54, 30.5 min of audio in 241s
10:39:47 INFO    yt2ds.pipeline: u3w7v2GUhfY: freed 324 MB
10:39:47 INFO    yt2ds.pipeline: [250/1130] eqVdDi2Bayc -- خليت امي تتصل على ام خطيبتي تطلبها حقي ..😱.؟ ولا توقعت الشيء اللي سوته فيني ...🔥💔😭
Deprecated Feature: Support for Python version 3.10 has been deprecated. Please update to Python 3.11 or above
Deprecated Feature: Support for Python version 3.10 has been deprecated. Please update to Python 3.11 or above
10:40:00 INFO    yt2ds.pipeline: eqVdDi2Bayc: 1995.1s of audio, -16.3 LUFS
10:40:00 INFO    yt2ds.pipeline: eqVdDi2Bayc: 4917 subtitle words (yt_auto, ar)
10:40:00 INFO    yt2ds.stages.diarize: diarizing eqVdDi2Bayc
10:40:58 INFO    yt2ds.stages.diarize: diarizer: 357 turns, 1 speakers, 0 overlap regions
10:40:58 INFO    yt2ds.pipeline: eqVdDi2Bayc: 1 speakers, 357 turns
10:41:15 INFO    yt2ds.stages.vad: eqVdDi2Bayc.16k: 182 speech regions, 1947.9s speech of 1995.1s (98%)
10:41:15 INFO    yt2ds.pipeline: eqVdDi2Bayc: 293 candidate chunks
/home/ai2/saudi-youtube-data/youtube-to-dataset/src/yt2ds/stages/align.py:223: UserWarning: torchaudio.functional._alignment.forced_align has been deprecated. This deprecation is part of a large refactoring effort to transition TorchAudio into a maintenance phase. Please see https://github.com/pytorch/audio/issues/3902 for more information. It will be removed from the 2.9 release. 
  paths, scores = AF.forced_align(emissions, targets, blank=blank_id)
10:43:18 INFO    yt2ds.pipeline: eqVdDi2Bayc: aligned 4917/4917 subtitle words
10:43:22 INFO    yt2ds.pipeline: eqVdDi2Bayc: kept 240, rejected 53, 26.3 min of audio in 214s
10:43:22 INFO    yt2ds.pipeline: eqVdDi2Bayc: freed 285 MB
10:43:22 INFO    yt2ds.pipeline: [251/1130] E-52Ef-CMWs -- شفت اخو زوجي بغرفتي ولما صارحت اخته وامه ماتوقعت انهم يسوون كذا فيني...😱🔥😭...؟
Deprecated Feature: Support for Python version 3.10 has been deprecated. Please update to Python 3.11 or above
Deprecated Feature: Support for Python version 3.10 has been deprecated. Please update to Python 3.11 or above
10:43:38 INFO    yt2ds.pipeline: E-52Ef-CMWs: 2281.5s of audio, -16.4 LUFS
10:43:38 INFO    yt2ds.pipeline: E-52Ef-CMWs: 5570 subtitle words (yt_auto, ar)
10:43:38 INFO    yt2ds.stages.diarize: diarizing E-52Ef-CMWs
10:44:44 INFO    yt2ds.stages.diarize: diarizer: 446 turns, 2 speakers, 0 overlap regions
10:44:44 INFO    yt2ds.pipeline: E-52Ef-CMWs: 2 speakers, 446 turns
10:44:44 INFO    yt2ds.stages.diarize: collapsing 2 speakers to 1 (100% of speech)
10:45:03 INFO    yt2ds.stages.vad: E-52Ef-CMWs.16k: 195 speech regions, 2195.1s speech of 2281.5s (96%)
10:45:03 INFO    yt2ds.pipeline: E-52Ef-CMWs: 344 candidate chunks
/home/ai2/saudi-youtube-data/youtube-to-dataset/src/yt2ds/stages/align.py:223: UserWarning: torchaudio.functional._alignment.forced_align has been deprecated. This deprecation is part of a large refactoring effort to transition TorchAudio into a maintenance phase. Please see https://github.com/pytorch/audio/issues/3902 for more information. It will be removed from the 2.9 release. 
  paths, scores = AF.forced_align(emissions, targets, blank=blank_id)
10:47:20 INFO    yt2ds.pipeline: E-52Ef-CMWs: aligned 5570/5570 subtitle words
10:47:23 INFO    yt2ds.pipeline: E-52Ef-CMWs: kept 206, rejected 138, 20.9 min of audio in 239s
10:47:23 INFO    yt2ds.pipeline: E-52Ef-CMWs: freed 324 MB
10:47:23 INFO    yt2ds.pipeline: [252/1130] 5S3xBLjgCMw -- انقلبت الموازين كلها بس عشان راح يصلي ..؟ اللي صار محد يتوقعه.😱😭🔥
Deprecated Feature: Support for Python version 3.10 has been deprecated. Please update to Python 3.11 or above
Deprecated Feature: Support for Python version 3.10 has been deprecated. Please update to Python 3.11 or above
10:47:32 INFO    yt2ds.pipeline: 5S3xBLjgCMw: 1056.6s of audio, -16.4 LUFS
10:47:32 INFO    yt2ds.pipeline: 5S3xBLjgCMw: 2482 subtitle words (yt_auto, ar)
10:47:32 INFO    yt2ds.stages.diarize: diarizing 5S3xBLjgCMw
10:48:05 INFO    yt2ds.stages.diarize: diarizer: 206 turns, 1 speakers, 0 overlap regions
10:48:05 INFO    yt2ds.pipeline: 5S3xBLjgCMw: 1 speakers, 206 turns
10:48:14 INFO    yt2ds.stages.vad: 5S3xBLjgCMw.16k: 74 speech regions, 1036.3s speech of 1056.6s (98%)
10:48:14 INFO    yt2ds.pipeline: 5S3xBLjgCMw: 156 candidate chunks
/home/ai2/saudi-youtube-data/youtube-to-dataset/src/yt2ds/stages/align.py:223: UserWarning: torchaudio.functional._alignment.forced_align has been deprecated. This deprecation is part of a large refactoring effort to transition TorchAudio into a maintenance phase. Please see https://github.com/pytorch/audio/issues/3902 for more information. It will be removed from the 2.9 release. 
  paths, scores = AF.forced_align(emissions, targets, blank=blank_id)
10:49:17 INFO    yt2ds.pipeline: 5S3xBLjgCMw: aligned 2482/2482 subtitle words
10:49:19 INFO    yt2ds.pipeline: 5S3xBLjgCMw: kept 120, rejected 36, 13.2 min of audio in 114s
10:49:19 INFO    yt2ds.pipeline: 5S3xBLjgCMw: freed 151 MB
10:49:19 INFO    yt2ds.pipeline: [253/1130] 527f3S8pnAY -- تهمه ملفقه لابوي في عمله  ..😱..؟ دفعنا ثمنها انا واخوي 😭💔🔥
Deprecated Feature: Support for Python version 3.10 has been deprecated. Please update to Python 3.11 or above
Deprecated Feature: Support for Python version 3.10 has been deprecated. Please update to Python 3.11 or above
10:49:32 INFO    yt2ds.pipeline: 527f3S8pnAY: 1845.1s of audio, -16.4 LUFS
10:49:32 INFO    yt2ds.pipeline: 527f3S8pnAY: 4516 subtitle words (yt_auto, ar)
10:49:32 INFO    yt2ds.stages.diarize: diarizing 527f3S8pnAY
10:50:26 INFO    yt2ds.stages.diarize: diarizer: 347 turns, 1 speakers, 0 overlap regions
10:50:26 INFO    yt2ds.pipeline: 527f3S8pnAY: 1 speakers, 347 turns
10:50:42 INFO    yt2ds.stages.vad: 527f3S8pnAY.16k: 103 speech regions, 1818.0s speech of 1845.1s (99%)
10:50:42 INFO    yt2ds.pipeline: 527f3S8pnAY: 263 candidate chunks
/home/ai2/saudi-youtube-data/youtube-to-dataset/src/yt2ds/stages/align.py:223: UserWarning: torchaudio.functional._alignment.forced_align has been deprecated. This deprecation is part of a large refactoring effort to transition TorchAudio into a maintenance phase. Please see https://github.com/pytorch/audio/issues/3902 for more information. It will be removed from the 2.9 release. 
  paths, scores = AF.forced_align(emissions, targets, blank=blank_id)
10:52:38 INFO    yt2ds.pipeline: 527f3S8pnAY: aligned 4516/4516 subtitle words
10:52:41 INFO    yt2ds.pipeline: 527f3S8pnAY: kept 233, rejected 30, 26.7 min of audio in 201s
10:52:41 INFO    yt2ds.pipeline: 527f3S8pnAY: freed 263 MB
10:52:41 INFO    yt2ds.pipeline: [254/1130] gY9Tpz9-U1I -- زوجة سجين انتقمت من زوجي بطريقه ماتوقعناها..😱../ اللي صار درس ماننساه ..💔🔥😱
Deprecated Feature: Support for Python version 3.10 has been deprecated. Please update to Python 3.11 or above
Deprecated Feature: Support for Python version 3.10 has been deprecated. Please update to Python 3.11 or above
10:52:59 INFO    yt2ds.pipeline: gY9Tpz9-U1I: 3043.4s of audio, -16.3 LUFS
10:52:59 INFO    yt2ds.pipeline: gY9Tpz9-U1I: 7197 subtitle words (yt_auto, ar)
10:52:59 INFO    yt2ds.stages.diarize: diarizing gY9Tpz9-U1I
10:54:25 INFO    yt2ds.stages.diarize: diarizer: 586 turns, 1 speakers, 0 overlap regions
10:54:25 INFO    yt2ds.pipeline: gY9Tpz9-U1I: 1 speakers, 586 turns
10:54:51 INFO    yt2ds.stages.vad: gY9Tpz9-U1I.16k: 242 speech regions, 2980.6s speech of 3043.4s (98%)
10:54:51 INFO    yt2ds.pipeline: gY9Tpz9-U1I: 471 candidate chunks
10:57:21 INFO    yt2ds.stages.speakers: gY9Tpz9-U1I_SPK1: dropped 1/466 chunks as off-centroid
/home/ai2/saudi-youtube-data/youtube-to-dataset/src/yt2ds/stages/align.py:223: UserWarning: torchaudio.functional._alignment.forced_align has been deprecated. This deprecation is part of a large refactoring effort to transition TorchAudio into a maintenance phase. Please see https://github.com/pytorch/audio/issues/3902 for more information. It will be removed from the 2.9 release. 
  paths, scores = AF.forced_align(emissions, targets, blank=blank_id)
10:58:06 INFO    yt2ds.pipeline: gY9Tpz9-U1I: aligned 7197/7197 subtitle words
10:58:12 INFO    yt2ds.pipeline: gY9Tpz9-U1I: kept 353, rejected 118, 37.3 min of audio in 329s
10:58:12 INFO    yt2ds.pipeline: gY9Tpz9-U1I: freed 433 MB
10:58:12 INFO    yt2ds.pipeline: [255/1130] nL4eRqY5dMA -- زرت جيراننا بمحلهم .. ؟ وتفاجأت من اخوهم والشي اللي حطه بجيبي.. ؟ صدمه ماتوقعتها ..😱💔🔥
Deprecated Feature: Support for Python version 3.10 has been deprecated. Please update to Python 3.11 or above
Deprecated Feature: Support for Python version 3.10 has been deprecated. Please update to Python 3.11 or above
10:58:22 INFO    yt2ds.pipeline: nL4eRqY5dMA: 1502.4s of audio, -16.5 LUFS
10:58:22 INFO    yt2ds.pipeline: nL4eRqY5dMA: 3600 subtitle words (yt_auto, ar)
10:58:22 INFO    yt2ds.stages.diarize: diarizing nL4eRqY5dMA
10:59:07 INFO    yt2ds.stages.diarize: diarizer: 280 turns, 1 speakers, 0 overlap regions
10:59:07 INFO    yt2ds.pipeline: nL4eRqY5dMA: 1 speakers, 280 turns
10:59:20 INFO    yt2ds.stages.vad: nL4eRqY5dMA.16k: 106 speech regions, 1472.9s speech of 1502.4s (98%)
10:59:20 INFO    yt2ds.pipeline: nL4eRqY5dMA: 230 candidate chunks
/home/ai2/saudi-youtube-data/youtube-to-dataset/src/yt2ds/stages/align.py:223: UserWarning: torchaudio.functional._alignment.forced_align has been deprecated. This deprecation is part of a large refactoring effort to transition TorchAudio into a maintenance phase. Please see https://github.com/pytorch/audio/issues/3902 for more information. It will be removed from the 2.9 release. 
  paths, scores = AF.forced_align(emissions, targets, blank=blank_id)
11:00:55 INFO    yt2ds.pipeline: nL4eRqY5dMA: aligned 3600/3600 subtitle words
11:00:58 INFO    yt2ds.pipeline: nL4eRqY5dMA: kept 203, rejected 27, 21.6 min of audio in 165s
11:00:58 INFO    yt2ds.pipeline: nL4eRqY5dMA: freed 214 MB
11:00:59 INFO    yt2ds.pipeline: [256/1130] E2P0HyDfYpw -- وظيفه عن بعد  كانت سبب في دخولي مركز الشرطه ..؟ اللي صار صدمه..😭😱🔥
Deprecated Feature: Support for Python version 3.10 has been deprecated. Please update to Python 3.11 or above
Deprecated Feature: Support for Python version 3.10 has been deprecated. Please update to Python 3.11 or above
11:01:10 INFO    yt2ds.pipeline: E2P0HyDfYpw: 1642.2s of audio, -16.8 LUFS
11:01:10 INFO    yt2ds.pipeline: E2P0HyDfYpw: 3752 subtitle words (yt_auto, ar)
11:01:10 INFO    yt2ds.stages.diarize: diarizing E2P0HyDfYpw
11:01:59 INFO    yt2ds.stages.diarize: diarizer: 315 turns, 2 speakers, 0 overlap regions
11:01:59 INFO    yt2ds.pipeline: E2P0HyDfYpw: 2 speakers, 315 turns
11:01:59 INFO    yt2ds.stages.diarize: collapsing 2 speakers to 1 (100% of speech)
11:02:12 INFO    yt2ds.stages.vad: E2P0HyDfYpw.16k: 115 speech regions, 1606.4s speech of 1642.2s (98%)
11:02:12 INFO    yt2ds.pipeline: E2P0HyDfYpw: 248 candidate chunks
11:03:22 INFO    yt2ds.stages.speakers: E2P0HyDfYpw_SPK1: dropped 1/248 chunks as off-centroid
/home/ai2/saudi-youtube-data/youtube-to-dataset/src/yt2ds/stages/align.py:223: UserWarning: torchaudio.functional._alignment.forced_align has been deprecated. This deprecation is part of a large refactoring effort to transition TorchAudio into a maintenance phase. Please see https://github.com/pytorch/audio/issues/3902 for more information. It will be removed from the 2.9 release. 
  paths, scores = AF.forced_align(emissions, targets, blank=blank_id)
11:03:46 INFO    yt2ds.pipeline: E2P0HyDfYpw: aligned 3752/3752 subtitle words
11:03:49 INFO    yt2ds.pipeline: E2P0HyDfYpw: kept 203, rejected 45, 21.6 min of audio in 169s
11:03:49 INFO    yt2ds.pipeline: E2P0HyDfYpw: freed 234 MB
11:03:49 INFO    yt2ds.pipeline: [257/1130] w97AHAwLuaw -- بعد ماجت تخطب بناتي  اقنعتها ببنت الجيران..؟ اللي صار عمرنا ماتوقعناه ابدا..💔😭🔥
Deprecated Feature: Support for Python version 3.10 has been deprecated. Please update to Python 3.11 or above
Deprecated Feature: Support for Python version 3.10 has been deprecated. Please update to Python 3.11 or above
11:04:01 INFO    yt2ds.pipeline: w97AHAwLuaw: 1627.8s of audio, -16.6 LUFS
11:04:01 INFO    yt2ds.pipeline: w97AHAwLuaw: 3778 subtitle words (yt_auto, ar)
11:04:01 INFO    yt2ds.stages.diarize: diarizing w97AHAwLuaw
11:04:50 INFO    yt2ds.stages.diarize: diarizer: 312 turns, 2 speakers, 0 overlap regions
11:04:50 INFO    yt2ds.pipeline: w97AHAwLuaw: 2 speakers, 312 turns
11:04:50 INFO    yt2ds.stages.diarize: collapsing 2 speakers to 1 (100% of speech)
11:05:03 INFO    yt2ds.stages.vad: w97AHAwLuaw.16k: 140 speech regions, 1574.4s speech of 1627.8s (97%)
11:05:03 INFO    yt2ds.pipeline: w97AHAwLuaw: 251 candidate chunks
11:06:23 INFO    yt2ds.stages.speakers: w97AHAwLuaw_SPK1: dropped 1/251 chunks as off-centroid
/home/ai2/saudi-youtube-data/youtube-to-dataset/src/yt2ds/stages/align.py:223: UserWarning: torchaudio.functional._alignment.forced_align has been deprecated. This deprecation is part of a large refactoring effort to transition TorchAudio into a maintenance phase. Please see https://github.com/pytorch/audio/issues/3902 for more information. It will be removed from the 2.9 release. 
  paths, scores = AF.forced_align(emissions, targets, blank=blank_id)
11:06:47 INFO    yt2ds.pipeline: w97AHAwLuaw: aligned 3778/3778 subtitle words
11:06:50 INFO    yt2ds.pipeline: w97AHAwLuaw: kept 197, rejected 54, 20.1 min of audio in 179s
11:06:50 INFO    yt2ds.pipeline: w97AHAwLuaw: freed 232 MB
11:06:50 INFO    yt2ds.pipeline: [258/1130] ej6QvX8_Oh4 -- زوجتي واخوها غدروا فيني  وانا مسافر ../ اللي صار ماحسبت حسابه..😭💔🔥
Deprecated Feature: Support for Python version 3.10 has been deprecated. Please update to Python 3.11 or above
Deprecated Feature: Support for Python version 3.10 has been deprecated. Please update to Python 3.11 or above
11:07:05 INFO    yt2ds.pipeline: ej6QvX8_Oh4: 2297.3s of audio, -16.7 LUFS
11:07:05 INFO    yt2ds.pipeline: ej6QvX8_Oh4: 5469 subtitle words (yt_auto, ar)
11:07:05 INFO    yt2ds.stages.diarize: diarizing ej6QvX8_Oh4
11:08:10 INFO    yt2ds.stages.diarize: diarizer: 439 turns, 1 speakers, 0 overlap regions
11:08:10 INFO    yt2ds.pipeline: ej6QvX8_Oh4: 1 speakers, 439 turns
11:08:30 INFO    yt2ds.stages.vad: ej6QvX8_Oh4.16k: 192 speech regions, 2253.1s speech of 2297.3s (98%)
11:08:30 INFO    yt2ds.pipeline: ej6QvX8_Oh4: 350 candidate chunks
/home/ai2/saudi-youtube-data/youtube-to-dataset/src/yt2ds/stages/align.py:223: UserWarning: torchaudio.functional._alignment.forced_align has been deprecated. This deprecation is part of a large refactoring effort to transition TorchAudio into a maintenance phase. Please see https://github.com/pytorch/audio/issues/3902 for more information. It will be removed from the 2.9 release. 
  paths, scores = AF.forced_align(emissions, targets, blank=blank_id)
11:10:56 INFO    yt2ds.pipeline: ej6QvX8_Oh4: aligned 5469/5469 subtitle words
11:11:00 INFO    yt2ds.pipeline: ej6QvX8_Oh4: kept 304, rejected 46, 32.3 min of audio in 249s
11:11:01 INFO    yt2ds.pipeline: ej6QvX8_Oh4: freed 327 MB
11:11:01 INFO    yt2ds.pipeline: [259/1130] rYjQDT5BDbo -- مهري راح كله خصميات ماتوقعناها من اهل زوجي 😵‍💫..؟ اللي صار فاجئنا لدرجة بغينا ننجلط ..😭💔🔥
Deprecated Feature: Support for Python version 3.10 has been deprecated. Please update to Python 3.11 or above
Deprecated Feature: Support for Python version 3.10 has been deprecated. Please update to Python 3.11 or above
11:11:13 INFO    yt2ds.pipeline: rYjQDT5BDbo: 1820.8s of audio, -16.3 LUFS
11:11:13 INFO    yt2ds.pipeline: rYjQDT5BDbo: 4122 subtitle words (yt_auto, ar)
11:11:13 INFO    yt2ds.stages.diarize: diarizing rYjQDT5BDbo
11:12:07 INFO    yt2ds.stages.diarize: diarizer: 372 turns, 2 speakers, 0 overlap regions
11:12:07 INFO    yt2ds.pipeline: rYjQDT5BDbo: 2 speakers, 372 turns
11:12:07 INFO    yt2ds.stages.diarize: collapsing 2 speakers to 1 (100% of speech)
11:12:22 INFO    yt2ds.stages.vad: rYjQDT5BDbo.16k: 127 speech regions, 1785.2s speech of 1820.8s (98%)
11:12:22 INFO    yt2ds.pipeline: rYjQDT5BDbo: 269 candidate chunks
/home/ai2/saudi-youtube-data/youtube-to-dataset/src/yt2ds/stages/align.py:223: UserWarning: torchaudio.functional._alignment.forced_align has been deprecated. This deprecation is part of a large refactoring effort to transition TorchAudio into a maintenance phase. Please see https://github.com/pytorch/audio/issues/3902 for more information. It will be removed from the 2.9 release. 
  paths, scores = AF.forced_align(emissions, targets, blank=blank_id)
11:14:13 INFO    yt2ds.pipeline: rYjQDT5BDbo: aligned 4122/4122 subtitle words
11:14:17 INFO    yt2ds.pipeline: rYjQDT5BDbo: kept 229, rejected 40, 24.7 min of audio in 195s
11:14:17 INFO    yt2ds.pipeline: rYjQDT5BDbo: freed 259 MB
11:14:17 INFO    yt2ds.pipeline: [260/1130] 2YlX2mcqDFE -- تجريحي لزوجة ابوي ومعايري لها /.. ماعرفت وجعه الا لمن صرت اب ؟ اللي صار كسر قلبي💔😭
Deprecated Feature: Support for Python version 3.10 has been deprecated. Please update to Python 3.11 or above
Deprecated Feature: Support for Python version 3.10 has been deprecated. Please update to Python 3.11 or above
11:14:28 INFO    yt2ds.pipeline: 2YlX2mcqDFE: 1440.6s of audio, -16.5 LUFS
11:14:28 INFO    yt2ds.pipeline: 2YlX2mcqDFE: 3171 subtitle words (yt_auto, ar)
11:14:28 INFO    yt2ds.stages.diarize: diarizing 2YlX2mcqDFE
11:15:11 INFO    yt2ds.stages.diarize: diarizer: 253 turns, 2 speakers, 0 overlap regions
11:15:11 INFO    yt2ds.pipeline: 2YlX2mcqDFE: 2 speakers, 253 turns
11:15:11 INFO    yt2ds.stages.diarize: collapsing 2 speakers to 2 (100% of speech)
11:15:23 INFO    yt2ds.stages.vad: 2YlX2mcqDFE.16k: 95 speech regions, 1376.6s speech of 1440.6s (96%)
11:15:23 INFO    yt2ds.pipeline: 2YlX2mcqDFE: 198 candidate chunks
/home/ai2/saudi-youtube-data/youtube-to-dataset/src/yt2ds/stages/align.py:223: UserWarning: torchaudio.functional._alignment.forced_align has been deprecated. This deprecation is part of a large refactoring effort to transition TorchAudio into a maintenance phase. Please see https://github.com/pytorch/audio/issues/3902 for more information. It will be removed from the 2.9 release. 
  paths, scores = AF.forced_align(emissions, targets, blank=blank_id)
11:16:48 INFO    yt2ds.pipeline: 2YlX2mcqDFE: aligned 3171/3171 subtitle words
11:16:50 INFO    yt2ds.pipeline: 2YlX2mcqDFE: kept 183, rejected 15, 21.0 min of audio in 152s
11:16:50 INFO    yt2ds.pipeline: 2YlX2mcqDFE: freed 205 MB
11:16:50 INFO    yt2ds.pipeline: [261/1130] dm4apQkCQX4 -- كلمت حبيبة خالي وكشفني..😱😭💔..#فضفضه
Deprecated Feature: Support for Python version 3.10 has been deprecated. Please update to Python 3.11 or above
Deprecated Feature: Support for Python version 3.10 has been deprecated. Please update to Python 3.11 or above
11:16:54 INFO    yt2ds.pipeline: dm4apQkCQX4: 319.2s of audio, -16.5 LUFS
11:16:54 INFO    yt2ds.pipeline: dm4apQkCQX4: 806 subtitle words (yt_auto, ar)
11:16:54 INFO    yt2ds.stages.diarize: diarizing dm4apQkCQX4
11:17:09 INFO    yt2ds.stages.diarize: diarizer: 57 turns, 1 speakers, 0 overlap regions
11:17:09 INFO    yt2ds.pipeline: dm4apQkCQX4: 1 speakers, 57 turns
11:17:12 INFO    yt2ds.stages.vad: dm4apQkCQX4.16k: 16 speech regions, 314.7s speech of 319.2s (99%)
11:17:12 INFO    yt2ds.pipeline: dm4apQkCQX4: 43 candidate chunks
/home/ai2/saudi-youtube-data/youtube-to-dataset/src/yt2ds/stages/align.py:223: UserWarning: torchaudio.functional._alignment.forced_align has been deprecated. This deprecation is part of a large refactoring effort to transition TorchAudio into a maintenance phase. Please see https://github.com/pytorch/audio/issues/3902 for more information. It will be removed from the 2.9 release. 
  paths, scores = AF.forced_align(emissions, targets, blank=blank_id)
11:17:30 INFO    yt2ds.pipeline: dm4apQkCQX4: aligned 806/806 subtitle words
11:17:30 INFO    yt2ds.pipeline: dm4apQkCQX4: kept 37, rejected 6, 4.5 min of audio in 39s
11:17:30 INFO    yt2ds.pipeline: dm4apQkCQX4: freed 46 MB
11:17:30 INFO    yt2ds.pipeline: [262/1130] 67AiYEZjlBQ -- بعد ما امي طردت طليقة ابوي .؟ / راحت لجدي ابو امي ولاتوقعنا اللي صار..😭🔥💔
Deprecated Feature: Support for Python version 3.10 has been deprecated. Please update to Python 3.11 or above
Deprecated Feature: Support for Python version 3.10 has been deprecated. Please update to Python 3.11 or above
11:17:41 INFO    yt2ds.pipeline: 67AiYEZjlBQ: 1528.4s of audio, -16.4 LUFS
11:17:41 INFO    yt2ds.pipeline: 67AiYEZjlBQ: 3726 subtitle words (yt_auto, ar)
11:17:41 INFO    yt2ds.stages.diarize: diarizing 67AiYEZjlBQ
11:18:28 INFO    yt2ds.stages.diarize: diarizer: 253 turns, 1 speakers, 0 overlap regions
11:18:28 INFO    yt2ds.pipeline: 67AiYEZjlBQ: 1 speakers, 253 turns
11:18:41 INFO    yt2ds.stages.vad: 67AiYEZjlBQ.16k: 103 speech regions, 1497.3s speech of 1528.4s (98%)
11:18:41 INFO    yt2ds.pipeline: 67AiYEZjlBQ: 217 candidate chunks
/home/ai2/saudi-youtube-data/youtube-to-dataset/src/yt2ds/stages/align.py:223: UserWarning: torchaudio.functional._alignment.forced_align has been deprecated. This deprecation is part of a large refactoring effort to transition TorchAudio into a maintenance phase. Please see https://github.com/pytorch/audio/issues/3902 for more information. It will be removed from the 2.9 release. 
  paths, scores = AF.forced_align(emissions, targets, blank=blank_id)
11:20:13 INFO    yt2ds.pipeline: 67AiYEZjlBQ: aligned 3726/3726 subtitle words
11:20:15 INFO    yt2ds.pipeline: 67AiYEZjlBQ: kept 186, rejected 31, 20.6 min of audio in 164s
11:20:15 INFO    yt2ds.pipeline: 67AiYEZjlBQ: freed 218 MB
11:20:16 INFO    yt2ds.pipeline: [263/1130] F3XrLhEZBXk -- خوات زوجي يعاتبوني لاني شكيت امهم لابوهم../اللي صار كان المفروض من زمان يصير 🤨💔🔥
Deprecated Feature: Support for Python version 3.10 has been deprecated. Please update to Python 3.11 or above
Deprecated Feature: Support for Python version 3.10 has been deprecated. Please update to Python 3.11 or above
11:20:23 INFO    yt2ds.pipeline: F3XrLhEZBXk: 901.6s of audio, -16.4 LUFS
11:20:23 INFO    yt2ds.pipeline: F3XrLhEZBXk: 2070 subtitle words (yt_auto, ar)
11:20:23 INFO    yt2ds.stages.diarize: diarizing F3XrLhEZBXk
11:20:53 INFO    yt2ds.stages.diarize: diarizer: 174 turns, 2 speakers, 0 overlap regions
11:20:53 INFO    yt2ds.pipeline: F3XrLhEZBXk: 2 speakers, 174 turns
11:20:53 INFO    yt2ds.stages.diarize: collapsing 2 speakers to 2 (100% of speech)
11:21:01 INFO    yt2ds.stages.vad: F3XrLhEZBXk.16k: 54 speech regions, 852.1s speech of 901.6s (95%)
11:21:01 INFO    yt2ds.pipeline: F3XrLhEZBXk: 136 candidate chunks
/home/ai2/saudi-youtube-data/youtube-to-dataset/src/yt2ds/stages/align.py:223: UserWarning: torchaudio.functional._alignment.forced_align has been deprecated. This deprecation is part of a large refactoring effort to transition TorchAudio into a maintenance phase. Please see https://github.com/pytorch/audio/issues/3902 for more information. It will be removed from the 2.9 release. 
  paths, scores = AF.forced_align(emissions, targets, blank=blank_id)
11:21:55 INFO    yt2ds.pipeline: F3XrLhEZBXk: aligned 2070/2070 subtitle words
11:21:56 INFO    yt2ds.pipeline: F3XrLhEZBXk: kept 115, rejected 21, 12.0 min of audio in 99s
11:21:56 INFO    yt2ds.pipeline: F3XrLhEZBXk: freed 128 MB
11:21:56 INFO    yt2ds.pipeline: [264/1130] KttPQ0rj-tM -- زوجي كان بيرتكب جريمة بسبة الشغاله..؟/ سوت فينا الهوايل.😫💔🔥..؟
Deprecated Feature: Support for Python version 3.10 has been deprecated. Please update to Python 3.11 or above
Deprecated Feature: Support for Python version 3.10 has been deprecated. Please update to Python 3.11 or above
11:22:09 INFO    yt2ds.pipeline: KttPQ0rj-tM: 1811.1s of audio, -16.4 LUFS
11:22:09 INFO    yt2ds.pipeline: KttPQ0rj-tM: 4359 subtitle words (yt_auto, ar)
11:22:09 INFO    yt2ds.stages.diarize: diarizing KttPQ0rj-tM
11:23:02 INFO    yt2ds.stages.diarize: diarizer: 340 turns, 2 speakers, 0 overlap regions
11:23:02 INFO    yt2ds.pipeline: KttPQ0rj-tM: 2 speakers, 340 turns
11:23:02 INFO    yt2ds.stages.diarize: collapsing 2 speakers to 1 (100% of speech)
11:23:17 INFO    yt2ds.stages.vad: KttPQ0rj-tM.16k: 149 speech regions, 1772.6s speech of 1811.1s (98%)
11:23:17 INFO    yt2ds.pipeline: KttPQ0rj-tM: 283 candidate chunks
11:24:51 INFO    yt2ds.stages.speakers: KttPQ0rj-tM_SPK1: dropped 1/282 chunks as off-centroid
/home/ai2/saudi-youtube-data/youtube-to-dataset/src/yt2ds/stages/align.py:223: UserWarning: torchaudio.functional._alignment.forced_align has been deprecated. This deprecation is part of a large refactoring effort to transition TorchAudio into a maintenance phase. Please see https://github.com/pytorch/audio/issues/3902 for more information. It will be removed from the 2.9 release. 
  paths, scores = AF.forced_align(emissions, targets, blank=blank_id)
11:25:19 INFO    yt2ds.pipeline: KttPQ0rj-tM: aligned 4359/4359 subtitle words
11:25:23 INFO    yt2ds.pipeline: KttPQ0rj-tM: kept 228, rejected 55, 23.8 min of audio in 205s
11:25:23 INFO    yt2ds.pipeline: KttPQ0rj-tM: freed 258 MB
11:25:23 INFO    yt2ds.pipeline: [265/1130] KIauvSNamwk -- انضربت قدام زوجتي 😫 / وابوي رد لي هيبتي..🤭🔥..؟
Deprecated Feature: Support for Python version 3.10 has been deprecated. Please update to Python 3.11 or above
Deprecated Feature: Support for Python version 3.10 has been deprecated. Please update to Python 3.11 or above
11:25:28 INFO    yt2ds.pipeline: KIauvSNamwk: 542.5s of audio, -16.8 LUFS
11:25:28 INFO    yt2ds.pipeline: KIauvSNamwk: 1227 subtitle words (yt_auto, ar)
11:25:28 INFO    yt2ds.stages.diarize: diarizing KIauvSNamwk
11:25:49 INFO    yt2ds.stages.diarize: diarizer: 92 turns, 1 speakers, 0 overlap regions
11:25:49 INFO    yt2ds.pipeline: KIauvSNamwk: 1 speakers, 92 turns
11:25:54 INFO    yt2ds.stages.vad: KIauvSNamwk.16k: 48 speech regions, 522.1s speech of 542.5s (96%)
11:25:54 INFO    yt2ds.pipeline: KIauvSNamwk: 74 candidate chunks
11:26:19 INFO    yt2ds.stages.speakers: KIauvSNamwk_SPK1: dropped 1/73 chunks as off-centroid
/home/ai2/saudi-youtube-data/youtube-to-dataset/src/yt2ds/stages/align.py:223: UserWarning: torchaudio.functional._alignment.forced_align has been deprecated. This deprecation is part of a large refactoring effort to transition TorchAudio into a maintenance phase. Please see https://github.com/pytorch/audio/issues/3902 for more information. It will be removed from the 2.9 release. 
  paths, scores = AF.forced_align(emissions, targets, blank=blank_id)
11:26:25 INFO    yt2ds.pipeline: KIauvSNamwk: aligned 1227/1227 subtitle words
11:26:26 INFO    yt2ds.pipeline: KIauvSNamwk: kept 61, rejected 13, 6.9 min of audio in 61s
11:26:26 INFO    yt2ds.pipeline: KIauvSNamwk: freed 78 MB
11:26:26 INFO    yt2ds.pipeline: [266/1130] rG8MS8OQGEM -- اخوي مانعنا ناخذ من بقالته بحجة..😱💔..؟ وامي هربتنا من الحي عشانه😭..؟
Deprecated Feature: Support for Python version 3.10 has been deprecated. Please update to Python 3.11 or above
Deprecated Feature: Support for Python version 3.10 has been deprecated. Please update to Python 3.11 or above
11:26:38 INFO    yt2ds.pipeline: rG8MS8OQGEM: 1801.0s of audio, -16.6 LUFS
11:26:38 INFO    yt2ds.pipeline: rG8MS8OQGEM: 4003 subtitle words (yt_auto, ar)
11:26:38 INFO    yt2ds.stages.diarize: diarizing rG8MS8OQGEM
11:27:31 INFO    yt2ds.stages.diarize: diarizer: 335 turns, 3 speakers, 0 overlap regions
11:27:31 INFO    yt2ds.pipeline: rG8MS8OQGEM: 3 speakers, 335 turns
11:27:31 INFO    yt2ds.stages.diarize: collapsing 3 speakers to 2 (100% of speech)
11:27:47 INFO    yt2ds.stages.vad: rG8MS8OQGEM.16k: 143 speech regions, 1711.8s speech of 1801.0s (95%)
11:27:47 INFO    yt2ds.pipeline: rG8MS8OQGEM: 260 candidate chunks
11:29:08 INFO    yt2ds.stages.speakers: rG8MS8OQGEM_SPK2: dropped 1/258 chunks as off-centroid
/home/ai2/saudi-youtube-data/youtube-to-dataset/src/yt2ds/stages/align.py:223: UserWarning: torchaudio.functional._alignment.forced_align has been deprecated. This deprecation is part of a large refactoring effort to transition TorchAudio into a maintenance phase. Please see https://github.com/pytorch/audio/issues/3902 for more information. It will be removed from the 2.9 release. 
  paths, scores = AF.forced_align(emissions, targets, blank=blank_id)
11:29:36 INFO    yt2ds.pipeline: rG8MS8OQGEM: aligned 4003/4003 subtitle words
11:29:40 INFO    yt2ds.pipeline: rG8MS8OQGEM: kept 228, rejected 32, 24.8 min of audio in 192s
11:29:40 INFO    yt2ds.pipeline: rG8MS8OQGEM: freed 256 MB
11:29:40 INFO    yt2ds.pipeline: [267/1130] BUSJT6x8m4A -- تخير بنتها بينها وبين زوجها..؟ اللي عرفناه يشيب الراس ولاتوقعناه..😭💔🔥
Deprecated Feature: Support for Python version 3.10 has been deprecated. Please update to Python 3.11 or above
Deprecated Feature: Support for Python version 3.10 has been deprecated. Please update to Python 3.11 or above
11:29:50 INFO    yt2ds.pipeline: BUSJT6x8m4A: 1500.9s of audio, -16.8 LUFS
11:29:50 INFO    yt2ds.pipeline: BUSJT6x8m4A: 3441 subtitle words (yt_auto, ar)
11:29:50 INFO    yt2ds.stages.diarize: diarizing BUSJT6x8m4A
11:30:35 INFO    yt2ds.stages.diarize: diarizer: 298 turns, 2 speakers, 0 overlap regions
11:30:35 INFO    yt2ds.pipeline: BUSJT6x8m4A: 2 speakers, 298 turns
11:30:35 INFO    yt2ds.stages.diarize: collapsing 2 speakers to 1 (100% of speech)
11:30:48 INFO    yt2ds.stages.vad: BUSJT6x8m4A.16k: 136 speech regions, 1432.7s speech of 1500.9s (95%)
11:30:48 INFO    yt2ds.pipeline: BUSJT6x8m4A: 227 candidate chunks
/home/ai2/saudi-youtube-data/youtube-to-dataset/src/yt2ds/stages/align.py:223: UserWarning: torchaudio.functional._alignment.forced_align has been deprecated. This deprecation is part of a large refactoring effort to transition TorchAudio into a maintenance phase. Please see https://github.com/pytorch/audio/issues/3902 for more information. It will be removed from the 2.9 release. 
  paths, scores = AF.forced_align(emissions, targets, blank=blank_id)
11:32:17 INFO    yt2ds.pipeline: BUSJT6x8m4A: aligned 3441/3441 subtitle words
11:32:20 INFO    yt2ds.pipeline: BUSJT6x8m4A: kept 196, rejected 31, 20.8 min of audio in 159s
11:32:20 INFO    yt2ds.pipeline: BUSJT6x8m4A: freed 213 MB
11:32:20 INFO    yt2ds.pipeline: [268/1130] smpPnue6h10 -- بنت سلفتي واللي صار لزوجي من وراها..؟ وأولادي اللي تبروا منها بسبب..🔥😭💔
Deprecated Feature: Support for Python version 3.10 has been deprecated. Please update to Python 3.11 or above
Deprecated Feature: Support for Python version 3.10 has been deprecated. Please update to Python 3.11 or above
11:32:37 INFO    yt2ds.pipeline: smpPnue6h10: 2580.9s of audio, -17.0 LUFS
11:32:37 INFO    yt2ds.pipeline: smpPnue6h10: 6310 subtitle words (yt_auto, ar)
11:32:37 INFO    yt2ds.stages.diarize: diarizing smpPnue6h10
11:33:51 INFO    yt2ds.stages.diarize: diarizer: 479 turns, 1 speakers, 0 overlap regions
11:33:51 INFO    yt2ds.pipeline: smpPnue6h10: 1 speakers, 479 turns
11:34:12 INFO    yt2ds.stages.vad: smpPnue6h10.16k: 229 speech regions, 2508.0s speech of 2580.9s (97%)
11:34:12 INFO    yt2ds.pipeline: smpPnue6h10: 396 candidate chunks
11:36:16 INFO    yt2ds.stages.speakers: smpPnue6h10_SPK1: dropped 1/396 chunks as off-centroid
/home/ai2/saudi-youtube-data/youtube-to-dataset/src/yt2ds/stages/align.py:223: UserWarning: torchaudio.functional._alignment.forced_align has been deprecated. This deprecation is part of a large refactoring effort to transition TorchAudio into a maintenance phase. Please see https://github.com/pytorch/audio/issues/3902 for more information. It will be removed from the 2.9 release. 
  paths, scores = AF.forced_align(emissions, targets, blank=blank_id)
11:36:56 INFO    yt2ds.pipeline: smpPnue6h10: aligned 6310/6310 subtitle words
11:37:01 INFO    yt2ds.pipeline: smpPnue6h10: kept 353, rejected 43, 36.4 min of audio in 279s
11:37:01 INFO    yt2ds.pipeline: smpPnue6h10: freed 367 MB
11:37:01 INFO    yt2ds.pipeline: [269/1130] cpsMpNIyYwE -- اخواني دخلوا السجن بسبي ... 😭..؟ وصاحب القضيه طلب من ابوي اني..؟ 😱🔥🔥💔
Deprecated Feature: Support for Python version 3.10 has been deprecated. Please update to Python 3.11 or above
Deprecated Feature: Support for Python version 3.10 has been deprecated. Please update to Python 3.11 or above
11:37:14 INFO    yt2ds.pipeline: cpsMpNIyYwE: 1819.7s of audio, -16.5 LUFS
11:37:14 INFO    yt2ds.pipeline: cpsMpNIyYwE: 4220 subtitle words (yt_auto, ar)
11:37:14 INFO    yt2ds.stages.diarize: diarizing cpsMpNIyYwE
11:38:08 INFO    yt2ds.stages.diarize: diarizer: 345 turns, 2 speakers, 0 overlap regions
11:38:08 INFO    yt2ds.pipeline: cpsMpNIyYwE: 2 speakers, 345 turns
11:38:08 INFO    yt2ds.stages.diarize: collapsing 2 speakers to 1 (100% of speech)
11:38:23 INFO    yt2ds.stages.vad: cpsMpNIyYwE.16k: 175 speech regions, 1769.3s speech of 1819.7s (97%)
11:38:23 INFO    yt2ds.pipeline: cpsMpNIyYwE: 283 candidate chunks
11:39:48 INFO    yt2ds.stages.speakers: cpsMpNIyYwE_SPK1: dropped 1/283 chunks as off-centroid
/home/ai2/saudi-youtube-data/youtube-to-dataset/src/yt2ds/stages/align.py:223: UserWarning: torchaudio.functional._alignment.forced_align has been deprecated. This deprecation is part of a large refactoring effort to transition TorchAudio into a maintenance phase. Please see https://github.com/pytorch/audio/issues/3902 for more information. It will be removed from the 2.9 release. 
  paths, scores = AF.forced_align(emissions, targets, blank=blank_id)
11:40:17 INFO    yt2ds.pipeline: cpsMpNIyYwE: aligned 4220/4220 subtitle words
11:40:20 INFO    yt2ds.pipeline: cpsMpNIyYwE: kept 196, rejected 87, 19.4 min of audio in 197s
11:40:20 INFO    yt2ds.pipeline: cpsMpNIyYwE: freed 260 MB
11:40:20 INFO    yt2ds.pipeline: [270/1130] UB7sNDkatxg -- اللي صار لامي خلاني اصارح زوجتي بأني ...😭.؟ وصدمتني انها موافقه..🔥💔
Deprecated Feature: Support for Python version 3.10 has been deprecated. Please update to Python 3.11 or above
Deprecated Feature: Support for Python version 3.10 has been deprecated. Please update to Python 3.11 or above
11:40:33 INFO    yt2ds.pipeline: UB7sNDkatxg: 1802.1s of audio, -16.6 LUFS
11:40:33 INFO    yt2ds.pipeline: UB7sNDkatxg: 4138 subtitle words (yt_auto, ar)
11:40:33 INFO    yt2ds.stages.diarize: diarizing UB7sNDkatxg
11:41:27 INFO    yt2ds.stages.diarize: diarizer: 369 turns, 2 speakers, 0 overlap regions
11:41:27 INFO    yt2ds.pipeline: UB7sNDkatxg: 2 speakers, 369 turns
11:41:27 INFO    yt2ds.stages.diarize: collapsing 2 speakers to 1 (100% of speech)
11:41:42 INFO    yt2ds.stages.vad: UB7sNDkatxg.16k: 184 speech regions, 1713.1s speech of 1802.1s (95%)
11:41:42 INFO    yt2ds.pipeline: UB7sNDkatxg: 288 candidate chunks
11:43:08 INFO    yt2ds.stages.speakers: UB7sNDkatxg_SPK1: dropped 2/288 chunks as off-centroid
/home/ai2/saudi-youtube-data/youtube-to-dataset/src/yt2ds/stages/align.py:223: UserWarning: torchaudio.functional._alignment.forced_align has been deprecated. This deprecation is part of a large refactoring effort to transition TorchAudio into a maintenance phase. Please see https://github.com/pytorch/audio/issues/3902 for more information. It will be removed from the 2.9 release. 
  paths, scores = AF.forced_align(emissions, targets, blank=blank_id)
11:43:36 INFO    yt2ds.pipeline: UB7sNDkatxg: aligned 4138/4138 subtitle words
11:43:40 INFO    yt2ds.pipeline: UB7sNDkatxg: kept 266, rejected 22, 26.5 min of audio in 199s
11:43:40 INFO    yt2ds.pipeline: UB7sNDkatxg: freed 256 MB
11:43:40 INFO    yt2ds.pipeline: [271/1130] 81AQg5CBkRo -- بنت خالتي رفضت تدخلني بيتها لاني رفضت اخوها..؟ كادت لي بشي ماتوقعته..؟😱🔥💔
Deprecated Feature: Support for Python version 3.10 has been deprecated. Please update to Python 3.11 or above
Deprecated Feature: Support for Python version 3.10 has been deprecated. Please update to Python 3.11 or above
11:43:56 INFO    yt2ds.pipeline: 81AQg5CBkRo: 2460.4s of audio, -16.7 LUFS
11:43:56 INFO    yt2ds.pipeline: 81AQg5CBkRo: 5931 subtitle words (yt_auto, ar)
11:43:56 INFO    yt2ds.stages.diarize: diarizing 81AQg5CBkRo
11:45:06 INFO    yt2ds.stages.diarize: diarizer: 437 turns, 1 speakers, 0 overlap regions
11:45:06 INFO    yt2ds.pipeline: 81AQg5CBkRo: 1 speakers, 437 turns
11:45:27 INFO    yt2ds.stages.vad: 81AQg5CBkRo.16k: 214 speech regions, 2374.5s speech of 2460.4s (97%)
11:45:27 INFO    yt2ds.pipeline: 81AQg5CBkRo: 368 candidate chunks
11:47:22 INFO    yt2ds.stages.speakers: 81AQg5CBkRo_SPK1: dropped 1/366 chunks as off-centroid
/home/ai2/saudi-youtube-data/youtube-to-dataset/src/yt2ds/stages/align.py:223: UserWarning: torchaudio.functional._alignment.forced_align has been deprecated. This deprecation is part of a large refactoring effort to transition TorchAudio into a maintenance phase. Please see https://github.com/pytorch/audio/issues/3902 for more information. It will be removed from the 2.9 release. 
  paths, scores = AF.forced_align(emissions, targets, blank=blank_id)
11:47:58 INFO    yt2ds.pipeline: 81AQg5CBkRo: aligned 5931/5931 subtitle words
11:48:03 INFO    yt2ds.pipeline: 81AQg5CBkRo: kept 305, rejected 63, 32.3 min of audio in 261s
11:48:03 INFO    yt2ds.pipeline: 81AQg5CBkRo: freed 350 MB
11:48:03 INFO    yt2ds.pipeline: [272/1130] hvBi-w4b6c8 -- اتفقت اهرب من البيت بمساعدة اختي ..😱؟ماتوقعت اللي بتسويه فيني😭💔🔥
Deprecated Feature: Support for Python version 3.10 has been deprecated. Please update to Python 3.11 or above
Deprecated Feature: Support for Python version 3.10 has been deprecated. Please update to Python 3.11 or above
11:48:18 INFO    yt2ds.pipeline: hvBi-w4b6c8: 2220.8s of audio, -17.2 LUFS
11:48:18 INFO    yt2ds.pipeline: hvBi-w4b6c8: 5107 subtitle words (yt_auto, ar)
11:48:18 INFO    yt2ds.stages.diarize: diarizing hvBi-w4b6c8
11:49:22 INFO    yt2ds.stages.diarize: diarizer: 425 turns, 2 speakers, 0 overlap regions
11:49:22 INFO    yt2ds.pipeline: hvBi-w4b6c8: 2 speakers, 425 turns
11:49:22 INFO    yt2ds.stages.diarize: collapsing 2 speakers to 1 (100% of speech)
11:49:41 INFO    yt2ds.stages.vad: hvBi-w4b6c8.16k: 239 speech regions, 2109.5s speech of 2220.8s (95%)
11:49:41 INFO    yt2ds.pipeline: hvBi-w4b6c8: 329 candidate chunks
/home/ai2/saudi-youtube-data/youtube-to-dataset/src/yt2ds/stages/align.py:223: UserWarning: torchaudio.functional._alignment.forced_align has been deprecated. This deprecation is part of a large refactoring effort to transition TorchAudio into a maintenance phase. Please see https://github.com/pytorch/audio/issues/3902 for more information. It will be removed from the 2.9 release. 
  paths, scores = AF.forced_align(emissions, targets, blank=blank_id)
11:51:57 INFO    yt2ds.pipeline: hvBi-w4b6c8: aligned 5107/5107 subtitle words
11:52:02 INFO    yt2ds.pipeline: hvBi-w4b6c8: kept 290, rejected 39, 30.8 min of audio in 238s
11:52:02 INFO    yt2ds.pipeline: hvBi-w4b6c8: freed 316 MB
11:52:02 INFO    yt2ds.pipeline: [273/1130] SZ5voCqiDDU -- الدكتور رفض يقولي حالة زوجتي الا بوجود اخوي..😭؟صدمه عجزت اتخطاها..؟💔🔥
Deprecated Feature: Support for Python version 3.10 has been deprecated. Please update to Python 3.11 or above
Deprecated Feature: Support for Python version 3.10 has been deprecated. Please update to Python 3.11 or above
11:52:14 INFO    yt2ds.pipeline: SZ5voCqiDDU: 1622.2s of audio, -16.5 LUFS
11:52:14 INFO    yt2ds.pipeline: SZ5voCqiDDU: 3588 subtitle words (yt_auto, ar)
11:52:14 INFO    yt2ds.stages.diarize: diarizing SZ5voCqiDDU
11:53:03 INFO    yt2ds.stages.diarize: diarizer: 328 turns, 2 speakers, 0 overlap regions
11:53:03 INFO    yt2ds.pipeline: SZ5voCqiDDU: 2 speakers, 328 turns
11:53:03 INFO    yt2ds.stages.diarize: collapsing 2 speakers to 2 (100% of speech)
11:53:17 INFO    yt2ds.stages.vad: SZ5voCqiDDU.16k: 144 speech regions, 1540.4s speech of 1622.2s (95%)
11:53:17 INFO    yt2ds.pipeline: SZ5voCqiDDU: 249 candidate chunks
11:54:31 INFO    yt2ds.stages.speakers: SZ5voCqiDDU_SPK2: dropped 1/249 chunks as off-centroid
/home/ai2/saudi-youtube-data/youtube-to-dataset/src/yt2ds/stages/align.py:223: UserWarning: torchaudio.functional._alignment.forced_align has been deprecated. This deprecation is part of a large refactoring effort to transition TorchAudio into a maintenance phase. Please see https://github.com/pytorch/audio/issues/3902 for more information. It will be removed from the 2.9 release. 
  paths, scores = AF.forced_align(emissions, targets, blank=blank_id)
11:54:54 INFO    yt2ds.pipeline: SZ5voCqiDDU: aligned 3588/3588 subtitle words
11:54:57 INFO    yt2ds.pipeline: SZ5voCqiDDU: kept 218, rejected 31, 21.9 min of audio in 174s
11:54:57 INFO    yt2ds.pipeline: SZ5voCqiDDU: freed 231 MB
11:54:57 INFO    yt2ds.pipeline: [274/1130] PGsgRDOyM9M -- بكل برود طلعتني معاها مشوار وقالت لي انها هي ...😱..؟اللي سووه فيني جريمه..😭💔🔥
Deprecated Feature: Support for Python version 3.10 has been deprecated. Please update to Python 3.11 or above
Deprecated Feature: Support for Python version 3.10 has been deprecated. Please update to Python 3.11 or above
11:55:16 INFO    yt2ds.pipeline: PGsgRDOyM9M: 3031.2s of audio, -16.7 LUFS
11:55:16 INFO    yt2ds.pipeline: PGsgRDOyM9M: 7145 subtitle words (yt_auto, ar)
11:55:16 INFO    yt2ds.stages.diarize: diarizing PGsgRDOyM9M
11:56:41 INFO    yt2ds.stages.diarize: diarizer: 557 turns, 1 speakers, 0 overlap regions
11:56:41 INFO    yt2ds.pipeline: PGsgRDOyM9M: 1 speakers, 557 turns
11:57:07 INFO    yt2ds.stages.vad: PGsgRDOyM9M.16k: 228 speech regions, 2973.8s speech of 3031.2s (98%)
11:57:07 INFO    yt2ds.pipeline: PGsgRDOyM9M: 448 candidate chunks
/home/ai2/saudi-youtube-data/youtube-to-dataset/src/yt2ds/stages/align.py:223: UserWarning: torchaudio.functional._alignment.forced_align has been deprecated. This deprecation is part of a large refactoring effort to transition TorchAudio into a maintenance phase. Please see https://github.com/pytorch/audio/issues/3902 for more information. It will be removed from the 2.9 release. 
  paths, scores = AF.forced_align(emissions, targets, blank=blank_id)
12:00:16 INFO    yt2ds.pipeline: PGsgRDOyM9M: aligned 7145/7145 subtitle words
12:00:22 INFO    yt2ds.pipeline: PGsgRDOyM9M: kept 410, rejected 38, 44.3 min of audio in 324s
12:00:22 INFO    yt2ds.pipeline: PGsgRDOyM9M: freed 432 MB
12:00:22 INFO    yt2ds.pipeline: [275/1130] 2AocO1QTg40 -- ابوي يرفض العرسان يقولهم اني مريضه عشان.😭.؟ واختي تتهمني اني سحرته...😱🔥
Deprecated Feature: Support for Python version 3.10 has been deprecated. Please update to Python 3.11 or above
Deprecated Feature: Support for Python version 3.10 has been deprecated. Please update to Python 3.11 or above
12:00:36 INFO    yt2ds.pipeline: 2AocO1QTg40: 1806.1s of audio, -16.6 LUFS
12:00:36 INFO    yt2ds.pipeline: 2AocO1QTg40: 4350 subtitle words (yt_auto, ar)
12:00:36 INFO    yt2ds.stages.diarize: diarizing 2AocO1QTg40
12:01:29 INFO    yt2ds.stages.diarize: diarizer: 338 turns, 1 speakers, 0 overlap regions
12:01:29 INFO    yt2ds.pipeline: 2AocO1QTg40: 1 speakers, 338 turns
12:01:44 INFO    yt2ds.stages.vad: 2AocO1QTg40.16k: 138 speech regions, 1770.4s speech of 1806.1s (98%)
12:01:44 INFO    yt2ds.pipeline: 2AocO1QTg40: 275 candidate chunks
/home/ai2/saudi-youtube-data/youtube-to-dataset/src/yt2ds/stages/align.py:223: UserWarning: torchaudio.functional._alignment.forced_align has been deprecated. This deprecation is part of a large refactoring effort to transition TorchAudio into a maintenance phase. Please see https://github.com/pytorch/audio/issues/3902 for more information. It will be removed from the 2.9 release. 
  paths, scores = AF.forced_align(emissions, targets, blank=blank_id)
12:03:43 INFO    yt2ds.pipeline: 2AocO1QTg40: aligned 4350/4350 subtitle words
12:03:47 INFO    yt2ds.pipeline: 2AocO1QTg40: kept 252, rejected 23, 26.8 min of audio in 203s
12:03:47 INFO    yt2ds.pipeline: 2AocO1QTg40: freed 258 MB
12:03:47 INFO    yt2ds.pipeline: [276/1130] OE1bIMfcjkg -- خالتي اقنعت امي تترك بيتها عشان ابوي ينفذ طلبها...😱؟ بس اللي صار محد توقعه😭🔥
Deprecated Feature: Support for Python version 3.10 has been deprecated. Please update to Python 3.11 or above
Deprecated Feature: Support for Python version 3.10 has been deprecated. Please update to Python 3.11 or above
12:03:59 INFO    yt2ds.pipeline: OE1bIMfcjkg: 1560.4s of audio, -16.6 LUFS
12:03:59 INFO    yt2ds.pipeline: OE1bIMfcjkg: 3734 subtitle words (yt_auto, ar)
12:03:59 INFO    yt2ds.stages.diarize: diarizing OE1bIMfcjkg
12:04:46 INFO    yt2ds.stages.diarize: diarizer: 270 turns, 1 speakers, 0 overlap regions
12:04:46 INFO    yt2ds.pipeline: OE1bIMfcjkg: 1 speakers, 270 turns
12:05:00 INFO    yt2ds.stages.vad: OE1bIMfcjkg.16k: 124 speech regions, 1521.1s speech of 1560.4s (97%)
12:05:00 INFO    yt2ds.pipeline: OE1bIMfcjkg: 226 candidate chunks
/home/ai2/saudi-youtube-data/youtube-to-dataset/src/yt2ds/stages/align.py:223: UserWarning: torchaudio.functional._alignment.forced_align has been deprecated. This deprecation is part of a large refactoring effort to transition TorchAudio into a maintenance phase. Please see https://github.com/pytorch/audio/issues/3902 for more information. It will be removed from the 2.9 release. 
  paths, scores = AF.forced_align(emissions, targets, blank=blank_id)
12:06:34 INFO    yt2ds.pipeline: OE1bIMfcjkg: aligned 3734/3734 subtitle words
12:06:37 INFO    yt2ds.pipeline: OE1bIMfcjkg: kept 200, rejected 26, 22.2 min of audio in 168s
12:06:37 INFO    yt2ds.pipeline: OE1bIMfcjkg: freed 222 MB
12:06:37 INFO    yt2ds.pipeline: [277/1130] ex2kLwe8jHs -- ام صديقة زوجتي جات تنبهني ان زوجتي وبنتها..😱..؟ اللي صار ماحسبت حسابه
Deprecated Feature: Support for Python version 3.10 has been deprecated. Please update to Python 3.11 or above
Deprecated Feature: Support for Python version 3.10 has been deprecated. Please update to Python 3.11 or above
12:06:49 INFO    yt2ds.pipeline: ex2kLwe8jHs: 1682.3s of audio, -16.7 LUFS
12:06:49 INFO    yt2ds.pipeline: ex2kLwe8jHs: 4131 subtitle words (yt_auto, ar)
12:06:49 INFO    yt2ds.stages.diarize: diarizing ex2kLwe8jHs
12:07:39 INFO    yt2ds.stages.diarize: diarizer: 300 turns, 1 speakers, 0 overlap regions
12:07:39 INFO    yt2ds.pipeline: ex2kLwe8jHs: 1 speakers, 300 turns
12:07:53 INFO    yt2ds.stages.vad: ex2kLwe8jHs.16k: 120 speech regions, 1625.1s speech of 1682.3s (97%)
12:07:53 INFO    yt2ds.pipeline: ex2kLwe8jHs: 248 candidate chunks
/home/ai2/saudi-youtube-data/youtube-to-dataset/src/yt2ds/stages/align.py:223: UserWarning: torchaudio.functional._alignment.forced_align has been deprecated. This deprecation is part of a large refactoring effort to transition TorchAudio into a maintenance phase. Please see https://github.com/pytorch/audio/issues/3902 for more information. It will be removed from the 2.9 release. 
  paths, scores = AF.forced_align(emissions, targets, blank=blank_id)
12:09:35 INFO    yt2ds.pipeline: ex2kLwe8jHs: aligned 4131/4131 subtitle words
12:09:38 INFO    yt2ds.pipeline: ex2kLwe8jHs: kept 228, rejected 20, 25.2 min of audio in 180s
12:09:38 INFO    yt2ds.pipeline: ex2kLwe8jHs: freed 240 MB
12:09:38 INFO    yt2ds.pipeline: [278/1130] qP9sH-sBgBQ -- زوجي سافر عشان يقهرني وانا نفاس ..😭..؟بس ماتوقع الشيء اللي بيصير له ..؟😫🔥
Deprecated Feature: Support for Python version 3.10 has been deprecated. Please update to Python 3.11 or above
Deprecated Feature: Support for Python version 3.10 has been deprecated. Please update to Python 3.11 or above
12:09:48 INFO    yt2ds.pipeline: qP9sH-sBgBQ: 1260.7s of audio, -16.6 LUFS
12:09:48 INFO    yt2ds.pipeline: qP9sH-sBgBQ: 2972 subtitle words (yt_auto, ar)
12:09:48 INFO    yt2ds.stages.diarize: diarizing qP9sH-sBgBQ
12:10:28 INFO    yt2ds.stages.diarize: diarizer: 243 turns, 2 speakers, 0 overlap regions
12:10:28 INFO    yt2ds.pipeline: qP9sH-sBgBQ: 2 speakers, 243 turns
12:10:28 INFO    yt2ds.stages.diarize: collapsing 2 speakers to 2 (100% of speech)
12:10:38 INFO    yt2ds.stages.vad: qP9sH-sBgBQ.16k: 103 speech regions, 1217.5s speech of 1260.7s (97%)
12:10:38 INFO    yt2ds.pipeline: qP9sH-sBgBQ: 205 candidate chunks
/home/ai2/saudi-youtube-data/youtube-to-dataset/src/yt2ds/stages/align.py:223: UserWarning: torchaudio.functional._alignment.forced_align has been deprecated. This deprecation is part of a large refactoring effort to transition TorchAudio into a maintenance phase. Please see https://github.com/pytorch/audio/issues/3902 for more information. It will be removed from the 2.9 release. 
  paths, scores = AF.forced_align(emissions, targets, blank=blank_id)
12:11:58 INFO    yt2ds.pipeline: qP9sH-sBgBQ: aligned 2972/2972 subtitle words
12:12:00 INFO    yt2ds.pipeline: qP9sH-sBgBQ: kept 83, rejected 122, 6.7 min of audio in 140s
12:12:00 INFO    yt2ds.pipeline: qP9sH-sBgBQ: freed 180 MB
12:12:00 INFO    yt2ds.pipeline: [279/1130] Ul1MBB3d5hc -- ولد جيرانا حاول يخطفني لاني رفضت اتزوجه😱..؟ اللي صار كارثه😭🔥
Deprecated Feature: Support for Python version 3.10 has been deprecated. Please update to Python 3.11 or above
Deprecated Feature: Support for Python version 3.10 has been deprecated. Please update to Python 3.11 or above
12:12:13 INFO    yt2ds.pipeline: Ul1MBB3d5hc: 1800.5s of audio, -17.0 LUFS
12:12:13 INFO    yt2ds.pipeline: Ul1MBB3d5hc: 4109 subtitle words (yt_auto, ar)
12:12:13 INFO    yt2ds.stages.diarize: diarizing Ul1MBB3d5hc
12:13:06 INFO    yt2ds.stages.diarize: diarizer: 344 turns, 2 speakers, 0 overlap regions
12:13:06 INFO    yt2ds.pipeline: Ul1MBB3d5hc: 2 speakers, 344 turns
12:13:06 INFO    yt2ds.stages.diarize: collapsing 2 speakers to 1 (100% of speech)
12:13:21 INFO    yt2ds.stages.vad: Ul1MBB3d5hc.16k: 118 speech regions, 1731.0s speech of 1800.5s (96%)
12:13:21 INFO    yt2ds.pipeline: Ul1MBB3d5hc: 274 candidate chunks
/home/ai2/saudi-youtube-data/youtube-to-dataset/src/yt2ds/stages/align.py:223: UserWarning: torchaudio.functional._alignment.forced_align has been deprecated. This deprecation is part of a large refactoring effort to transition TorchAudio into a maintenance phase. Please see https://github.com/pytorch/audio/issues/3902 for more information. It will be removed from the 2.9 release. 
  paths, scores = AF.forced_align(emissions, targets, blank=blank_id)
12:15:15 INFO    yt2ds.pipeline: Ul1MBB3d5hc: aligned 4109/4109 subtitle words
12:15:19 INFO    yt2ds.pipeline: Ul1MBB3d5hc: kept 258, rejected 16, 26.9 min of audio in 198s
12:15:19 INFO    yt2ds.pipeline: Ul1MBB3d5hc: freed 256 MB
12:15:19 INFO    yt2ds.pipeline: [280/1130] yw6xjkuWz50 -- بسبة صديقي أزواج اخواتي يهددون خواتي بالطلاق لاني.. ؟ وأمام مسجد يقولي تخاويني..💔🔥
Deprecated Feature: Support for Python version 3.10 has been deprecated. Please update to Python 3.11 or above
Deprecated Feature: Support for Python version 3.10 has been deprecated. Please update to Python 3.11 or above
12:15:31 INFO    yt2ds.pipeline: yw6xjkuWz50: 1690.4s of audio, -17.0 LUFS
12:15:31 INFO    yt2ds.pipeline: yw6xjkuWz50: 4265 subtitle words (yt_auto, ar)
12:15:31 INFO    yt2ds.stages.diarize: diarizing yw6xjkuWz50
12:16:22 INFO    yt2ds.stages.diarize: diarizer: 296 turns, 2 speakers, 0 overlap regions
12:16:22 INFO    yt2ds.pipeline: yw6xjkuWz50: 2 speakers, 296 turns
12:16:22 INFO    yt2ds.stages.diarize: collapsing 2 speakers to 2 (100% of speech)
12:16:36 INFO    yt2ds.stages.vad: yw6xjkuWz50.16k: 106 speech regions, 1650.0s speech of 1690.4s (98%)
12:16:36 INFO    yt2ds.pipeline: yw6xjkuWz50: 240 candidate chunks
/home/ai2/saudi-youtube-data/youtube-to-dataset/src/yt2ds/stages/align.py:223: UserWarning: torchaudio.functional._alignment.forced_align has been deprecated. This deprecation is part of a large refactoring effort to transition TorchAudio into a maintenance phase. Please see https://github.com/pytorch/audio/issues/3902 for more information. It will be removed from the 2.9 release. 
  paths, scores = AF.forced_align(emissions, targets, blank=blank_id)
12:18:20 INFO    yt2ds.pipeline: yw6xjkuWz50: aligned 4265/4265 subtitle words
12:18:23 INFO    yt2ds.pipeline: yw6xjkuWz50: kept 184, rejected 56, 20.7 min of audio in 182s
12:18:23 INFO    yt2ds.pipeline: yw6xjkuWz50: freed 241 MB
12:18:23 INFO    yt2ds.pipeline: [281/1130] hBo2aaaPBj4 -- برنامج تلفزيوني يكشف السر اللي خبيته ٤سنين عن زوجي...😱؟ ماتوقعت اللي صار 😭💔🔥
Deprecated Feature: Support for Python version 3.10 has been deprecated. Please update to Python 3.11 or above
Deprecated Feature: Support for Python version 3.10 has been deprecated. Please update to Python 3.11 or above
12:18:32 INFO    yt2ds.pipeline: hBo2aaaPBj4: 1202.2s of audio, -16.3 LUFS
12:18:32 INFO    yt2ds.pipeline: hBo2aaaPBj4: 2961 subtitle words (yt_auto, ar)
12:18:32 INFO    yt2ds.stages.diarize: diarizing hBo2aaaPBj4
12:19:10 INFO    yt2ds.stages.diarize: diarizer: 227 turns, 1 speakers, 0 overlap regions
12:19:10 INFO    yt2ds.pipeline: hBo2aaaPBj4: 1 speakers, 227 turns
12:19:20 INFO    yt2ds.stages.vad: hBo2aaaPBj4.16k: 114 speech regions, 1165.3s speech of 1202.2s (97%)
12:19:20 INFO    yt2ds.pipeline: hBo2aaaPBj4: 184 candidate chunks
/home/ai2/saudi-youtube-data/youtube-to-dataset/src/yt2ds/stages/align.py:223: UserWarning: torchaudio.functional._alignment.forced_align has been deprecated. This deprecation is part of a large refactoring effort to transition TorchAudio into a maintenance phase. Please see https://github.com/pytorch/audio/issues/3902 for more information. It will be removed from the 2.9 release. 
  paths, scores = AF.forced_align(emissions, targets, blank=blank_id)
12:20:32 INFO    yt2ds.pipeline: hBo2aaaPBj4: aligned 2961/2961 subtitle words
12:20:35 INFO    yt2ds.pipeline: hBo2aaaPBj4: kept 151, rejected 33, 15.5 min of audio in 130s
12:20:35 INFO    yt2ds.pipeline: hBo2aaaPBj4: freed 171 MB
12:20:35 INFO    yt2ds.pipeline: [282/1130] nxPLdwtcVng -- شايب سكني عندهم وانا عزوبي ..؟ واللي اكتشفته عن أولاده صدمني ..؟ اللي صار 😭😱💔🔥
Deprecated Feature: Support for Python version 3.10 has been deprecated. Please update to Python 3.11 or above
Deprecated Feature: Support for Python version 3.10 has been deprecated. Please update to Python 3.11 or above
12:20:45 INFO    yt2ds.pipeline: nxPLdwtcVng: 1320.3s of audio, -16.7 LUFS
12:20:45 INFO    yt2ds.pipeline: nxPLdwtcVng: 3308 subtitle words (yt_auto, ar)
12:20:45 INFO    yt2ds.stages.diarize: diarizing nxPLdwtcVng
12:21:25 INFO    yt2ds.stages.diarize: diarizer: 260 turns, 1 speakers, 0 overlap regions
12:21:25 INFO    yt2ds.pipeline: nxPLdwtcVng: 1 speakers, 260 turns
12:21:36 INFO    yt2ds.stages.vad: nxPLdwtcVng.16k: 106 speech regions, 1295.7s speech of 1320.3s (98%)
12:21:36 INFO    yt2ds.pipeline: nxPLdwtcVng: 196 candidate chunks
12:22:40 INFO    yt2ds.stages.speakers: nxPLdwtcVng_SPK1: dropped 1/196 chunks as off-centroid
/home/ai2/saudi-youtube-data/youtube-to-dataset/src/yt2ds/stages/align.py:223: UserWarning: torchaudio.functional._alignment.forced_align has been deprecated. This deprecation is part of a large refactoring effort to transition TorchAudio into a maintenance phase. Please see https://github.com/pytorch/audio/issues/3902 for more information. It will be removed from the 2.9 release. 
  paths, scores = AF.forced_align(emissions, targets, blank=blank_id)
12:22:58 INFO    yt2ds.pipeline: nxPLdwtcVng: aligned 3308/3308 subtitle words
12:23:01 INFO    yt2ds.pipeline: nxPLdwtcVng: kept 176, rejected 20, 19.2 min of audio in 144s
12:23:01 INFO    yt2ds.pipeline: nxPLdwtcVng: freed 188 MB
12:23:01 INFO    yt2ds.pipeline: [283/1130] F8D3PYx5q-w -- امي وام زوجي واللي سووه فيني وبزوجي لايغتفر ../مستحيل اسامحهم واللي صار ..؟ 😭
Deprecated Feature: Support for Python version 3.10 has been deprecated. Please update to Python 3.11 or above
Deprecated Feature: Support for Python version 3.10 has been deprecated. Please update to Python 3.11 or above
12:23:15 INFO    yt2ds.pipeline: F8D3PYx5q-w: 1920.6s of audio, -17.3 LUFS
12:23:15 INFO    yt2ds.pipeline: F8D3PYx5q-w: 4521 subtitle words (yt_auto, ar)
12:23:15 INFO    yt2ds.stages.diarize: diarizing F8D3PYx5q-w
12:24:11 INFO    yt2ds.stages.diarize: diarizer: 388 turns, 2 speakers, 0 overlap regions
12:24:11 INFO    yt2ds.pipeline: F8D3PYx5q-w: 2 speakers, 388 turns
12:24:11 INFO    yt2ds.stages.diarize: collapsing 2 speakers to 2 (100% of speech)
12:24:27 INFO    yt2ds.stages.vad: F8D3PYx5q-w.16k: 171 speech regions, 1843.6s speech of 1920.6s (96%)
12:24:27 INFO    yt2ds.pipeline: F8D3PYx5q-w: 296 candidate chunks
/home/ai2/saudi-youtube-data/youtube-to-dataset/src/yt2ds/stages/align.py:223: UserWarning: torchaudio.functional._alignment.forced_align has been deprecated. This deprecation is part of a large refactoring effort to transition TorchAudio into a maintenance phase. Please see https://github.com/pytorch/audio/issues/3902 for more information. It will be removed from the 2.9 release. 
  paths, scores = AF.forced_align(emissions, targets, blank=blank_id)
12:26:29 INFO    yt2ds.pipeline: F8D3PYx5q-w: aligned 4521/4521 subtitle words
12:26:33 INFO    yt2ds.pipeline: F8D3PYx5q-w: kept 262, rejected 34, 26.3 min of audio in 211s
12:26:33 INFO    yt2ds.pipeline: F8D3PYx5q-w: freed 273 MB
12:26:33 INFO    yt2ds.pipeline: [284/1130] 2LuCdZRUBPA -- اخوي اكتشف ان زوجته خاينه ..؟ واللي كشفها قروب داعمين بالبث..😱🔞🔥
Deprecated Feature: Support for Python version 3.10 has been deprecated. Please update to Python 3.11 or above
Deprecated Feature: Support for Python version 3.10 has been deprecated. Please update to Python 3.11 or above
ERROR: unable to download video data: HTTP Error 403: Forbidden
12:26:39 WARNING yt2ds.stages.download: https://www.youtube.com/watch?v=6Q1vnqgHAI4: attempt 1/6 failed (client=default): ERROR: unable to download video data: HTTP Error 403: Forbidden -- retrying in 4s
12:26:42 INFO    yt2ds.pipeline: 2LuCdZRUBPA: 1263.4s of audio, -16.8 LUFS
12:26:42 INFO    yt2ds.pipeline: 2LuCdZRUBPA: 3110 subtitle words (yt_auto, ar)
12:26:42 INFO    yt2ds.stages.diarize: diarizing 2LuCdZRUBPA
Deprecated Feature: Support for Python version 3.10 has been deprecated. Please update to Python 3.11 or above
ERROR: [youtube] 6Q1vnqgHAI4: Requested format is not available. Use --list-formats for a list of available formats
12:26:46 WARNING yt2ds.stages.download: https://www.youtube.com/watch?v=6Q1vnqgHAI4: attempt 2/6 failed (client=tv_simply): ERROR: [youtube] 6Q1vnqgHAI4: Requested format is not available. Use --list-formats for a list of available formats -- retrying in 8s
Deprecated Feature: Support for Python version 3.10 has been deprecated. Please update to Python 3.11 or above
ERROR: [youtube] 6Q1vnqgHAI4: Requested format is not available. Use --list-formats for a list of available formats
12:26:55 WARNING yt2ds.stages.download: https://www.youtube.com/watch?v=6Q1vnqgHAI4: attempt 3/6 failed (client=web_safari): ERROR: [youtube] 6Q1vnqgHAI4: Requested format is not available. Use --list-formats for a list of available formats -- retrying in 12s
Deprecated Feature: Support for Python version 3.10 has been deprecated. Please update to Python 3.11 or above
12:27:12 INFO    yt2ds.stages.download: https://www.youtube.com/watch?v=6Q1vnqgHAI4: succeeded on attempt 4 (client=android_vr)
12:27:21 INFO    yt2ds.stages.diarize: diarizer: 230 turns, 1 speakers, 0 overlap regions
12:27:21 INFO    yt2ds.pipeline: 2LuCdZRUBPA: 1 speakers, 230 turns
12:27:32 INFO    yt2ds.stages.vad: 2LuCdZRUBPA.16k: 90 speech regions, 1236.2s speech of 1263.4s (98%)
12:27:32 INFO    yt2ds.pipeline: 2LuCdZRUBPA: 193 candidate chunks
12:28:32 INFO    yt2ds.stages.speakers: 2LuCdZRUBPA_SPK1: dropped 1/193 chunks as off-centroid
/home/ai2/saudi-youtube-data/youtube-to-dataset/src/yt2ds/stages/align.py:223: UserWarning: torchaudio.functional._alignment.forced_align has been deprecated. This deprecation is part of a large refactoring effort to transition TorchAudio into a maintenance phase. Please see https://github.com/pytorch/audio/issues/3902 for more information. It will be removed from the 2.9 release. 
  paths, scores = AF.forced_align(emissions, targets, blank=blank_id)
12:28:49 INFO    yt2ds.pipeline: 2LuCdZRUBPA: aligned 3110/3110 subtitle words
12:28:52 INFO    yt2ds.pipeline: 2LuCdZRUBPA: kept 171, rejected 22, 18.2 min of audio in 137s
12:28:52 INFO    yt2ds.pipeline: 2LuCdZRUBPA: freed 180 MB
12:28:52 INFO    yt2ds.pipeline: [285/1130] R81hoDWztmw -- امي وخالتي يخططون يزوجوني وانا متزوجه..😱..؟ وصل الخبر لابوي واللي صار..💔😭🔥 ..؟
Deprecated Feature: Support for Python version 3.10 has been deprecated. Please update to Python 3.11 or above
Deprecated Feature: Support for Python version 3.10 has been deprecated. Please update to Python 3.11 or above
12:29:03 INFO    yt2ds.pipeline: R81hoDWztmw: 1620.5s of audio, -16.4 LUFS
12:29:03 INFO    yt2ds.pipeline: R81hoDWztmw: 4023 subtitle words (yt_auto, ar)
12:29:03 INFO    yt2ds.stages.diarize: diarizing R81hoDWztmw
12:29:51 INFO    yt2ds.stages.diarize: diarizer: 281 turns, 3 speakers, 0 overlap regions
12:29:51 INFO    yt2ds.pipeline: R81hoDWztmw: 3 speakers, 281 turns
12:29:51 INFO    yt2ds.stages.diarize: collapsing 3 speakers to 2 (100% of speech)
12:30:05 INFO    yt2ds.stages.vad: R81hoDWztmw.16k: 127 speech regions, 1555.1s speech of 1620.5s (96%)
12:30:05 INFO    yt2ds.pipeline: R81hoDWztmw: 229 candidate chunks
/home/ai2/saudi-youtube-data/youtube-to-dataset/src/yt2ds/stages/align.py:223: UserWarning: torchaudio.functional._alignment.forced_align has been deprecated. This deprecation is part of a large refactoring effort to transition TorchAudio into a maintenance phase. Please see https://github.com/pytorch/audio/issues/3902 for more information. It will be removed from the 2.9 release. 
  paths, scores = AF.forced_align(emissions, targets, blank=blank_id)
12:31:48 INFO    yt2ds.pipeline: R81hoDWztmw: aligned 4023/4023 subtitle words
12:31:51 INFO    yt2ds.pipeline: R81hoDWztmw: kept 177, rejected 52, 19.6 min of audio in 177s
12:31:51 INFO    yt2ds.pipeline: R81hoDWztmw: freed 231 MB
12:31:51 INFO    yt2ds.pipeline: [286/1130] DhoRmstUIKI -- انغدرت من زوجي وابوي تبرا مني بسبة هالشي.؟. اللي صار ماكان بالحسبان..😱😭💔..؟
Deprecated Feature: Support for Python version 3.10 has been deprecated. Please update to Python 3.11 or above
Deprecated Feature: Support for Python version 3.10 has been deprecated. Please update to Python 3.11 or above
12:32:03 INFO    yt2ds.pipeline: DhoRmstUIKI: 1921.8s of audio, -16.3 LUFS
12:32:03 INFO    yt2ds.pipeline: DhoRmstUIKI: 4773 subtitle words (yt_auto, ar)
12:32:03 INFO    yt2ds.stages.diarize: diarizing DhoRmstUIKI
12:32:59 INFO    yt2ds.stages.diarize: diarizer: 363 turns, 1 speakers, 0 overlap regions
12:32:59 INFO    yt2ds.pipeline: DhoRmstUIKI: 1 speakers, 363 turns
12:33:15 INFO    yt2ds.stages.vad: DhoRmstUIKI.16k: 175 speech regions, 1869.5s speech of 1921.8s (97%)
12:33:15 INFO    yt2ds.pipeline: DhoRmstUIKI: 299 candidate chunks
12:34:47 INFO    yt2ds.stages.speakers: DhoRmstUIKI_SPK1: dropped 1/299 chunks as off-centroid
/home/ai2/saudi-youtube-data/youtube-to-dataset/src/yt2ds/stages/align.py:223: UserWarning: torchaudio.functional._alignment.forced_align has been deprecated. This deprecation is part of a large refactoring effort to transition TorchAudio into a maintenance phase. Please see https://github.com/pytorch/audio/issues/3902 for more information. It will be removed from the 2.9 release. 
  paths, scores = AF.forced_align(emissions, targets, blank=blank_id)
12:35:16 INFO    yt2ds.pipeline: DhoRmstUIKI: aligned 4773/4773 subtitle words
12:35:20 INFO    yt2ds.pipeline: DhoRmstUIKI: kept 266, rejected 33, 27.2 min of audio in 208s
12:35:21 INFO    yt2ds.pipeline: DhoRmstUIKI: freed 274 MB
12:35:21 INFO    yt2ds.pipeline: [287/1130] oFWqnZsrBXQ -- ولد عمي وصديقه انتقموا من اخوي بسبب لعبه..؟ اللي سووه يشيب الراس..😱💔..؟
Deprecated Feature: Support for Python version 3.10 has been deprecated. Please update to Python 3.11 or above
Deprecated Feature: Support for Python version 3.10 has been deprecated. Please update to Python 3.11 or above
12:35:32 INFO    yt2ds.pipeline: oFWqnZsrBXQ: 1560.2s of audio, -16.7 LUFS
12:35:32 INFO    yt2ds.pipeline: oFWqnZsrBXQ: 3704 subtitle words (yt_auto, ar)
12:35:32 INFO    yt2ds.stages.diarize: diarizing oFWqnZsrBXQ
12:36:19 INFO    yt2ds.stages.diarize: diarizer: 323 turns, 2 speakers, 0 overlap regions
12:36:19 INFO    yt2ds.pipeline: oFWqnZsrBXQ: 2 speakers, 323 turns
12:36:19 INFO    yt2ds.stages.diarize: collapsing 2 speakers to 2 (100% of speech)
12:36:32 INFO    yt2ds.stages.vad: oFWqnZsrBXQ.16k: 156 speech regions, 1494.6s speech of 1560.2s (96%)
12:36:32 INFO    yt2ds.pipeline: oFWqnZsrBXQ: 250 candidate chunks
12:37:48 INFO    yt2ds.stages.speakers: oFWqnZsrBXQ_SPK2: dropped 1/250 chunks as off-centroid
/home/ai2/saudi-youtube-data/youtube-to-dataset/src/yt2ds/stages/align.py:223: UserWarning: torchaudio.functional._alignment.forced_align has been deprecated. This deprecation is part of a large refactoring effort to transition TorchAudio into a maintenance phase. Please see https://github.com/pytorch/audio/issues/3902 for more information. It will be removed from the 2.9 release. 
  paths, scores = AF.forced_align(emissions, targets, blank=blank_id)
12:38:10 INFO    yt2ds.pipeline: oFWqnZsrBXQ: aligned 3704/3704 subtitle words
12:38:12 INFO    yt2ds.pipeline: oFWqnZsrBXQ: kept 153, rejected 97, 14.7 min of audio in 170s
12:38:12 INFO    yt2ds.pipeline: oFWqnZsrBXQ: freed 221 MB
12:38:12 INFO    yt2ds.pipeline: [288/1130] 6Q1vnqgHAI4 -- صار علي حادث واخوي رفض اسافر للعلاج ...😱..؟ واللي تكفل بعلاجي شخص ماتوقعته ابدا..😭💔
Deprecated Feature: Support for Python version 3.10 has been deprecated. Please update to Python 3.11 or above
Deprecated Feature: Support for Python version 3.10 has been deprecated. Please update to Python 3.11 or above
ERROR: unable to download video data: HTTP Error 403: Forbidden
12:38:18 WARNING yt2ds.stages.download: https://www.youtube.com/watch?v=Mco_YegW-h0: attempt 1/6 failed (client=default): ERROR: unable to download video data: HTTP Error 403: Forbidden -- retrying in 4s
Deprecated Feature: Support for Python version 3.10 has been deprecated. Please update to Python 3.11 or above
ERROR: [youtube] Mco_YegW-h0: Requested format is not available. Use --list-formats for a list of available formats
12:38:25 WARNING yt2ds.stages.download: https://www.youtube.com/watch?v=Mco_YegW-h0: attempt 2/6 failed (client=tv_simply): ERROR: [youtube] Mco_YegW-h0: Requested format is not available. Use --list-formats for a list of available formats -- retrying in 8s
12:38:27 INFO    yt2ds.pipeline: 6Q1vnqgHAI4: 2161.3s of audio, -16.9 LUFS
12:38:27 INFO    yt2ds.pipeline: 6Q1vnqgHAI4: 5181 subtitle words (yt_auto, ar)
12:38:27 INFO    yt2ds.stages.diarize: diarizing 6Q1vnqgHAI4
Deprecated Feature: Support for Python version 3.10 has been deprecated. Please update to Python 3.11 or above
ERROR: [youtube] Mco_YegW-h0: Requested format is not available. Use --list-formats for a list of available formats
12:38:35 WARNING yt2ds.stages.download: https://www.youtube.com/watch?v=Mco_YegW-h0: attempt 3/6 failed (client=web_safari): ERROR: [youtube] Mco_YegW-h0: Requested format is not available. Use --list-formats for a list of available formats -- retrying in 12s
Deprecated Feature: Support for Python version 3.10 has been deprecated. Please update to Python 3.11 or above
12:38:51 INFO    yt2ds.stages.download: https://www.youtube.com/watch?v=Mco_YegW-h0: succeeded on attempt 4 (client=android_vr)
12:39:30 INFO    yt2ds.stages.diarize: diarizer: 410 turns, 2 speakers, 0 overlap regions
12:39:30 INFO    yt2ds.pipeline: 6Q1vnqgHAI4: 2 speakers, 410 turns
12:39:30 INFO    yt2ds.stages.diarize: collapsing 2 speakers to 2 (100% of speech)
12:39:48 INFO    yt2ds.stages.vad: 6Q1vnqgHAI4.16k: 129 speech regions, 2114.3s speech of 2161.3s (98%)
12:39:48 INFO    yt2ds.pipeline: 6Q1vnqgHAI4: 339 candidate chunks
12:41:30 INFO    yt2ds.stages.speakers: 6Q1vnqgHAI4_SPK2: dropped 1/339 chunks as off-centroid
/home/ai2/saudi-youtube-data/youtube-to-dataset/src/yt2ds/stages/align.py:223: UserWarning: torchaudio.functional._alignment.forced_align has been deprecated. This deprecation is part of a large refactoring effort to transition TorchAudio into a maintenance phase. Please see https://github.com/pytorch/audio/issues/3902 for more information. It will be removed from the 2.9 release. 
  paths, scores = AF.forced_align(emissions, targets, blank=blank_id)
12:42:02 INFO    yt2ds.pipeline: 6Q1vnqgHAI4: aligned 5181/5181 subtitle words
12:42:06 INFO    yt2ds.pipeline: 6Q1vnqgHAI4: kept 302, rejected 37, 31.5 min of audio in 233s
12:42:06 INFO    yt2ds.pipeline: 6Q1vnqgHAI4: freed 307 MB
12:42:06 INFO    yt2ds.pipeline: [289/1130] p3ZIQFXKCEw -- زوجة ابوي استغلتني ماديا واتفقت مع اخوها ان يسوون فيني هالشي ...😭😱💔..؟
Deprecated Feature: Support for Python version 3.10 has been deprecated. Please update to Python 3.11 or above
Deprecated Feature: Support for Python version 3.10 has been deprecated. Please update to Python 3.11 or above
12:42:16 INFO    yt2ds.pipeline: p3ZIQFXKCEw: 1320.3s of audio, -16.6 LUFS
12:42:16 INFO    yt2ds.pipeline: p3ZIQFXKCEw: 3069 subtitle words (yt_auto, ar)
12:42:16 INFO    yt2ds.stages.diarize: diarizing p3ZIQFXKCEw
12:42:57 INFO    yt2ds.stages.diarize: diarizer: 265 turns, 2 speakers, 0 overlap regions
12:42:57 INFO    yt2ds.pipeline: p3ZIQFXKCEw: 2 speakers, 265 turns
12:42:57 INFO    yt2ds.stages.diarize: collapsing 2 speakers to 2 (100% of speech)
12:43:08 INFO    yt2ds.stages.vad: p3ZIQFXKCEw.16k: 121 speech regions, 1268.3s speech of 1320.3s (96%)
12:43:08 INFO    yt2ds.pipeline: p3ZIQFXKCEw: 203 candidate chunks
/home/ai2/saudi-youtube-data/youtube-to-dataset/src/yt2ds/stages/align.py:223: UserWarning: torchaudio.functional._alignment.forced_align has been deprecated. This deprecation is part of a large refactoring effort to transition TorchAudio into a maintenance phase. Please see https://github.com/pytorch/audio/issues/3902 for more information. It will be removed from the 2.9 release. 
  paths, scores = AF.forced_align(emissions, targets, blank=blank_id)
12:44:24 INFO    yt2ds.pipeline: p3ZIQFXKCEw: aligned 3069/3069 subtitle words
12:44:27 INFO    yt2ds.pipeline: p3ZIQFXKCEw: kept 184, rejected 19, 19.3 min of audio in 139s
12:44:27 INFO    yt2ds.pipeline: p3ZIQFXKCEw: freed 188 MB
12:44:27 INFO    yt2ds.pipeline: [290/1130] byVYZRmO_zg -- بسبب غيرة اخواني صرت اقابل امي ببيت خالتي بدون علم ابوي..😭../اللي صار صادم...😫💔..؟
Deprecated Feature: Support for Python version 3.10 has been deprecated. Please update to Python 3.11 or above
Deprecated Feature: Support for Python version 3.10 has been deprecated. Please update to Python 3.11 or above
12:44:47 INFO    yt2ds.pipeline: byVYZRmO_zg: 3214.3s of audio, -16.7 LUFS
12:44:47 INFO    yt2ds.pipeline: byVYZRmO_zg: 7775 subtitle words (yt_auto, ar)
12:44:47 INFO    yt2ds.stages.diarize: diarizing byVYZRmO_zg
12:46:18 INFO    yt2ds.stages.diarize: diarizer: 641 turns, 1 speakers, 0 overlap regions
12:46:18 INFO    yt2ds.pipeline: byVYZRmO_zg: 1 speakers, 641 turns
12:46:45 INFO    yt2ds.stages.vad: byVYZRmO_zg.16k: 257 speech regions, 3148.3s speech of 3214.3s (98%)
12:46:45 INFO    yt2ds.pipeline: byVYZRmO_zg: 515 candidate chunks
12:49:13 INFO    yt2ds.stages.speakers: byVYZRmO_zg_SPK1: dropped 3/513 chunks as off-centroid
/home/ai2/saudi-youtube-data/youtube-to-dataset/src/yt2ds/stages/align.py:223: UserWarning: torchaudio.functional._alignment.forced_align has been deprecated. This deprecation is part of a large refactoring effort to transition TorchAudio into a maintenance phase. Please see https://github.com/pytorch/audio/issues/3902 for more information. It will be removed from the 2.9 release. 
  paths, scores = AF.forced_align(emissions, targets, blank=blank_id)
12:50:01 INFO    yt2ds.pipeline: byVYZRmO_zg: aligned 7775/7775 subtitle words
12:50:07 INFO    yt2ds.pipeline: byVYZRmO_zg: kept 448, rejected 67, 45.1 min of audio in 339s
12:50:08 INFO    yt2ds.pipeline: byVYZRmO_zg: freed 457 MB
12:50:08 INFO    yt2ds.pipeline: [291/1130] SVMRyre17m8 -- بعد ٥٥ سنه جدتي تطلقت بالمحكمه بسبة حرمة تعرفت عليها بالزواج..😱😭💔..؟
Deprecated Feature: Support for Python version 3.10 has been deprecated. Please update to Python 3.11 or above
Deprecated Feature: Support for Python version 3.10 has been deprecated. Please update to Python 3.11 or above
12:50:22 INFO    yt2ds.pipeline: SVMRyre17m8: 1932.1s of audio, -16.4 LUFS
12:50:22 INFO    yt2ds.pipeline: SVMRyre17m8: 4769 subtitle words (yt_auto, ar)
12:50:22 INFO    yt2ds.stages.diarize: diarizing SVMRyre17m8
12:51:18 INFO    yt2ds.stages.diarize: diarizer: 365 turns, 1 speakers, 0 overlap regions
12:51:18 INFO    yt2ds.pipeline: SVMRyre17m8: 1 speakers, 365 turns
12:51:35 INFO    yt2ds.stages.vad: SVMRyre17m8.16k: 141 speech regions, 1893.7s speech of 1932.1s (98%)
12:51:35 INFO    yt2ds.pipeline: SVMRyre17m8: 291 candidate chunks
/home/ai2/saudi-youtube-data/youtube-to-dataset/src/yt2ds/stages/align.py:223: UserWarning: torchaudio.functional._alignment.forced_align has been deprecated. This deprecation is part of a large refactoring effort to transition TorchAudio into a maintenance phase. Please see https://github.com/pytorch/audio/issues/3902 for more information. It will be removed from the 2.9 release. 
  paths, scores = AF.forced_align(emissions, targets, blank=blank_id)
12:53:35 INFO    yt2ds.pipeline: SVMRyre17m8: aligned 4769/4769 subtitle words
12:53:39 INFO    yt2ds.pipeline: SVMRyre17m8: kept 262, rejected 29, 27.5 min of audio in 210s
12:53:39 INFO    yt2ds.pipeline: SVMRyre17m8: freed 275 MB
12:53:39 INFO    yt2ds.pipeline: [292/1130] Mco_YegW-h0 -- اخوي الكبير وزوجته ..كشفوا لي حقيقة امي ..😱..؟ اللي عرفته  شي صادم ..😭🔥💔
Deprecated Feature: Support for Python version 3.10 has been deprecated. Please update to Python 3.11 or above
Deprecated Feature: Support for Python version 3.10 has been deprecated. Please update to Python 3.11 or above
12:53:51 INFO    yt2ds.pipeline: Mco_YegW-h0: 1861.0s of audio, -16.7 LUFS
12:53:51 INFO    yt2ds.pipeline: Mco_YegW-h0: 4528 subtitle words (yt_auto, ar)
12:53:51 INFO    yt2ds.stages.diarize: diarizing Mco_YegW-h0
12:54:46 INFO    yt2ds.stages.diarize: diarizer: 343 turns, 2 speakers, 0 overlap regions
12:54:46 INFO    yt2ds.pipeline: Mco_YegW-h0: 2 speakers, 343 turns
12:54:46 INFO    yt2ds.stages.diarize: collapsing 2 speakers to 2 (100% of speech)
12:55:02 INFO    yt2ds.stages.vad: Mco_YegW-h0.16k: 138 speech regions, 1808.2s speech of 1861.0s (97%)
12:55:02 INFO    yt2ds.pipeline: Mco_YegW-h0: 273 candidate chunks
/home/ai2/saudi-youtube-data/youtube-to-dataset/src/yt2ds/stages/align.py:223: UserWarning: torchaudio.functional._alignment.forced_align has been deprecated. This deprecation is part of a large refactoring effort to transition TorchAudio into a maintenance phase. Please see https://github.com/pytorch/audio/issues/3902 for more information. It will be removed from the 2.9 release. 
  paths, scores = AF.forced_align(emissions, targets, blank=blank_id)
12:56:59 INFO    yt2ds.pipeline: Mco_YegW-h0: aligned 4528/4528 subtitle words
12:57:03 INFO    yt2ds.pipeline: Mco_YegW-h0: kept 244, rejected 29, 26.3 min of audio in 202s
12:57:03 INFO    yt2ds.pipeline: Mco_YegW-h0: freed 265 MB
12:57:03 INFO    yt2ds.pipeline: [293/1130] pLJVOwwgYWc -- بنتي ودتني الشرطه انا وولدي .😱والسبب صادم ..؟ وعشان تتنازل طلبت منا....؟🔥😭
Deprecated Feature: Support for Python version 3.10 has been deprecated. Please update to Python 3.11 or above
Deprecated Feature: Support for Python version 3.10 has been deprecated. Please update to Python 3.11 or above
ERROR: unable to download video data: HTTP Error 403: Forbidden
12:57:09 WARNING yt2ds.stages.download: https://www.youtube.com/watch?v=GyKAsus9VSk: attempt 1/6 failed (client=default): ERROR: unable to download video data: HTTP Error 403: Forbidden -- retrying in 4s
12:57:13 INFO    yt2ds.pipeline: pLJVOwwgYWc: 1321.0s of audio, -16.7 LUFS
12:57:13 INFO    yt2ds.pipeline: pLJVOwwgYWc: 3191 subtitle words (yt_auto, ar)
12:57:13 INFO    yt2ds.stages.diarize: diarizing pLJVOwwgYWc
Deprecated Feature: Support for Python version 3.10 has been deprecated. Please update to Python 3.11 or above
ERROR: [youtube] GyKAsus9VSk: Requested format is not available. Use --list-formats for a list of available formats
12:57:16 WARNING yt2ds.stages.download: https://www.youtube.com/watch?v=GyKAsus9VSk: attempt 2/6 failed (client=tv_simply): ERROR: [youtube] GyKAsus9VSk: Requested format is not available. Use --list-formats for a list of available formats -- retrying in 8s
Deprecated Feature: Support for Python version 3.10 has been deprecated. Please update to Python 3.11 or above
ERROR: [youtube] GyKAsus9VSk: Requested format is not available. Use --list-formats for a list of available formats
12:57:25 WARNING yt2ds.stages.download: https://www.youtube.com/watch?v=GyKAsus9VSk: attempt 3/6 failed (client=web_safari): ERROR: [youtube] GyKAsus9VSk: Requested format is not available. Use --list-formats for a list of available formats -- retrying in 12s
Deprecated Feature: Support for Python version 3.10 has been deprecated. Please update to Python 3.11 or above
12:57:40 INFO    yt2ds.stages.download: https://www.youtube.com/watch?v=GyKAsus9VSk: succeeded on attempt 4 (client=android_vr)
12:57:54 INFO    yt2ds.stages.diarize: diarizer: 226 turns, 3 speakers, 0 overlap regions
12:57:54 INFO    yt2ds.pipeline: pLJVOwwgYWc: 3 speakers, 226 turns
12:57:54 INFO    yt2ds.stages.diarize: collapsing 3 speakers to 2 (100% of speech)
12:58:05 INFO    yt2ds.stages.vad: pLJVOwwgYWc.16k: 97 speech regions, 1279.6s speech of 1321.0s (97%)
12:58:05 INFO    yt2ds.pipeline: pLJVOwwgYWc: 197 candidate chunks
/home/ai2/saudi-youtube-data/youtube-to-dataset/src/yt2ds/stages/align.py:223: UserWarning: torchaudio.functional._alignment.forced_align has been deprecated. This deprecation is part of a large refactoring effort to transition TorchAudio into a maintenance phase. Please see https://github.com/pytorch/audio/issues/3902 for more information. It will be removed from the 2.9 release. 
  paths, scores = AF.forced_align(emissions, targets, blank=blank_id)
12:59:24 INFO    yt2ds.pipeline: pLJVOwwgYWc: aligned 3191/3191 subtitle words
12:59:27 INFO    yt2ds.pipeline: pLJVOwwgYWc: kept 177, rejected 20, 19.1 min of audio in 143s
12:59:27 INFO    yt2ds.pipeline: pLJVOwwgYWc: freed 188 MB
12:59:27 INFO    yt2ds.pipeline: [294/1130] ArFYFw4bqG8 -- جيراني فتحوا عيوني على امي وزوجتي واللي يسوونه بغيابي ..😱 ..؟ اللي اكتشفته شي صادم🔥😭
Deprecated Feature: Support for Python version 3.10 has been deprecated. Please update to Python 3.11 or above
Deprecated Feature: Support for Python version 3.10 has been deprecated. Please update to Python 3.11 or above
12:59:43 INFO    yt2ds.pipeline: ArFYFw4bqG8: 2161.0s of audio, -16.7 LUFS
12:59:43 INFO    yt2ds.pipeline: ArFYFw4bqG8: 5066 subtitle words (yt_auto, ar)
12:59:43 INFO    yt2ds.stages.diarize: diarizing ArFYFw4bqG8
13:00:45 INFO    yt2ds.stages.diarize: diarizer: 407 turns, 2 speakers, 0 overlap regions
13:00:45 INFO    yt2ds.pipeline: ArFYFw4bqG8: 2 speakers, 407 turns
13:00:45 INFO    yt2ds.stages.diarize: collapsing 2 speakers to 2 (100% of speech)
13:01:04 INFO    yt2ds.stages.vad: ArFYFw4bqG8.16k: 213 speech regions, 2086.8s speech of 2161.0s (97%)
13:01:04 INFO    yt2ds.pipeline: ArFYFw4bqG8: 323 candidate chunks
13:02:47 INFO    yt2ds.stages.speakers: ArFYFw4bqG8_SPK2: dropped 2/322 chunks as off-centroid
/home/ai2/saudi-youtube-data/youtube-to-dataset/src/yt2ds/stages/align.py:223: UserWarning: torchaudio.functional._alignment.forced_align has been deprecated. This deprecation is part of a large refactoring effort to transition TorchAudio into a maintenance phase. Please see https://github.com/pytorch/audio/issues/3902 for more information. It will be removed from the 2.9 release. 
  paths, scores = AF.forced_align(emissions, targets, blank=blank_id)
13:03:18 INFO    yt2ds.pipeline: ArFYFw4bqG8: aligned 5066/5066 subtitle words
13:03:23 INFO    yt2ds.pipeline: ArFYFw4bqG8: kept 288, rejected 35, 30.5 min of audio in 234s
13:03:23 INFO    yt2ds.pipeline: ArFYFw4bqG8: freed 308 MB
13:03:23 INFO    yt2ds.pipeline: [295/1130] FMfZGjoOqho -- طيحه قلبت حياتي جحيم.؟😭🔥.. / تحققت امنيتي بيوم عقيقة ولد خالتي../اللي صار..؟ 😭💔
Deprecated Feature: Support for Python version 3.10 has been deprecated. Please update to Python 3.11 or above
Deprecated Feature: Support for Python version 3.10 has been deprecated. Please update to Python 3.11 or above
13:03:33 INFO    yt2ds.pipeline: FMfZGjoOqho: 1441.5s of audio, -16.9 LUFS
13:03:33 INFO    yt2ds.pipeline: FMfZGjoOqho: 3365 subtitle words (yt_auto, ar)
13:03:33 INFO    yt2ds.stages.diarize: diarizing FMfZGjoOqho
13:04:17 INFO    yt2ds.stages.diarize: diarizer: 251 turns, 1 speakers, 0 overlap regions
13:04:17 INFO    yt2ds.pipeline: FMfZGjoOqho: 1 speakers, 251 turns
13:04:29 INFO    yt2ds.stages.vad: FMfZGjoOqho.16k: 92 speech regions, 1411.7s speech of 1441.5s (98%)
13:04:29 INFO    yt2ds.pipeline: FMfZGjoOqho: 214 candidate chunks
/home/ai2/saudi-youtube-data/youtube-to-dataset/src/yt2ds/stages/align.py:223: UserWarning: torchaudio.functional._alignment.forced_align has been deprecated. This deprecation is part of a large refactoring effort to transition TorchAudio into a maintenance phase. Please see https://github.com/pytorch/audio/issues/3902 for more information. It will be removed from the 2.9 release. 
  paths, scores = AF.forced_align(emissions, targets, blank=blank_id)
13:05:54 INFO    yt2ds.pipeline: FMfZGjoOqho: aligned 3365/3365 subtitle words
13:05:56 INFO    yt2ds.pipeline: FMfZGjoOqho: kept 155, rejected 59, 16.6 min of audio in 152s
13:05:56 INFO    yt2ds.pipeline: FMfZGjoOqho: freed 205 MB
13:05:56 INFO    yt2ds.pipeline: [296/1130] yh8RMXjFr1g -- من اول راتب لأخوي بانت حقيقتهم ..؟  ولاتوقعت بيصير فيني انا وامي كذا..🔥😭💔
Deprecated Feature: Support for Python version 3.10 has been deprecated. Please update to Python 3.11 or above
Deprecated Feature: Support for Python version 3.10 has been deprecated. Please update to Python 3.11 or above
13:06:10 INFO    yt2ds.pipeline: yh8RMXjFr1g: 2212.4s of audio, -16.8 LUFS
13:06:10 INFO    yt2ds.pipeline: yh8RMXjFr1g: 5237 subtitle words (yt_auto, ar)
13:06:10 INFO    yt2ds.stages.diarize: diarizing yh8RMXjFr1g
13:07:13 INFO    yt2ds.stages.diarize: diarizer: 406 turns, 1 speakers, 0 overlap regions
13:07:13 INFO    yt2ds.pipeline: yh8RMXjFr1g: 1 speakers, 406 turns
13:07:31 INFO    yt2ds.stages.vad: yh8RMXjFr1g.16k: 169 speech regions, 2167.3s speech of 2212.4s (98%)
13:07:32 INFO    yt2ds.pipeline: yh8RMXjFr1g: 321 candidate chunks
/home/ai2/saudi-youtube-data/youtube-to-dataset/src/yt2ds/stages/align.py:223: UserWarning: torchaudio.functional._alignment.forced_align has been deprecated. This deprecation is part of a large refactoring effort to transition TorchAudio into a maintenance phase. Please see https://github.com/pytorch/audio/issues/3902 for more information. It will be removed from the 2.9 release. 
  paths, scores = AF.forced_align(emissions, targets, blank=blank_id)
13:09:51 INFO    yt2ds.pipeline: yh8RMXjFr1g: aligned 5237/5237 subtitle words
13:09:55 INFO    yt2ds.pipeline: yh8RMXjFr1g: kept 274, rejected 47, 30.6 min of audio in 238s
13:09:55 INFO    yt2ds.pipeline: yh8RMXjFr1g: freed 315 MB
13:09:55 INFO    yt2ds.pipeline: [297/1130] GyKAsus9VSk -- اختي تتهمني عند زوجي بأني ..💔😱...؟ وزوجها قرر يوديها لأهلي والسبب..😭🔥
Deprecated Feature: Support for Python version 3.10 has been deprecated. Please update to Python 3.11 or above
Deprecated Feature: Support for Python version 3.10 has been deprecated. Please update to Python 3.11 or above
13:10:03 INFO    yt2ds.pipeline: GyKAsus9VSk: 1020.5s of audio, -16.8 LUFS
13:10:04 INFO    yt2ds.pipeline: GyKAsus9VSk: 2282 subtitle words (yt_auto, ar)
13:10:04 INFO    yt2ds.stages.diarize: diarizing GyKAsus9VSk
13:10:36 INFO    yt2ds.stages.diarize: diarizer: 207 turns, 2 speakers, 0 overlap regions
13:10:36 INFO    yt2ds.pipeline: GyKAsus9VSk: 2 speakers, 207 turns
13:10:36 INFO    yt2ds.stages.diarize: collapsing 2 speakers to 2 (100% of speech)
13:10:44 INFO    yt2ds.stages.vad: GyKAsus9VSk.16k: 76 speech regions, 979.2s speech of 1020.5s (96%)
13:10:44 INFO    yt2ds.pipeline: GyKAsus9VSk: 153 candidate chunks
/home/ai2/saudi-youtube-data/youtube-to-dataset/src/yt2ds/stages/align.py:223: UserWarning: torchaudio.functional._alignment.forced_align has been deprecated. This deprecation is part of a large refactoring effort to transition TorchAudio into a maintenance phase. Please see https://github.com/pytorch/audio/issues/3902 for more information. It will be removed from the 2.9 release. 
  paths, scores = AF.forced_align(emissions, targets, blank=blank_id)
13:11:48 INFO    yt2ds.pipeline: GyKAsus9VSk: aligned 2282/2282 subtitle words
13:11:50 INFO    yt2ds.pipeline: GyKAsus9VSk: kept 133, rejected 20, 13.8 min of audio in 113s
13:11:50 INFO    yt2ds.pipeline: GyKAsus9VSk: freed 145 MB
13:11:50 INFO    yt2ds.pipeline: [298/1130] _jHtx23JQJA -- صديق ابوي زعلان من زوجته..😱./ وابوي ارضاه على حسابي ..😫💔..؟
Deprecated Feature: Support for Python version 3.10 has been deprecated. Please update to Python 3.11 or above
Deprecated Feature: Support for Python version 3.10 has been deprecated. Please update to Python 3.11 or above
13:12:00 INFO    yt2ds.pipeline: _jHtx23JQJA: 1320.7s of audio, -16.7 LUFS
13:12:00 INFO    yt2ds.pipeline: _jHtx23JQJA: 2960 subtitle words (yt_auto, ar)
13:12:00 INFO    yt2ds.stages.diarize: diarizing _jHtx23JQJA
13:12:41 INFO    yt2ds.stages.diarize: diarizer: 249 turns, 1 speakers, 0 overlap regions
13:12:41 INFO    yt2ds.pipeline: _jHtx23JQJA: 1 speakers, 249 turns
13:12:52 INFO    yt2ds.stages.vad: _jHtx23JQJA.16k: 103 speech regions, 1272.7s speech of 1320.7s (96%)
13:12:52 INFO    yt2ds.pipeline: _jHtx23JQJA: 203 candidate chunks
/home/ai2/saudi-youtube-data/youtube-to-dataset/src/yt2ds/stages/align.py:223: UserWarning: torchaudio.functional._alignment.forced_align has been deprecated. This deprecation is part of a large refactoring effort to transition TorchAudio into a maintenance phase. Please see https://github.com/pytorch/audio/issues/3902 for more information. It will be removed from the 2.9 release. 
  paths, scores = AF.forced_align(emissions, targets, blank=blank_id)
13:14:12 INFO    yt2ds.pipeline: _jHtx23JQJA: aligned 2960/2960 subtitle words
13:14:14 INFO    yt2ds.pipeline: _jHtx23JQJA: kept 171, rejected 32, 17.3 min of audio in 142s
13:14:14 INFO    yt2ds.pipeline: _jHtx23JQJA: freed 188 MB
13:14:14 INFO    yt2ds.pipeline: [299/1130] D82NKgC-Y6k -- معلم بسبب لقافته بكى فصل كامل..😱💔..؟ وعيال عم يتقابلون بالدس ورا بيتنا ..  والسبب ..؟😭
Deprecated Feature: Support for Python version 3.10 has been deprecated. Please update to Python 3.11 or above
Deprecated Feature: Support for Python version 3.10 has been deprecated. Please update to Python 3.11 or above
13:14:28 INFO    yt2ds.pipeline: D82NKgC-Y6k: 1800.1s of audio, -16.7 LUFS
13:14:28 INFO    yt2ds.pipeline: D82NKgC-Y6k: 4161 subtitle words (yt_auto, ar)
13:14:28 INFO    yt2ds.stages.diarize: diarizing D82NKgC-Y6k
13:15:21 INFO    yt2ds.stages.diarize: diarizer: 344 turns, 2 speakers, 0 overlap regions
13:15:21 INFO    yt2ds.pipeline: D82NKgC-Y6k: 2 speakers, 344 turns
13:15:21 INFO    yt2ds.stages.diarize: collapsing 2 speakers to 2 (100% of speech)
13:15:36 INFO    yt2ds.stages.vad: D82NKgC-Y6k.16k: 145 speech regions, 1727.8s speech of 1800.1s (96%)
13:15:36 INFO    yt2ds.pipeline: D82NKgC-Y6k: 270 candidate chunks
13:17:01 INFO    yt2ds.stages.speakers: D82NKgC-Y6k_SPK2: dropped 1/270 chunks as off-centroid
/home/ai2/saudi-youtube-data/youtube-to-dataset/src/yt2ds/stages/align.py:223: UserWarning: torchaudio.functional._alignment.forced_align has been deprecated. This deprecation is part of a large refactoring effort to transition TorchAudio into a maintenance phase. Please see https://github.com/pytorch/audio/issues/3902 for more information. It will be removed from the 2.9 release. 
  paths, scores = AF.forced_align(emissions, targets, blank=blank_id)
13:17:29 INFO    yt2ds.pipeline: D82NKgC-Y6k: aligned 4161/4161 subtitle words
13:17:33 INFO    yt2ds.pipeline: D82NKgC-Y6k: kept 235, rejected 35, 24.8 min of audio in 196s
13:17:33 INFO    yt2ds.pipeline: D82NKgC-Y6k: freed 256 MB
13:17:33 INFO    yt2ds.pipeline: [300/1130] tzlYZQdnpSo -- زواج بدل ثأر..😱..؟ وصدمة طفوله تسببت في ..😭💔...؟
Deprecated Feature: Support for Python version 3.10 has been deprecated. Please update to Python 3.11 or above
Deprecated Feature: Support for Python version 3.10 has been deprecated. Please update to Python 3.11 or above
13:17:43 INFO    yt2ds.pipeline: tzlYZQdnpSo: 1225.4s of audio, -16.9 LUFS
13:17:43 INFO    yt2ds.pipeline: tzlYZQdnpSo: 2727 subtitle words (yt_auto, ar)
13:17:43 INFO    yt2ds.stages.diarize: diarizing tzlYZQdnpSo
13:18:21 INFO    yt2ds.stages.diarize: diarizer: 231 turns, 1 speakers, 0 overlap regions
13:18:21 INFO    yt2ds.pipeline: tzlYZQdnpSo: 1 speakers, 231 turns
13:18:31 INFO    yt2ds.stages.vad: tzlYZQdnpSo.16k: 99 speech regions, 1196.5s speech of 1225.4s (98%)
13:18:31 INFO    yt2ds.pipeline: tzlYZQdnpSo: 187 candidate chunks
/home/ai2/saudi-youtube-data/youtube-to-dataset/src/yt2ds/stages/align.py:223: UserWarning: torchaudio.functional._alignment.forced_align has been deprecated. This deprecation is part of a large refactoring effort to transition TorchAudio into a maintenance phase. Please see https://github.com/pytorch/audio/issues/3902 for more information. It will be removed from the 2.9 release. 
  paths, scores = AF.forced_align(emissions, targets, blank=blank_id)
13:19:45 INFO    yt2ds.pipeline: tzlYZQdnpSo: aligned 2727/2727 subtitle words
13:19:47 INFO    yt2ds.pipeline: tzlYZQdnpSo: kept 160, rejected 27, 16.5 min of audio in 132s
13:19:47 INFO    yt2ds.pipeline: tzlYZQdnpSo: freed 175 MB
13:19:47 INFO    yt2ds.pipeline: [301/1130] uewViA4j7yU -- كل ماسكنا بيت انطردنا منه لسبب مجهول..😫.؟ وصار فينا مرض غير وراثي .. ؟اللي صار لنا مأساه.. 💔😭
Deprecated Feature: Support for Python version 3.10 has been deprecated. Please update to Python 3.11 or above
Deprecated Feature: Support for Python version 3.10 has been deprecated. Please update to Python 3.11 or above
13:20:09 INFO    yt2ds.pipeline: uewViA4j7yU: 3300.3s of audio, -17.0 LUFS
13:20:09 INFO    yt2ds.pipeline: uewViA4j7yU: 7722 subtitle words (yt_auto, ar)
13:20:09 INFO    yt2ds.stages.diarize: diarizing uewViA4j7yU
13:21:42 INFO    yt2ds.stages.diarize: diarizer: 627 turns, 2 speakers, 0 overlap regions
13:21:42 INFO    yt2ds.pipeline: uewViA4j7yU: 2 speakers, 627 turns
13:21:42 INFO    yt2ds.stages.diarize: collapsing 2 speakers to 2 (100% of speech)
13:22:10 INFO    yt2ds.stages.vad: uewViA4j7yU.16k: 224 speech regions, 3227.6s speech of 3300.3s (98%)
13:22:10 INFO    yt2ds.pipeline: uewViA4j7yU: 514 candidate chunks
/home/ai2/saudi-youtube-data/youtube-to-dataset/src/yt2ds/stages/align.py:223: UserWarning: torchaudio.functional._alignment.forced_align has been deprecated. This deprecation is part of a large refactoring effort to transition TorchAudio into a maintenance phase. Please see https://github.com/pytorch/audio/issues/3902 for more information. It will be removed from the 2.9 release. 
  paths, scores = AF.forced_align(emissions, targets, blank=blank_id)
13:25:37 INFO    yt2ds.pipeline: uewViA4j7yU: aligned 7722/7722 subtitle words
13:25:43 INFO    yt2ds.pipeline: uewViA4j7yU: kept 456, rejected 58, 47.2 min of audio in 355s
13:25:44 INFO    yt2ds.pipeline: uewViA4j7yU: freed 469 MB
13:25:44 INFO    yt2ds.pipeline: [302/1130] jbqqwbrGWsE -- عشان قالهم الشيخ علاج ولدكم الزواج ..؟  قرر جدهم يسوي هالشي ببنات عمه ..😫💔 واللي صار صدمه😱
Deprecated Feature: Support for Python version 3.10 has been deprecated. Please update to Python 3.11 or above
Deprecated Feature: Support for Python version 3.10 has been deprecated. Please update to Python 3.11 or above
13:25:53 INFO    yt2ds.pipeline: jbqqwbrGWsE: 1320.5s of audio, -16.3 LUFS
13:25:53 INFO    yt2ds.pipeline: jbqqwbrGWsE: 3098 subtitle words (yt_auto, ar)
13:25:53 INFO    yt2ds.stages.diarize: diarizing jbqqwbrGWsE
13:26:34 INFO    yt2ds.stages.diarize: diarizer: 280 turns, 3 speakers, 1 overlap regions
13:26:34 INFO    yt2ds.pipeline: jbqqwbrGWsE: 3 speakers, 280 turns
13:26:34 INFO    yt2ds.stages.diarize: collapsing 3 speakers to 2 (100% of speech)
13:26:45 INFO    yt2ds.stages.vad: jbqqwbrGWsE.16k: 154 speech regions, 1254.1s speech of 1320.5s (95%)
13:26:45 INFO    yt2ds.stages.segment: overlap removal dropped 0.4s of speech
13:26:45 INFO    yt2ds.pipeline: jbqqwbrGWsE: 208 candidate chunks
13:27:48 INFO    yt2ds.stages.speakers: jbqqwbrGWsE_SPK2: dropped 3/208 chunks as off-centroid
/home/ai2/saudi-youtube-data/youtube-to-dataset/src/yt2ds/stages/align.py:223: UserWarning: torchaudio.functional._alignment.forced_align has been deprecated. This deprecation is part of a large refactoring effort to transition TorchAudio into a maintenance phase. Please see https://github.com/pytorch/audio/issues/3902 for more information. It will be removed from the 2.9 release. 
  paths, scores = AF.forced_align(emissions, targets, blank=blank_id)
13:28:05 INFO    yt2ds.pipeline: jbqqwbrGWsE: aligned 3098/3098 subtitle words
13:28:08 INFO    yt2ds.pipeline: jbqqwbrGWsE: kept 175, rejected 33, 17.6 min of audio in 143s
13:28:08 INFO    yt2ds.pipeline: jbqqwbrGWsE: freed 188 MB
13:28:08 INFO    yt2ds.pipeline: [303/1130] WGQ9C3GGhS8 -- ركبت لي عجوز وانصدمت من اللي قالته لي عن بنتها..😫..؟وصار شي ماتوقعته..😭💔..؟
Deprecated Feature: Support for Python version 3.10 has been deprecated. Please update to Python 3.11 or above
Deprecated Feature: Support for Python version 3.10 has been deprecated. Please update to Python 3.11 or above
13:28:18 INFO    yt2ds.pipeline: WGQ9C3GGhS8: 1321.0s of audio, -16.6 LUFS
13:28:18 INFO    yt2ds.pipeline: WGQ9C3GGhS8: 3102 subtitle words (yt_auto, ar)
13:28:18 INFO    yt2ds.stages.diarize: diarizing WGQ9C3GGhS8
13:28:59 INFO    yt2ds.stages.diarize: diarizer: 236 turns, 2 speakers, 0 overlap regions
13:28:59 INFO    yt2ds.pipeline: WGQ9C3GGhS8: 2 speakers, 236 turns
13:28:59 INFO    yt2ds.stages.diarize: collapsing 2 speakers to 2 (100% of speech)
13:29:10 INFO    yt2ds.stages.vad: WGQ9C3GGhS8.16k: 111 speech regions, 1244.2s speech of 1321.0s (94%)
13:29:10 INFO    yt2ds.pipeline: WGQ9C3GGhS8: 186 candidate chunks
/home/ai2/saudi-youtube-data/youtube-to-dataset/src/yt2ds/stages/align.py:223: UserWarning: torchaudio.functional._alignment.forced_align has been deprecated. This deprecation is part of a large refactoring effort to transition TorchAudio into a maintenance phase. Please see https://github.com/pytorch/audio/issues/3902 for more information. It will be removed from the 2.9 release. 
  paths, scores = AF.forced_align(emissions, targets, blank=blank_id)
13:30:28 INFO    yt2ds.pipeline: WGQ9C3GGhS8: aligned 3102/3102 subtitle words
13:30:31 INFO    yt2ds.pipeline: WGQ9C3GGhS8: kept 164, rejected 22, 18.1 min of audio in 141s
13:30:31 INFO    yt2ds.pipeline: WGQ9C3GGhS8: freed 188 MB
13:30:31 INFO    yt2ds.pipeline: [304/1130] GGVqu1fQzkc -- يعايروني بالحمال .. ؟واعمامي طردونا من الحي عشان مانقطع رزقهم 😡..؟ اللي صار..😭💔
Deprecated Feature: Support for Python version 3.10 has been deprecated. Please update to Python 3.11 or above
Deprecated Feature: Support for Python version 3.10 has been deprecated. Please update to Python 3.11 or above
13:30:42 INFO    yt2ds.pipeline: GGVqu1fQzkc: 1380.7s of audio, -16.7 LUFS
13:30:42 INFO    yt2ds.pipeline: GGVqu1fQzkc: 3344 subtitle words (yt_auto, ar)
13:30:42 INFO    yt2ds.stages.diarize: diarizing GGVqu1fQzkc
13:31:24 INFO    yt2ds.stages.diarize: diarizer: 268 turns, 3 speakers, 0 overlap regions
13:31:24 INFO    yt2ds.pipeline: GGVqu1fQzkc: 3 speakers, 268 turns
13:31:24 INFO    yt2ds.stages.diarize: collapsing 3 speakers to 2 (100% of speech)
13:31:36 INFO    yt2ds.stages.vad: GGVqu1fQzkc.16k: 107 speech regions, 1326.1s speech of 1380.7s (96%)
13:31:36 INFO    yt2ds.pipeline: GGVqu1fQzkc: 218 candidate chunks
/home/ai2/saudi-youtube-data/youtube-to-dataset/src/yt2ds/stages/align.py:223: UserWarning: torchaudio.functional._alignment.forced_align has been deprecated. This deprecation is part of a large refactoring effort to transition TorchAudio into a maintenance phase. Please see https://github.com/pytorch/audio/issues/3902 for more information. It will be removed from the 2.9 release. 
  paths, scores = AF.forced_align(emissions, targets, blank=blank_id)
13:33:04 INFO    yt2ds.pipeline: GGVqu1fQzkc: aligned 3344/3344 subtitle words
13:33:05 INFO    yt2ds.pipeline: GGVqu1fQzkc: kept 97, rejected 121, 7.6 min of audio in 153s
13:33:05 INFO    yt2ds.pipeline: GGVqu1fQzkc: freed 196 MB
13:33:05 INFO    yt2ds.pipeline: [305/1130] XtE9PbDv1Ys -- زوجة عم بناتي تركت بيتها يوم عرفت هالخبر عني...؟ اللي صار ماتوقعته😭💔
Deprecated Feature: Support for Python version 3.10 has been deprecated. Please update to Python 3.11 or above
Deprecated Feature: Support for Python version 3.10 has been deprecated. Please update to Python 3.11 or above
13:33:11 INFO    yt2ds.pipeline: XtE9PbDv1Ys: 701.7s of audio, -16.8 LUFS
13:33:11 INFO    yt2ds.pipeline: XtE9PbDv1Ys: 1508 subtitle words (yt_auto, ar)
13:33:11 INFO    yt2ds.stages.diarize: diarizing XtE9PbDv1Ys
13:33:36 INFO    yt2ds.stages.diarize: diarizer: 155 turns, 1 speakers, 0 overlap regions
13:33:36 INFO    yt2ds.pipeline: XtE9PbDv1Ys: 1 speakers, 155 turns
13:33:42 INFO    yt2ds.stages.vad: XtE9PbDv1Ys.16k: 45 speech regions, 687.2s speech of 701.7s (98%)
13:33:42 INFO    yt2ds.pipeline: XtE9PbDv1Ys: 122 candidate chunks
/home/ai2/saudi-youtube-data/youtube-to-dataset/src/yt2ds/stages/align.py:223: UserWarning: torchaudio.functional._alignment.forced_align has been deprecated. This deprecation is part of a large refactoring effort to transition TorchAudio into a maintenance phase. Please see https://github.com/pytorch/audio/issues/3902 for more information. It will be removed from the 2.9 release. 
  paths, scores = AF.forced_align(emissions, targets, blank=blank_id)
13:34:24 INFO    yt2ds.pipeline: XtE9PbDv1Ys: aligned 1508/1508 subtitle words
13:34:26 INFO    yt2ds.pipeline: XtE9PbDv1Ys: kept 108, rejected 14, 10.1 min of audio in 78s
13:34:26 INFO    yt2ds.pipeline: XtE9PbDv1Ys: freed 100 MB
13:34:26 INFO    yt2ds.pipeline: [306/1130] L64ovxpRWk4 -- جدي طلب من جماعتنا يعزون ابوي فيني وانا حي😭💔..؟؟ والسبب صادم ..؟
Deprecated Feature: Support for Python version 3.10 has been deprecated. Please update to Python 3.11 or above
Deprecated Feature: Support for Python version 3.10 has been deprecated. Please update to Python 3.11 or above
13:34:38 INFO    yt2ds.pipeline: L64ovxpRWk4: 1800.3s of audio, -16.4 LUFS
13:34:38 INFO    yt2ds.pipeline: L64ovxpRWk4: 4110 subtitle words (yt_auto, ar)
13:34:38 INFO    yt2ds.stages.diarize: diarizing L64ovxpRWk4
13:35:31 INFO    yt2ds.stages.diarize: diarizer: 364 turns, 2 speakers, 0 overlap regions
13:35:31 INFO    yt2ds.pipeline: L64ovxpRWk4: 2 speakers, 364 turns
13:35:31 INFO    yt2ds.stages.diarize: collapsing 2 speakers to 2 (100% of speech)
13:35:46 INFO    yt2ds.stages.vad: L64ovxpRWk4.16k: 180 speech regions, 1694.1s speech of 1800.3s (94%)
13:35:46 INFO    yt2ds.pipeline: L64ovxpRWk4: 284 candidate chunks
/home/ai2/saudi-youtube-data/youtube-to-dataset/src/yt2ds/stages/align.py:223: UserWarning: torchaudio.functional._alignment.forced_align has been deprecated. This deprecation is part of a large refactoring effort to transition TorchAudio into a maintenance phase. Please see https://github.com/pytorch/audio/issues/3902 for more information. It will be removed from the 2.9 release. 
  paths, scores = AF.forced_align(emissions, targets, blank=blank_id)
13:37:37 INFO    yt2ds.pipeline: L64ovxpRWk4: aligned 4110/4110 subtitle words
13:37:40 INFO    yt2ds.pipeline: L64ovxpRWk4: kept 235, rejected 49, 22.8 min of audio in 193s
13:37:40 INFO    yt2ds.pipeline: L64ovxpRWk4: freed 256 MB
13:37:40 INFO    yt2ds.pipeline: [307/1130] O5-CuTk9Kr4 -- كل ماجاني عريس خالتي تتواصل معاه بحجه هالشي..؟😫 واللي سوته معاي كان صدمه 😭💔
Deprecated Feature: Support for Python version 3.10 has been deprecated. Please update to Python 3.11 or above
Deprecated Feature: Support for Python version 3.10 has been deprecated. Please update to Python 3.11 or above
13:37:59 INFO    yt2ds.pipeline: O5-CuTk9Kr4: 2771.1s of audio, -16.5 LUFS
13:37:59 INFO    yt2ds.pipeline: O5-CuTk9Kr4: 6400 subtitle words (yt_auto, ar)
13:37:59 INFO    yt2ds.stages.diarize: diarizing O5-CuTk9Kr4
13:39:18 INFO    yt2ds.stages.diarize: diarizer: 581 turns, 1 speakers, 0 overlap regions
13:39:18 INFO    yt2ds.pipeline: O5-CuTk9Kr4: 1 speakers, 581 turns
13:39:41 INFO    yt2ds.stages.vad: O5-CuTk9Kr4.16k: 279 speech regions, 2679.6s speech of 2771.1s (97%)
13:39:41 INFO    yt2ds.pipeline: O5-CuTk9Kr4: 456 candidate chunks
13:41:55 INFO    yt2ds.stages.speakers: O5-CuTk9Kr4_SPK1: dropped 1/455 chunks as off-centroid
/home/ai2/saudi-youtube-data/youtube-to-dataset/src/yt2ds/stages/align.py:223: UserWarning: torchaudio.functional._alignment.forced_align has been deprecated. This deprecation is part of a large refactoring effort to transition TorchAudio into a maintenance phase. Please see https://github.com/pytorch/audio/issues/3902 for more information. It will be removed from the 2.9 release. 
  paths, scores = AF.forced_align(emissions, targets, blank=blank_id)
13:42:38 INFO    yt2ds.pipeline: O5-CuTk9Kr4: aligned 6400/6400 subtitle words
13:42:45 INFO    yt2ds.pipeline: O5-CuTk9Kr4: kept 406, rejected 50, 38.7 min of audio in 302s
13:42:45 INFO    yt2ds.pipeline: O5-CuTk9Kr4: freed 394 MB
13:42:45 INFO    yt2ds.pipeline: [308/1130] 6Qqpmh5qH7w -- ساحر هدد خواتي يفضحهم 😫... او يسوون له هالشي 😭💔.؟ اللي صار صدمه ماتوقعتها..؟
Deprecated Feature: Support for Python version 3.10 has been deprecated. Please update to Python 3.11 or above
Deprecated Feature: Support for Python version 3.10 has been deprecated. Please update to Python 3.11 or above
13:42:57 INFO    yt2ds.pipeline: 6Qqpmh5qH7w: 1441.9s of audio, -16.5 LUFS
13:42:57 INFO    yt2ds.pipeline: 6Qqpmh5qH7w: 3257 subtitle words (yt_auto, ar)
13:42:57 INFO    yt2ds.stages.diarize: diarizing 6Qqpmh5qH7w
13:43:40 INFO    yt2ds.stages.diarize: diarizer: 272 turns, 2 speakers, 0 overlap regions
13:43:40 INFO    yt2ds.pipeline: 6Qqpmh5qH7w: 2 speakers, 272 turns
13:43:40 INFO    yt2ds.stages.diarize: collapsing 2 speakers to 2 (100% of speech)
13:43:52 INFO    yt2ds.stages.vad: 6Qqpmh5qH7w.16k: 139 speech regions, 1369.2s speech of 1441.9s (95%)
13:43:52 INFO    yt2ds.pipeline: 6Qqpmh5qH7w: 215 candidate chunks
/home/ai2/saudi-youtube-data/youtube-to-dataset/src/yt2ds/stages/align.py:223: UserWarning: torchaudio.functional._alignment.forced_align has been deprecated. This deprecation is part of a large refactoring effort to transition TorchAudio into a maintenance phase. Please see https://github.com/pytorch/audio/issues/3902 for more information. It will be removed from the 2.9 release. 
  paths, scores = AF.forced_align(emissions, targets, blank=blank_id)
13:45:21 INFO    yt2ds.pipeline: 6Qqpmh5qH7w: aligned 3257/3257 subtitle words
13:45:24 INFO    yt2ds.pipeline: 6Qqpmh5qH7w: kept 189, rejected 26, 19.9 min of audio in 157s
13:45:24 INFO    yt2ds.pipeline: 6Qqpmh5qH7w: freed 205 MB
13:45:24 INFO    yt2ds.pipeline: [309/1130] BMw4CwZpnQs -- اخوي اتهمني بشرفي بس لاني قلت له كذاب 😭 .. ؟ وابوي قلب حياتي جحيم بسببه ..😱🔥..؟
Deprecated Feature: Support for Python version 3.10 has been deprecated. Please update to Python 3.11 or above
Deprecated Feature: Support for Python version 3.10 has been deprecated. Please update to Python 3.11 or above
13:45:54 INFO    yt2ds.pipeline: BMw4CwZpnQs: 4260.7s of audio, -16.7 LUFS
13:45:54 INFO    yt2ds.pipeline: BMw4CwZpnQs: 10121 subtitle words (yt_auto, ar)
13:45:54 INFO    yt2ds.stages.diarize: diarizing BMw4CwZpnQs
13:47:52 INFO    yt2ds.stages.diarize: diarizer: 819 turns, 1 speakers, 0 overlap regions
13:47:52 INFO    yt2ds.pipeline: BMw4CwZpnQs: 1 speakers, 819 turns
13:48:28 INFO    yt2ds.stages.vad: BMw4CwZpnQs.16k: 443 speech regions, 4118.4s speech of 4260.7s (97%)
13:48:28 INFO    yt2ds.pipeline: BMw4CwZpnQs: 649 candidate chunks
/home/ai2/saudi-youtube-data/youtube-to-dataset/src/yt2ds/stages/align.py:223: UserWarning: torchaudio.functional._alignment.forced_align has been deprecated. This deprecation is part of a large refactoring effort to transition TorchAudio into a maintenance phase. Please see https://github.com/pytorch/audio/issues/3902 for more information. It will be removed from the 2.9 release. 
  paths, scores = AF.forced_align(emissions, targets, blank=blank_id)
13:52:55 INFO    yt2ds.pipeline: BMw4CwZpnQs: aligned 10121/10121 subtitle words
13:53:04 INFO    yt2ds.pipeline: BMw4CwZpnQs: kept 562, rejected 87, 57.8 min of audio in 458s
13:53:04 INFO    yt2ds.pipeline: BMw4CwZpnQs: freed 605 MB
13:53:04 INFO    yt2ds.pipeline: [310/1130] 1ZcgmXRpAhM -- تاجر كبير دخلني انا وصديقي بصفقه بدون مانعرفها ...😱؟واللي صار صدمه ماتخيلتها😭🔥..؟
Deprecated Feature: Support for Python version 3.10 has been deprecated. Please update to Python 3.11 or above
Deprecated Feature: Support for Python version 3.10 has been deprecated. Please update to Python 3.11 or above
13:53:12 INFO    yt2ds.pipeline: 1ZcgmXRpAhM: 954.2s of audio, -16.7 LUFS
13:53:12 INFO    yt2ds.pipeline: 1ZcgmXRpAhM: 2150 subtitle words (yt_auto, ar)
13:53:12 INFO    yt2ds.stages.diarize: diarizing 1ZcgmXRpAhM
13:53:43 INFO    yt2ds.stages.diarize: diarizer: 212 turns, 2 speakers, 0 overlap regions
13:53:43 INFO    yt2ds.pipeline: 1ZcgmXRpAhM: 2 speakers, 212 turns
13:53:43 INFO    yt2ds.stages.diarize: collapsing 2 speakers to 1 (100% of speech)
13:53:51 INFO    yt2ds.stages.vad: 1ZcgmXRpAhM.16k: 99 speech regions, 905.5s speech of 954.2s (95%)
13:53:51 INFO    yt2ds.pipeline: 1ZcgmXRpAhM: 164 candidate chunks
/home/ai2/saudi-youtube-data/youtube-to-dataset/src/yt2ds/stages/align.py:223: UserWarning: torchaudio.functional._alignment.forced_align has been deprecated. This deprecation is part of a large refactoring effort to transition TorchAudio into a maintenance phase. Please see https://github.com/pytorch/audio/issues/3902 for more information. It will be removed from the 2.9 release. 
  paths, scores = AF.forced_align(emissions, targets, blank=blank_id)
13:54:51 INFO    yt2ds.pipeline: 1ZcgmXRpAhM: aligned 2150/2150 subtitle words
13:54:53 INFO    yt2ds.pipeline: 1ZcgmXRpAhM: kept 126, rejected 38, 11.4 min of audio in 107s
13:54:53 INFO    yt2ds.pipeline: 1ZcgmXRpAhM: freed 136 MB
13:54:53 INFO    yt2ds.pipeline: [311/1130] ILqNn_X6FUg -- ابو زوجتي يقلل من رجولتي لاني صارحته باللي تسويه بنته..؟😱🔥😭
Deprecated Feature: Support for Python version 3.10 has been deprecated. Please update to Python 3.11 or above
Deprecated Feature: Support for Python version 3.10 has been deprecated. Please update to Python 3.11 or above
13:55:00 INFO    yt2ds.pipeline: ILqNn_X6FUg: 846.5s of audio, -16.9 LUFS
13:55:00 INFO    yt2ds.pipeline: ILqNn_X6FUg: 1914 subtitle words (yt_auto, ar)
13:55:00 INFO    yt2ds.stages.diarize: diarizing ILqNn_X6FUg
13:55:28 INFO    yt2ds.stages.diarize: diarizer: 175 turns, 3 speakers, 0 overlap regions
13:55:29 INFO    yt2ds.pipeline: ILqNn_X6FUg: 3 speakers, 175 turns
13:55:29 INFO    yt2ds.stages.diarize: collapsing 3 speakers to 1 (100% of speech)
13:55:36 INFO    yt2ds.stages.vad: ILqNn_X6FUg.16k: 93 speech regions, 800.3s speech of 846.5s (95%)
13:55:36 INFO    yt2ds.pipeline: ILqNn_X6FUg: 144 candidate chunks
13:56:14 INFO    yt2ds.stages.speakers: ILqNn_X6FUg_SPK1: dropped 1/142 chunks as off-centroid
/home/ai2/saudi-youtube-data/youtube-to-dataset/src/yt2ds/stages/align.py:223: UserWarning: torchaudio.functional._alignment.forced_align has been deprecated. This deprecation is part of a large refactoring effort to transition TorchAudio into a maintenance phase. Please see https://github.com/pytorch/audio/issues/3902 for more information. It will be removed from the 2.9 release. 
  paths, scores = AF.forced_align(emissions, targets, blank=blank_id)
13:56:27 INFO    yt2ds.pipeline: ILqNn_X6FUg: aligned 1914/1914 subtitle words
13:56:29 INFO    yt2ds.pipeline: ILqNn_X6FUg: kept 119, rejected 25, 10.9 min of audio in 94s
13:56:29 INFO    yt2ds.pipeline: ILqNn_X6FUg: freed 121 MB
13:56:29 INFO    yt2ds.pipeline: [312/1130] AOq_ZGoloHw -- زوجة ابوي فرقت بين ابوي وعمي بسبب😱  ..؟ وخلت ابوي يتبرأ مني..واللي صار 😭🔥..؟
Deprecated Feature: Support for Python version 3.10 has been deprecated. Please update to Python 3.11 or above
Deprecated Feature: Support for Python version 3.10 has been deprecated. Please update to Python 3.11 or above
13:56:42 INFO    yt2ds.pipeline: AOq_ZGoloHw: 1801.0s of audio, -16.9 LUFS
13:56:42 INFO    yt2ds.pipeline: AOq_ZGoloHw: 4207 subtitle words (yt_auto, ar)
13:56:42 INFO    yt2ds.stages.diarize: diarizing AOq_ZGoloHw
13:57:35 INFO    yt2ds.stages.diarize: diarizer: 389 turns, 3 speakers, 1 overlap regions
13:57:35 INFO    yt2ds.pipeline: AOq_ZGoloHw: 3 speakers, 389 turns
13:57:35 INFO    yt2ds.stages.diarize: collapsing 3 speakers to 2 (100% of speech)
13:57:51 INFO    yt2ds.stages.vad: AOq_ZGoloHw.16k: 238 speech regions, 1718.5s speech of 1801.0s (95%)
13:57:51 INFO    yt2ds.stages.segment: overlap removal dropped 0.3s of speech
13:57:51 INFO    yt2ds.pipeline: AOq_ZGoloHw: 295 candidate chunks
/home/ai2/saudi-youtube-data/youtube-to-dataset/src/yt2ds/stages/align.py:223: UserWarning: torchaudio.functional._alignment.forced_align has been deprecated. This deprecation is part of a large refactoring effort to transition TorchAudio into a maintenance phase. Please see https://github.com/pytorch/audio/issues/3902 for more information. It will be removed from the 2.9 release. 
  paths, scores = AF.forced_align(emissions, targets, blank=blank_id)
13:59:44 INFO    yt2ds.pipeline: AOq_ZGoloHw: aligned 4207/4207 subtitle words
13:59:48 INFO    yt2ds.pipeline: AOq_ZGoloHw: kept 274, rejected 21, 25.7 min of audio in 198s
13:59:48 INFO    yt2ds.pipeline: AOq_ZGoloHw: freed 256 MB
13:59:48 INFO    yt2ds.pipeline: [313/1130] E7CvITMAbbQ -- صديقتي كرهتني بزوجي لين سويت فيه هالشيء..😱./واللي اكتشفته عنها صدمه..🔥💔😭..؟
Deprecated Feature: Support for Python version 3.10 has been deprecated. Please update to Python 3.11 or above
Deprecated Feature: Support for Python version 3.10 has been deprecated. Please update to Python 3.11 or above
14:00:03 INFO    yt2ds.pipeline: E7CvITMAbbQ: 1998.1s of audio, -16.5 LUFS
14:00:03 INFO    yt2ds.pipeline: E7CvITMAbbQ: 4775 subtitle words (yt_auto, ar)
14:00:03 INFO    yt2ds.stages.diarize: diarizing E7CvITMAbbQ
14:01:01 INFO    yt2ds.stages.diarize: diarizer: 443 turns, 2 speakers, 0 overlap regions
14:01:01 INFO    yt2ds.pipeline: E7CvITMAbbQ: 2 speakers, 443 turns
14:01:01 INFO    yt2ds.stages.diarize: collapsing 2 speakers to 1 (100% of speech)
14:01:17 INFO    yt2ds.stages.vad: E7CvITMAbbQ.16k: 226 speech regions, 1927.8s speech of 1998.1s (96%)
14:01:17 INFO    yt2ds.pipeline: E7CvITMAbbQ: 337 candidate chunks
/home/ai2/saudi-youtube-data/youtube-to-dataset/src/yt2ds/stages/align.py:223: UserWarning: torchaudio.functional._alignment.forced_align has been deprecated. This deprecation is part of a large refactoring effort to transition TorchAudio into a maintenance phase. Please see https://github.com/pytorch/audio/issues/3902 for more information. It will be removed from the 2.9 release. 
  paths, scores = AF.forced_align(emissions, targets, blank=blank_id)
14:03:28 INFO    yt2ds.pipeline: E7CvITMAbbQ: aligned 4775/4775 subtitle words
14:03:33 INFO    yt2ds.pipeline: E7CvITMAbbQ: kept 312, rejected 25, 28.4 min of audio in 223s
14:03:33 INFO    yt2ds.pipeline: E7CvITMAbbQ: freed 285 MB
14:03:33 INFO    yt2ds.pipeline: [314/1130] OG5k0dQoljU -- معلمه تهزئني كل يوم بحجة ان الطلاب يخافون ويسكتون.. 😡؟واعيش دور امي بالبيت...اللي صار كارثه 😱💔🔥
Deprecated Feature: Support for Python version 3.10 has been deprecated. Please update to Python 3.11 or above
Deprecated Feature: Support for Python version 3.10 has been deprecated. Please update to Python 3.11 or above
14:03:44 INFO    yt2ds.pipeline: OG5k0dQoljU: 1321.4s of audio, -16.8 LUFS
14:03:44 INFO    yt2ds.pipeline: OG5k0dQoljU: 2920 subtitle words (yt_auto, ar)
14:03:44 INFO    yt2ds.stages.diarize: diarizing OG5k0dQoljU
14:04:25 INFO    yt2ds.stages.diarize: diarizer: 308 turns, 2 speakers, 0 overlap regions
14:04:25 INFO    yt2ds.pipeline: OG5k0dQoljU: 2 speakers, 308 turns
14:04:25 INFO    yt2ds.stages.diarize: collapsing 2 speakers to 2 (100% of speech)
14:04:36 INFO    yt2ds.stages.vad: OG5k0dQoljU.16k: 169 speech regions, 1218.8s speech of 1321.4s (92%)
14:04:36 INFO    yt2ds.pipeline: OG5k0dQoljU: 222 candidate chunks
/home/ai2/saudi-youtube-data/youtube-to-dataset/src/yt2ds/stages/align.py:223: UserWarning: torchaudio.functional._alignment.forced_align has been deprecated. This deprecation is part of a large refactoring effort to transition TorchAudio into a maintenance phase. Please see https://github.com/pytorch/audio/issues/3902 for more information. It will be removed from the 2.9 release. 
  paths, scores = AF.forced_align(emissions, targets, blank=blank_id)
14:05:56 INFO    yt2ds.pipeline: OG5k0dQoljU: aligned 2920/2920 subtitle words
14:05:58 INFO    yt2ds.pipeline: OG5k0dQoljU: kept 136, rejected 86, 12.7 min of audio in 143s
14:05:58 INFO    yt2ds.pipeline: OG5k0dQoljU: freed 187 MB
14:05:58 INFO    yt2ds.pipeline: [315/1130] cW8uf0g4Pho -- اخوي اجبرني اني اتزوج اخو حبيبته 😭؟ وحبيبته تحذرني من اخوها..😱🔥💔...؟
Deprecated Feature: Support for Python version 3.10 has been deprecated. Please update to Python 3.11 or above
Deprecated Feature: Support for Python version 3.10 has been deprecated. Please update to Python 3.11 or above
14:06:07 INFO    yt2ds.pipeline: cW8uf0g4Pho: 1143.0s of audio, -17.1 LUFS
14:06:07 INFO    yt2ds.pipeline: cW8uf0g4Pho: 2588 subtitle words (yt_auto, ar)
14:06:07 INFO    yt2ds.stages.diarize: diarizing cW8uf0g4Pho
14:06:43 INFO    yt2ds.stages.diarize: diarizer: 234 turns, 2 speakers, 0 overlap regions
14:06:43 INFO    yt2ds.pipeline: cW8uf0g4Pho: 2 speakers, 234 turns
14:06:43 INFO    yt2ds.stages.diarize: collapsing 2 speakers to 1 (100% of speech)
14:06:53 INFO    yt2ds.stages.vad: cW8uf0g4Pho.16k: 86 speech regions, 1120.4s speech of 1143.0s (98%)
14:06:53 INFO    yt2ds.pipeline: cW8uf0g4Pho: 188 candidate chunks
/home/ai2/saudi-youtube-data/youtube-to-dataset/src/yt2ds/stages/align.py:223: UserWarning: torchaudio.functional._alignment.forced_align has been deprecated. This deprecation is part of a large refactoring effort to transition TorchAudio into a maintenance phase. Please see https://github.com/pytorch/audio/issues/3902 for more information. It will be removed from the 2.9 release. 
  paths, scores = AF.forced_align(emissions, targets, blank=blank_id)
14:08:04 INFO    yt2ds.pipeline: cW8uf0g4Pho: aligned 2588/2588 subtitle words
14:08:06 INFO    yt2ds.pipeline: cW8uf0g4Pho: kept 116, rejected 72, 11.3 min of audio in 126s
14:08:06 INFO    yt2ds.pipeline: cW8uf0g4Pho: freed 163 MB
14:08:06 INFO    yt2ds.pipeline: [316/1130] iDoCWMTZlcA -- امي بيوم ملكتي تمشكلت مع ام زوجي وزوجة ابوي بسبب التصوير../اللي صار كسر قلبي..؟  💔🔥😭
Deprecated Feature: Support for Python version 3.10 has been deprecated. Please update to Python 3.11 or above
Deprecated Feature: Support for Python version 3.10 has been deprecated. Please update to Python 3.11 or above
14:08:21 INFO    yt2ds.pipeline: iDoCWMTZlcA: 1922.6s of audio, -16.6 LUFS
14:08:21 INFO    yt2ds.pipeline: iDoCWMTZlcA: 4187 subtitle words (yt_auto, ar)
14:08:21 INFO    yt2ds.stages.diarize: diarizing iDoCWMTZlcA
14:09:17 INFO    yt2ds.stages.diarize: diarizer: 395 turns, 3 speakers, 0 overlap regions
14:09:17 INFO    yt2ds.pipeline: iDoCWMTZlcA: 3 speakers, 395 turns
14:09:17 INFO    yt2ds.stages.diarize: collapsing 3 speakers to 1 (100% of speech)
14:09:33 INFO    yt2ds.stages.vad: iDoCWMTZlcA.16k: 233 speech regions, 1817.3s speech of 1922.6s (95%)
14:09:33 INFO    yt2ds.pipeline: iDoCWMTZlcA: 302 candidate chunks
/home/ai2/saudi-youtube-data/youtube-to-dataset/src/yt2ds/stages/align.py:223: UserWarning: torchaudio.functional._alignment.forced_align has been deprecated. This deprecation is part of a large refactoring effort to transition TorchAudio into a maintenance phase. Please see https://github.com/pytorch/audio/issues/3902 for more information. It will be removed from the 2.9 release. 
  paths, scores = AF.forced_align(emissions, targets, blank=blank_id)
14:11:31 INFO    yt2ds.pipeline: iDoCWMTZlcA: aligned 4187/4187 subtitle words
14:11:35 INFO    yt2ds.pipeline: iDoCWMTZlcA: kept 270, rejected 32, 26.3 min of audio in 207s
14:11:35 INFO    yt2ds.pipeline: iDoCWMTZlcA: freed 274 MB
14:11:35 INFO    yt2ds.pipeline: [317/1130] 2W76Ud4zNSg -- خطبت بنت ورفضتني ومحرضه بنات قريتنا علي..والسبب😱🔥😭...؟؟
Deprecated Feature: Support for Python version 3.10 has been deprecated. Please update to Python 3.11 or above
Deprecated Feature: Support for Python version 3.10 has been deprecated. Please update to Python 3.11 or above
14:11:46 INFO    yt2ds.pipeline: 2W76Ud4zNSg: 1500.3s of audio, -16.5 LUFS
14:11:46 INFO    yt2ds.pipeline: 2W76Ud4zNSg: 3350 subtitle words (yt_auto, ar)
14:11:46 INFO    yt2ds.stages.diarize: diarizing 2W76Ud4zNSg
14:12:31 INFO    yt2ds.stages.diarize: diarizer: 310 turns, 1 speakers, 0 overlap regions
14:12:31 INFO    yt2ds.pipeline: 2W76Ud4zNSg: 1 speakers, 310 turns
14:12:43 INFO    yt2ds.stages.vad: 2W76Ud4zNSg.16k: 147 speech regions, 1413.8s speech of 1500.3s (94%)
14:12:43 INFO    yt2ds.pipeline: 2W76Ud4zNSg: 244 candidate chunks
/home/ai2/saudi-youtube-data/youtube-to-dataset/src/yt2ds/stages/align.py:223: UserWarning: torchaudio.functional._alignment.forced_align has been deprecated. This deprecation is part of a large refactoring effort to transition TorchAudio into a maintenance phase. Please see https://github.com/pytorch/audio/issues/3902 for more information. It will be removed from the 2.9 release. 
  paths, scores = AF.forced_align(emissions, targets, blank=blank_id)
14:14:18 INFO    yt2ds.pipeline: 2W76Ud4zNSg: aligned 3350/3350 subtitle words
14:14:21 INFO    yt2ds.pipeline: 2W76Ud4zNSg: kept 224, rejected 20, 21.0 min of audio in 164s
14:14:21 INFO    yt2ds.pipeline: 2W76Ud4zNSg: freed 213 MB
14:14:21 INFO    yt2ds.pipeline: [318/1130] Uwl4c62UJyA -- اختي تسببت في فصل بنت من المدرسه.. 😱🔥.. اللي صار شي عجيب..😭💔..؟
Deprecated Feature: Support for Python version 3.10 has been deprecated. Please update to Python 3.11 or above
Deprecated Feature: Support for Python version 3.10 has been deprecated. Please update to Python 3.11 or above
14:14:32 INFO    yt2ds.pipeline: Uwl4c62UJyA: 1440.8s of audio, -17.0 LUFS
14:14:32 INFO    yt2ds.pipeline: Uwl4c62UJyA: 3186 subtitle words (yt_auto, ar)
14:14:32 INFO    yt2ds.stages.diarize: diarizing Uwl4c62UJyA
14:15:16 INFO    yt2ds.stages.diarize: diarizer: 290 turns, 3 speakers, 0 overlap regions
14:15:16 INFO    yt2ds.pipeline: Uwl4c62UJyA: 3 speakers, 290 turns
14:15:16 INFO    yt2ds.stages.diarize: collapsing 3 speakers to 2 (100% of speech)
14:15:28 INFO    yt2ds.stages.vad: Uwl4c62UJyA.16k: 129 speech regions, 1383.3s speech of 1440.8s (96%)
14:15:28 INFO    yt2ds.pipeline: Uwl4c62UJyA: 225 candidate chunks
/home/ai2/saudi-youtube-data/youtube-to-dataset/src/yt2ds/stages/align.py:223: UserWarning: torchaudio.functional._alignment.forced_align has been deprecated. This deprecation is part of a large refactoring effort to transition TorchAudio into a maintenance phase. Please see https://github.com/pytorch/audio/issues/3902 for more information. It will be removed from the 2.9 release. 
  paths, scores = AF.forced_align(emissions, targets, blank=blank_id)
14:16:53 INFO    yt2ds.pipeline: Uwl4c62UJyA: aligned 3186/3186 subtitle words
14:16:56 INFO    yt2ds.pipeline: Uwl4c62UJyA: kept 199, rejected 26, 20.2 min of audio in 153s
14:16:56 INFO    yt2ds.pipeline: Uwl4c62UJyA: freed 205 MB
14:16:56 INFO    yt2ds.pipeline: [319/1130] pTfq6XUtPNA -- سعيت في زواج صديقي ولاتوقعت انه بيتصرف كذا..؟؟ والسبب😭😱🔥
Deprecated Feature: Support for Python version 3.10 has been deprecated. Please update to Python 3.11 or above
Deprecated Feature: Support for Python version 3.10 has been deprecated. Please update to Python 3.11 or above
14:17:07 INFO    yt2ds.pipeline: pTfq6XUtPNA: 1385.6s of audio, -17.1 LUFS
14:17:07 INFO    yt2ds.pipeline: pTfq6XUtPNA: 3098 subtitle words (yt_auto, ar)
14:17:07 INFO    yt2ds.stages.diarize: diarizing pTfq6XUtPNA
14:17:49 INFO    yt2ds.stages.diarize: diarizer: 293 turns, 2 speakers, 0 overlap regions
14:17:49 INFO    yt2ds.pipeline: pTfq6XUtPNA: 2 speakers, 293 turns
14:17:49 INFO    yt2ds.stages.diarize: collapsing 2 speakers to 2 (100% of speech)
14:18:01 INFO    yt2ds.stages.vad: pTfq6XUtPNA.16k: 131 speech regions, 1329.4s speech of 1385.6s (96%)
14:18:01 INFO    yt2ds.pipeline: pTfq6XUtPNA: 219 candidate chunks
/home/ai2/saudi-youtube-data/youtube-to-dataset/src/yt2ds/stages/align.py:223: UserWarning: torchaudio.functional._alignment.forced_align has been deprecated. This deprecation is part of a large refactoring effort to transition TorchAudio into a maintenance phase. Please see https://github.com/pytorch/audio/issues/3902 for more information. It will be removed from the 2.9 release. 
  paths, scores = AF.forced_align(emissions, targets, blank=blank_id)
14:19:25 INFO    yt2ds.pipeline: pTfq6XUtPNA: aligned 3098/3098 subtitle words
14:19:28 INFO    yt2ds.pipeline: pTfq6XUtPNA: kept 199, rejected 20, 19.0 min of audio in 150s
14:19:28 INFO    yt2ds.pipeline: pTfq6XUtPNA: freed 198 MB
14:19:28 INFO    yt2ds.pipeline: [320/1130] JcV--fMX9Fc -- جارتنا العجوز واللي سوته مع زوجي..😱..؟ ندمت اني تعرفت عليها😭💔🔥. ؟
Deprecated Feature: Support for Python version 3.10 has been deprecated. Please update to Python 3.11 or above
Deprecated Feature: Support for Python version 3.10 has been deprecated. Please update to Python 3.11 or above
14:19:38 INFO    yt2ds.pipeline: JcV--fMX9Fc: 1381.3s of audio, -16.9 LUFS
14:19:38 INFO    yt2ds.pipeline: JcV--fMX9Fc: 3098 subtitle words (yt_auto, ar)
14:19:38 INFO    yt2ds.stages.diarize: diarizing JcV--fMX9Fc
14:20:20 INFO    yt2ds.stages.diarize: diarizer: 297 turns, 2 speakers, 0 overlap regions
14:20:20 INFO    yt2ds.pipeline: JcV--fMX9Fc: 2 speakers, 297 turns
14:20:20 INFO    yt2ds.stages.diarize: collapsing 2 speakers to 2 (100% of speech)
14:20:31 INFO    yt2ds.stages.vad: JcV--fMX9Fc.16k: 126 speech regions, 1303.9s speech of 1381.3s (94%)
14:20:31 INFO    yt2ds.pipeline: JcV--fMX9Fc: 239 candidate chunks
14:21:38 INFO    yt2ds.stages.speakers: JcV--fMX9Fc_SPK2: dropped 2/239 chunks as off-centroid
/home/ai2/saudi-youtube-data/youtube-to-dataset/src/yt2ds/stages/align.py:223: UserWarning: torchaudio.functional._alignment.forced_align has been deprecated. This deprecation is part of a large refactoring effort to transition TorchAudio into a maintenance phase. Please see https://github.com/pytorch/audio/issues/3902 for more information. It will be removed from the 2.9 release. 
  paths, scores = AF.forced_align(emissions, targets, blank=blank_id)
14:21:56 INFO    yt2ds.pipeline: JcV--fMX9Fc: aligned 3098/3098 subtitle words
14:21:59 INFO    yt2ds.pipeline: JcV--fMX9Fc: kept 216, rejected 23, 19.2 min of audio in 149s
14:21:59 INFO    yt2ds.pipeline: JcV--fMX9Fc: freed 196 MB
14:21:59 INFO    yt2ds.pipeline: [321/1130] lUzMkvCFY7k -- فضفضه في الواتس تسببت بطلاقي للمره الثانيه..😭..؟ ماحسبت حسابي باللي صار..🔥💔😱
Deprecated Feature: Support for Python version 3.10 has been deprecated. Please update to Python 3.11 or above
Deprecated Feature: Support for Python version 3.10 has been deprecated. Please update to Python 3.11 or above
14:22:17 INFO    yt2ds.pipeline: lUzMkvCFY7k: 2523.1s of audio, -16.7 LUFS
14:22:17 INFO    yt2ds.pipeline: lUzMkvCFY7k: 5888 subtitle words (yt_auto, ar)
14:22:17 INFO    yt2ds.stages.diarize: diarizing lUzMkvCFY7k
14:23:29 INFO    yt2ds.stages.diarize: diarizer: 470 turns, 1 speakers, 0 overlap regions
14:23:29 INFO    yt2ds.pipeline: lUzMkvCFY7k: 1 speakers, 470 turns
14:23:50 INFO    yt2ds.stages.vad: lUzMkvCFY7k.16k: 165 speech regions, 2469.0s speech of 2523.1s (98%)
14:23:50 INFO    yt2ds.pipeline: lUzMkvCFY7k: 384 candidate chunks
/home/ai2/saudi-youtube-data/youtube-to-dataset/src/yt2ds/stages/align.py:223: UserWarning: torchaudio.functional._alignment.forced_align has been deprecated. This deprecation is part of a large refactoring effort to transition TorchAudio into a maintenance phase. Please see https://github.com/pytorch/audio/issues/3902 for more information. It will be removed from the 2.9 release. 
  paths, scores = AF.forced_align(emissions, targets, blank=blank_id)
14:26:29 INFO    yt2ds.pipeline: lUzMkvCFY7k: aligned 5888/5888 subtitle words
14:26:34 INFO    yt2ds.pipeline: lUzMkvCFY7k: kept 334, rejected 50, 35.3 min of audio in 273s
14:26:34 INFO    yt2ds.pipeline: lUzMkvCFY7k: freed 359 MB
14:26:34 INFO    yt2ds.pipeline: [322/1130] zc4ZiiKE5aI -- زوجي وداني لأهل حبيبته..؟ وزوجة صاحبه كشفت لي المستور...😱🔥😭...ماتوقعت اللي صار؟
Deprecated Feature: Support for Python version 3.10 has been deprecated. Please update to Python 3.11 or above
Deprecated Feature: Support for Python version 3.10 has been deprecated. Please update to Python 3.11 or above
14:26:50 INFO    yt2ds.pipeline: zc4ZiiKE5aI: 2236.1s of audio, -16.4 LUFS
14:26:50 INFO    yt2ds.pipeline: zc4ZiiKE5aI: 5490 subtitle words (yt_auto, ar)
14:26:50 INFO    yt2ds.stages.diarize: diarizing zc4ZiiKE5aI
14:27:55 INFO    yt2ds.stages.diarize: diarizer: 431 turns, 2 speakers, 1 overlap regions
14:27:55 INFO    yt2ds.pipeline: zc4ZiiKE5aI: 2 speakers, 431 turns
14:27:55 INFO    yt2ds.stages.diarize: collapsing 2 speakers to 1 (100% of speech)
14:28:14 INFO    yt2ds.stages.vad: zc4ZiiKE5aI.16k: 134 speech regions, 2201.4s speech of 2236.1s (98%)
14:28:14 INFO    yt2ds.stages.segment: overlap removal dropped 0.1s of speech
14:28:14 INFO    yt2ds.pipeline: zc4ZiiKE5aI: 345 candidate chunks
/home/ai2/saudi-youtube-data/youtube-to-dataset/src/yt2ds/stages/align.py:223: UserWarning: torchaudio.functional._alignment.forced_align has been deprecated. This deprecation is part of a large refactoring effort to transition TorchAudio into a maintenance phase. Please see https://github.com/pytorch/audio/issues/3902 for more information. It will be removed from the 2.9 release. 
  paths, scores = AF.forced_align(emissions, targets, blank=blank_id)
14:30:33 INFO    yt2ds.pipeline: zc4ZiiKE5aI: aligned 5490/5490 subtitle words
14:30:38 INFO    yt2ds.pipeline: zc4ZiiKE5aI: kept 311, rejected 34, 32.9 min of audio in 242s
14:30:38 INFO    yt2ds.pipeline: zc4ZiiKE5aI: freed 319 MB
14:30:38 INFO    yt2ds.pipeline: [323/1130] cYH3Fe3tJVc -- رجال غريب يدخل عمارتنا 😱..؟ ويهدي بنتي الصغيره هدايا..😭💔..اللي صار كارثه.. 🔥😭
Deprecated Feature: Support for Python version 3.10 has been deprecated. Please update to Python 3.11 or above
Deprecated Feature: Support for Python version 3.10 has been deprecated. Please update to Python 3.11 or above
14:30:51 INFO    yt2ds.pipeline: cYH3Fe3tJVc: 1827.4s of audio, -16.9 LUFS
14:30:51 INFO    yt2ds.pipeline: cYH3Fe3tJVc: 4568 subtitle words (yt_auto, ar)
14:30:51 INFO    yt2ds.stages.diarize: diarizing cYH3Fe3tJVc
14:31:45 INFO    yt2ds.stages.diarize: diarizer: 365 turns, 1 speakers, 0 overlap regions
14:31:45 INFO    yt2ds.pipeline: cYH3Fe3tJVc: 1 speakers, 365 turns
14:32:01 INFO    yt2ds.stages.vad: cYH3Fe3tJVc.16k: 143 speech regions, 1793.9s speech of 1827.4s (98%)
14:32:01 INFO    yt2ds.pipeline: cYH3Fe3tJVc: 292 candidate chunks
14:33:32 INFO    yt2ds.stages.speakers: cYH3Fe3tJVc_SPK1: dropped 1/291 chunks as off-centroid
/home/ai2/saudi-youtube-data/youtube-to-dataset/src/yt2ds/stages/align.py:223: UserWarning: torchaudio.functional._alignment.forced_align has been deprecated. This deprecation is part of a large refactoring effort to transition TorchAudio into a maintenance phase. Please see https://github.com/pytorch/audio/issues/3902 for more information. It will be removed from the 2.9 release. 
  paths, scores = AF.forced_align(emissions, targets, blank=blank_id)
14:34:00 INFO    yt2ds.pipeline: cYH3Fe3tJVc: aligned 4568/4568 subtitle words
14:34:04 INFO    yt2ds.pipeline: cYH3Fe3tJVc: kept 260, rejected 32, 26.2 min of audio in 204s
14:34:04 INFO    yt2ds.pipeline: cYH3Fe3tJVc: freed 260 MB
14:34:04 INFO    yt2ds.pipeline: [324/1130] tfR8jIJydFE -- بعد ما جبت له ٥ اطفال يقول اشوفك زي امي...؟ جرحني😭🔥💔
Deprecated Feature: Support for Python version 3.10 has been deprecated. Please update to Python 3.11 or above
Deprecated Feature: Support for Python version 3.10 has been deprecated. Please update to Python 3.11 or above
14:34:15 INFO    yt2ds.pipeline: tfR8jIJydFE: 1515.7s of audio, -16.7 LUFS
14:34:15 INFO    yt2ds.pipeline: tfR8jIJydFE: 3622 subtitle words (yt_auto, ar)
14:34:15 INFO    yt2ds.stages.diarize: diarizing tfR8jIJydFE
14:35:01 INFO    yt2ds.stages.diarize: diarizer: 321 turns, 1 speakers, 0 overlap regions
14:35:01 INFO    yt2ds.pipeline: tfR8jIJydFE: 1 speakers, 321 turns
14:35:14 INFO    yt2ds.stages.vad: tfR8jIJydFE.16k: 120 speech regions, 1482.2s speech of 1515.7s (98%)
14:35:14 INFO    yt2ds.pipeline: tfR8jIJydFE: 240 candidate chunks
14:36:26 INFO    yt2ds.stages.speakers: tfR8jIJydFE_SPK1: dropped 1/240 chunks as off-centroid
/home/ai2/saudi-youtube-data/youtube-to-dataset/src/yt2ds/stages/align.py:223: UserWarning: torchaudio.functional._alignment.forced_align has been deprecated. This deprecation is part of a large refactoring effort to transition TorchAudio into a maintenance phase. Please see https://github.com/pytorch/audio/issues/3902 for more information. It will be removed from the 2.9 release. 
  paths, scores = AF.forced_align(emissions, targets, blank=blank_id)
14:36:47 INFO    yt2ds.pipeline: tfR8jIJydFE: aligned 3622/3622 subtitle words
14:36:50 INFO    yt2ds.pipeline: tfR8jIJydFE: kept 207, rejected 33, 20.6 min of audio in 164s
14:36:50 INFO    yt2ds.pipeline: tfR8jIJydFE: freed 216 MB
14:36:50 INFO    yt2ds.pipeline: [325/1130] xDnAfBkIz_c -- جبت الشرطه لاهلي بالمدرسه.😱.؟ وهاجرت البلد بسبب  عمي..🔥😭💔..؟
Deprecated Feature: Support for Python version 3.10 has been deprecated. Please update to Python 3.11 or above
Deprecated Feature: Support for Python version 3.10 has been deprecated. Please update to Python 3.11 or above
14:37:02 INFO    yt2ds.pipeline: xDnAfBkIz_c: 1680.6s of audio, -16.6 LUFS
14:37:03 INFO    yt2ds.pipeline: xDnAfBkIz_c: 4063 subtitle words (yt_auto, ar)
14:37:03 INFO    yt2ds.stages.diarize: diarizing xDnAfBkIz_c
14:37:52 INFO    yt2ds.stages.diarize: diarizer: 320 turns, 2 speakers, 0 overlap regions
14:37:52 INFO    yt2ds.pipeline: xDnAfBkIz_c: 2 speakers, 320 turns
14:37:52 INFO    yt2ds.stages.diarize: collapsing 2 speakers to 2 (100% of speech)
14:38:06 INFO    yt2ds.stages.vad: xDnAfBkIz_c.16k: 85 speech regions, 1638.6s speech of 1680.6s (98%)
14:38:06 INFO    yt2ds.pipeline: xDnAfBkIz_c: 261 candidate chunks
/home/ai2/saudi-youtube-data/youtube-to-dataset/src/yt2ds/stages/align.py:223: UserWarning: torchaudio.functional._alignment.forced_align has been deprecated. This deprecation is part of a large refactoring effort to transition TorchAudio into a maintenance phase. Please see https://github.com/pytorch/audio/issues/3902 for more information. It will be removed from the 2.9 release. 
  paths, scores = AF.forced_align(emissions, targets, blank=blank_id)
14:39:52 INFO    yt2ds.pipeline: xDnAfBkIz_c: aligned 4063/4063 subtitle words
14:39:56 INFO    yt2ds.pipeline: xDnAfBkIz_c: kept 242, rejected 19, 24.8 min of audio in 184s
14:39:56 INFO    yt2ds.pipeline: xDnAfBkIz_c: freed 239 MB
14:39:56 INFO    yt2ds.pipeline: [326/1130] 6FYYlf0uiJM -- من لقاء عمل تطوعي ..إلى ابتزاز بالصور ..اللي صار صدمه..😭🔥💔..؟
Deprecated Feature: Support for Python version 3.10 has been deprecated. Please update to Python 3.11 or above
Deprecated Feature: Support for Python version 3.10 has been deprecated. Please update to Python 3.11 or above
14:40:11 INFO    yt2ds.pipeline: 6FYYlf0uiJM: 1800.7s of audio, -16.9 LUFS
14:40:11 INFO    yt2ds.pipeline: 6FYYlf0uiJM: 4227 subtitle words (yt_auto, ar)
14:40:11 INFO    yt2ds.stages.diarize: diarizing 6FYYlf0uiJM
14:41:05 INFO    yt2ds.stages.diarize: diarizer: 368 turns, 2 speakers, 0 overlap regions
14:41:05 INFO    yt2ds.pipeline: 6FYYlf0uiJM: 2 speakers, 368 turns
14:41:05 INFO    yt2ds.stages.diarize: collapsing 2 speakers to 2 (100% of speech)
14:41:20 INFO    yt2ds.stages.vad: 6FYYlf0uiJM.16k: 133 speech regions, 1731.5s speech of 1800.7s (96%)
14:41:20 INFO    yt2ds.pipeline: 6FYYlf0uiJM: 281 candidate chunks
/home/ai2/saudi-youtube-data/youtube-to-dataset/src/yt2ds/stages/align.py:223: UserWarning: torchaudio.functional._alignment.forced_align has been deprecated. This deprecation is part of a large refactoring effort to transition TorchAudio into a maintenance phase. Please see https://github.com/pytorch/audio/issues/3902 for more information. It will be removed from the 2.9 release. 
  paths, scores = AF.forced_align(emissions, targets, blank=blank_id)
14:43:14 INFO    yt2ds.pipeline: 6FYYlf0uiJM: aligned 4227/4227 subtitle words
14:43:17 INFO    yt2ds.pipeline: 6FYYlf0uiJM: kept 247, rejected 34, 24.9 min of audio in 200s
14:43:18 INFO    yt2ds.pipeline: 6FYYlf0uiJM: freed 256 MB
14:43:18 INFO    yt2ds.pipeline: [327/1130] BA7ObOyBIFY -- دمرت اختي وصديقتها بلحظة طيش...😓💔..؟ بس دفعت الثمن غالي😭🔥..؟
Deprecated Feature: Support for Python version 3.10 has been deprecated. Please update to Python 3.11 or above
Deprecated Feature: Support for Python version 3.10 has been deprecated. Please update to Python 3.11 or above
14:43:27 INFO    yt2ds.pipeline: BA7ObOyBIFY: 1123.4s of audio, -17.1 LUFS
14:43:27 INFO    yt2ds.pipeline: BA7ObOyBIFY: 2615 subtitle words (yt_auto, ar)
14:43:27 INFO    yt2ds.stages.diarize: diarizing BA7ObOyBIFY
14:44:02 INFO    yt2ds.stages.diarize: diarizer: 230 turns, 1 speakers, 0 overlap regions
14:44:02 INFO    yt2ds.pipeline: BA7ObOyBIFY: 1 speakers, 230 turns
14:44:11 INFO    yt2ds.stages.vad: BA7ObOyBIFY.16k: 67 speech regions, 1105.1s speech of 1123.4s (98%)
14:44:11 INFO    yt2ds.pipeline: BA7ObOyBIFY: 180 candidate chunks
/home/ai2/saudi-youtube-data/youtube-to-dataset/src/yt2ds/stages/align.py:223: UserWarning: torchaudio.functional._alignment.forced_align has been deprecated. This deprecation is part of a large refactoring effort to transition TorchAudio into a maintenance phase. Please see https://github.com/pytorch/audio/issues/3902 for more information. It will be removed from the 2.9 release. 
  paths, scores = AF.forced_align(emissions, targets, blank=blank_id)
14:45:18 INFO    yt2ds.pipeline: BA7ObOyBIFY: aligned 2615/2615 subtitle words
14:45:20 INFO    yt2ds.pipeline: BA7ObOyBIFY: kept 167, rejected 13, 16.8 min of audio in 121s
14:45:20 INFO    yt2ds.pipeline: BA7ObOyBIFY: freed 160 MB
14:45:20 INFO    yt2ds.pipeline: [328/1130] kdSjTkY6uyI -- امي تغار علي من جدتي .. 😱..؟ وتخاصمني لو اهتميت باعمامي..😭💔🔥..؟
Deprecated Feature: Support for Python version 3.10 has been deprecated. Please update to Python 3.11 or above
Deprecated Feature: Support for Python version 3.10 has been deprecated. Please update to Python 3.11 or above
14:45:36 INFO    yt2ds.pipeline: kdSjTkY6uyI: 2222.5s of audio, -16.6 LUFS
14:45:36 INFO    yt2ds.pipeline: kdSjTkY6uyI: 5069 subtitle words (yt_auto, ar)
14:45:36 INFO    yt2ds.stages.diarize: diarizing kdSjTkY6uyI
14:46:41 INFO    yt2ds.stages.diarize: diarizer: 401 turns, 1 speakers, 0 overlap regions
14:46:41 INFO    yt2ds.pipeline: kdSjTkY6uyI: 1 speakers, 401 turns
14:46:59 INFO    yt2ds.stages.vad: kdSjTkY6uyI.16k: 157 speech regions, 2183.6s speech of 2222.5s (98%)
14:46:59 INFO    yt2ds.pipeline: kdSjTkY6uyI: 336 candidate chunks
/home/ai2/saudi-youtube-data/youtube-to-dataset/src/yt2ds/stages/align.py:223: UserWarning: torchaudio.functional._alignment.forced_align has been deprecated. This deprecation is part of a large refactoring effort to transition TorchAudio into a maintenance phase. Please see https://github.com/pytorch/audio/issues/3902 for more information. It will be removed from the 2.9 release. 
  paths, scores = AF.forced_align(emissions, targets, blank=blank_id)
14:49:16 INFO    yt2ds.pipeline: kdSjTkY6uyI: aligned 5069/5069 subtitle words
14:49:21 INFO    yt2ds.pipeline: kdSjTkY6uyI: kept 303, rejected 33, 32.1 min of audio in 238s
14:49:21 INFO    yt2ds.pipeline: kdSjTkY6uyI: freed 317 MB
14:49:21 INFO    yt2ds.pipeline: [329/1130] lNvyyHXXxZE -- أهل زوجي يترجوني ما اترك ولدهم ..؟ وامي زعلانه علي بسبب اللي سويته فيهم..😭💔🔥..؟
Deprecated Feature: Support for Python version 3.10 has been deprecated. Please update to Python 3.11 or above
Deprecated Feature: Support for Python version 3.10 has been deprecated. Please update to Python 3.11 or above
14:49:34 INFO    yt2ds.pipeline: lNvyyHXXxZE: 1561.0s of audio, -16.7 LUFS
14:49:34 INFO    yt2ds.pipeline: lNvyyHXXxZE: 3707 subtitle words (yt_auto, ar)
14:49:34 INFO    yt2ds.stages.diarize: diarizing lNvyyHXXxZE
14:50:21 INFO    yt2ds.stages.diarize: diarizer: 323 turns, 2 speakers, 0 overlap regions
14:50:21 INFO    yt2ds.pipeline: lNvyyHXXxZE: 2 speakers, 323 turns
14:50:21 INFO    yt2ds.stages.diarize: collapsing 2 speakers to 1 (100% of speech)
14:50:34 INFO    yt2ds.stages.vad: lNvyyHXXxZE.16k: 106 speech regions, 1515.6s speech of 1561.0s (97%)
14:50:34 INFO    yt2ds.pipeline: lNvyyHXXxZE: 245 candidate chunks
14:51:49 INFO    yt2ds.stages.speakers: lNvyyHXXxZE_SPK1: dropped 1/245 chunks as off-centroid
/home/ai2/saudi-youtube-data/youtube-to-dataset/src/yt2ds/stages/align.py:223: UserWarning: torchaudio.functional._alignment.forced_align has been deprecated. This deprecation is part of a large refactoring effort to transition TorchAudio into a maintenance phase. Please see https://github.com/pytorch/audio/issues/3902 for more information. It will be removed from the 2.9 release. 
  paths, scores = AF.forced_align(emissions, targets, blank=blank_id)
14:52:11 INFO    yt2ds.pipeline: lNvyyHXXxZE: aligned 3707/3707 subtitle words
14:52:14 INFO    yt2ds.pipeline: lNvyyHXXxZE: kept 225, rejected 20, 23.0 min of audio in 171s
14:52:14 INFO    yt2ds.pipeline: lNvyyHXXxZE: freed 222 MB
14:52:14 INFO    yt2ds.pipeline: [330/1130] DMw_LaKJgKA -- زوجي وصديقتي ضدي ويهددني يخليني خدامه عندها .. والسبب..💔😱🔥..؟
Deprecated Feature: Support for Python version 3.10 has been deprecated. Please update to Python 3.11 or above
Deprecated Feature: Support for Python version 3.10 has been deprecated. Please update to Python 3.11 or above
14:52:24 INFO    yt2ds.pipeline: DMw_LaKJgKA: 1325.0s of audio, -16.5 LUFS
14:52:24 INFO    yt2ds.pipeline: DMw_LaKJgKA: 3117 subtitle words (yt_auto, ar)
14:52:24 INFO    yt2ds.stages.diarize: diarizing DMw_LaKJgKA
14:53:05 INFO    yt2ds.stages.diarize: diarizer: 263 turns, 1 speakers, 0 overlap regions
14:53:05 INFO    yt2ds.pipeline: DMw_LaKJgKA: 1 speakers, 263 turns
14:53:16 INFO    yt2ds.stages.vad: DMw_LaKJgKA.16k: 96 speech regions, 1295.1s speech of 1325.0s (98%)
14:53:16 INFO    yt2ds.pipeline: DMw_LaKJgKA: 209 candidate chunks
14:54:23 INFO    yt2ds.stages.speakers: DMw_LaKJgKA_SPK1: dropped 1/209 chunks as off-centroid
/home/ai2/saudi-youtube-data/youtube-to-dataset/src/yt2ds/stages/align.py:223: UserWarning: torchaudio.functional._alignment.forced_align has been deprecated. This deprecation is part of a large refactoring effort to transition TorchAudio into a maintenance phase. Please see https://github.com/pytorch/audio/issues/3902 for more information. It will be removed from the 2.9 release. 
  paths, scores = AF.forced_align(emissions, targets, blank=blank_id)
14:54:41 INFO    yt2ds.pipeline: DMw_LaKJgKA: aligned 3117/3117 subtitle words
14:54:44 INFO    yt2ds.pipeline: DMw_LaKJgKA: kept 190, rejected 19, 19.7 min of audio in 148s
14:54:44 INFO    yt2ds.pipeline: DMw_LaKJgKA: freed 189 MB
14:54:44 INFO    yt2ds.pipeline: [331/1130] FK6oMiizU7M -- سلفتي كشفت لي زوجي من هديه جبتها لها ...😱💔.؟/  اللي سواه فيني صدمه.. 😭
Deprecated Feature: Support for Python version 3.10 has been deprecated. Please update to Python 3.11 or above
Deprecated Feature: Support for Python version 3.10 has been deprecated. Please update to Python 3.11 or above
14:54:55 INFO    yt2ds.pipeline: FK6oMiizU7M: 1501.0s of audio, -16.9 LUFS
14:54:55 INFO    yt2ds.pipeline: FK6oMiizU7M: 3466 subtitle words (yt_auto, ar)
14:54:55 INFO    yt2ds.stages.diarize: diarizing FK6oMiizU7M
14:55:41 INFO    yt2ds.stages.diarize: diarizer: 297 turns, 2 speakers, 0 overlap regions
14:55:41 INFO    yt2ds.pipeline: FK6oMiizU7M: 2 speakers, 297 turns
14:55:41 INFO    yt2ds.stages.diarize: collapsing 2 speakers to 2 (100% of speech)
14:55:54 INFO    yt2ds.stages.vad: FK6oMiizU7M.16k: 109 speech regions, 1435.7s speech of 1501.0s (96%)
14:55:54 INFO    yt2ds.pipeline: FK6oMiizU7M: 236 candidate chunks
